scheme_id,et_fund_name,et_category,et_fund_house,mf_scheme_code,mf_scheme_name,mf_scheme_category,isin_growth,match_score,match_status,match_tier,score_gap,candidate_count,alt_candidates
43350,360 ONE ELSS Tax Saver Nifty 50 Index Fund,ELSS,360 One Mutual Fund,,,,,,excluded_index,out_of_scope,,0,
43622,Navi ELSS Tax Saver Nifty 50 Index Fund,ELSS,Navi Mutual Fund,,,,,,excluded_index,out_of_scope,,0,
41971,Aditya Birla Sun Life Nifty 50 Equal Weight Index Fund,Large Cap Index,Aditya Birla Sun Life Mutual Fund,,,,,,excluded_index,out_of_scope,,0,
1292,Aditya Birla Sun Life Nifty 50 Index Fund,Large Cap Index,Aditya Birla Sun Life Mutual Fund,,,,,,excluded_index,out_of_scope,,0,
42525,Aditya Birla Sun Life Nifty Next 50 Index Fund,Large Cap Index,Aditya Birla Sun Life Mutual Fund,,,,,,excluded_index,out_of_scope,,0,
44513,Axis BSE Sensex Index Fund,Large Cap Index,Axis Mutual Fund,,,,,,excluded_index,out_of_scope,,0,
40769,Axis Nifty 100 Index Fund,Large Cap Index,Axis Mutual Fund,,,,,,excluded_index,out_of_scope,,0,
42323,Axis Nifty 50 Index Fund,Large Cap Index,Axis Mutual Fund,,,,,,excluded_index,out_of_scope,,0,
42409,Axis Nifty Next 50 Index Fund,Large Cap Index,Axis Mutual Fund,,,,,,excluded_index,out_of_scope,,0,
45481,Bajaj Finserv Nifty 50 Index Fund,Large Cap Index,Bajaj Finserv Mutual Fund,,,,,,excluded_index,out_of_scope,,0,
45461,Bajaj Finserv Nifty Next 50 Index Fund,Large Cap Index,Bajaj Finserv Mutual Fund,,,,,,excluded_index,out_of_scope,,0,
42529,Bandhan Nifty 100 Index Fund,Large Cap Index,Bandhan Mutual Fund,,,,,,excluded_index,out_of_scope,,0,
10787,Bandhan Nifty 50 Index Fund,Large Cap Index,Bandhan Mutual Fund,,,,,,excluded_index,out_of_scope,,0,
45213,Bandhan Nifty Alpha Low Volatility 30 Index Fund,Large Cap Index,Bandhan Mutual Fund,,,,,,excluded_index,out_of_scope,,0,
45338,Bandhan Nifty Next 50 Index Fund,Large Cap Index,Bandhan Mutual Fund,,,,,,excluded_index,out_of_scope,,0,
42986,Bandhan Nifty100 Low Volatility 30 Index Fund,Large Cap Index,Bandhan Mutual Fund,,,,,,excluded_index,out_of_scope,,0,
44350,Baroda BNP Paribas NIFTY 50 Index Fund,Large Cap Index,Baroda BNP Paribas Mutual Fund,,,,,,excluded_index,out_of_scope,,0,
45225,DSP BSE Sensex Next 30 Index Fund,Large Cap Index,DSP Mutual Fund,,,,,,excluded_index,out_of_scope,,0,
35180,DSP Nifty 50 Equal Weight Index Fund,Large Cap Index,DSP Mutual Fund,,,,,,excluded_index,out_of_scope,,0,
39611,DSP Nifty 50 Index Fund,Large Cap Index,DSP Mutual Fund,,,,,,excluded_index,out_of_scope,,0,
39641,DSP Nifty Next 50 Index Fund,Large Cap Index,DSP Mutual Fund,,,,,,excluded_index,out_of_scope,,0,
44852,DSP Nifty Top 10 Equal Weight Index Fund,Large Cap Index,DSP Mutual Fund,,,,,,excluded_index,out_of_scope,,0,
32926,Edelweiss Nifty 100 Quality 30 Index Fund,Large Cap Index,Edelweiss Mutual Fund,,,,,,excluded_index,out_of_scope,,0,
29701,Edelweiss Nifty 50 Index Fund,Large Cap Index,Edelweiss Mutual Fund,,,,,,excluded_index,out_of_scope,,0,
44668,Edelweiss Nifty Alpha Low Volatility 30 Index Fund,Large Cap Index,Edelweiss Mutual Fund,,,,,,excluded_index,out_of_scope,,0,
43246,Edelweiss Nifty Next 50 Index Fund,Large Cap Index,Edelweiss Mutual Fund,,,,,,excluded_index,out_of_scope,,0,
32500,Franklin India NSE Nifty 50 Index,Large Cap Index,Franklin Templeton Mutual Fund,,,,,,excluded_index,out_of_scope,,0,
1219,HDFC BSE Sensex Index Fund,Large Cap Index,HDFC Mutual Fund,,,,,,excluded_index,out_of_scope,,0,
42547,HDFC NIFTY 100 Equal Weight Index Fund,Large Cap Index,HDFC Mutual Fund,,,,,,excluded_index,out_of_scope,,0,
42264,HDFC NIFTY Next 50 Index Fund,Large Cap Index,HDFC Mutual Fund,,,,,,excluded_index,out_of_scope,,0,
44764,HDFC NIFTY100 Low Volatility 30 Index Fund,Large Cap Index,HDFC Mutual Fund,,,,,,excluded_index,out_of_scope,,0,
42103,HDFC NIFTY50 Equal Weight Index Fund,Large Cap Index,HDFC Mutual Fund,,,,,,excluded_index,out_of_scope,,0,
42545,HDFC Nifty 100 Index Fund,Large Cap Index,HDFC Mutual Fund,,,,,,excluded_index,out_of_scope,,0,
1218,HDFC Nifty 50 Index Fund,Large Cap Index,HDFC Mutual Fund,,,,,,excluded_index,out_of_scope,,0,
45393,HDFC Nifty Top 20 Equal Weight Index Fund,Large Cap Index,HDFC Mutual Fund,,,,,,excluded_index,out_of_scope,,0,
45269,HDFC Nifty100 Quality 30 Index Fund,Large Cap Index,HDFC Mutual Fund,,,,,,excluded_index,out_of_scope,,0,
41441,HSBC Nifty 50 Index Fund,Large Cap Index,HSBC Mutual Fund,,,,,,excluded_index,out_of_scope,,0,
41445,HSBC Nifty Next 50 Index Fund,Large Cap Index,HSBC Mutual Fund,,,,,,excluded_index,out_of_scope,,0,
35134,ICICI Prudential BSE Sensex Index Fund,Large Cap Index,ICICI Prudential Mutual Fund,,,,,,excluded_index,out_of_scope,,0,
1088,ICICI Prudential Nifty 50 Index Fund,Large Cap Index,ICICI Prudential Mutual Fund,,,,,,excluded_index,out_of_scope,,0,
10863,ICICI Prudential Nifty Next 50 Index Fund,Large Cap Index,ICICI Prudential Mutual Fund,,,,,,excluded_index,out_of_scope,,0,
45586,ICICI Prudential Nifty Top 15 Equal Weight Index Fund,Large Cap Index,ICICI Prudential Mutual Fund,,,,,,excluded_index,out_of_scope,,0,
42990,ICICI Prudential Nifty50 Equal Weight Index Fund,Large Cap Index,ICICI Prudential Mutual Fund,,,,,,excluded_index,out_of_scope,,0,
44433,ICICI Prudential Nifty50 Value 20 Index Fund,Large Cap Index,ICICI Prudential Mutual Fund,,,,,,excluded_index,out_of_scope,,0,
45261,Kotak BSE Sensex Index Fund,Large Cap Index,Kotak Mahindra Mutual Fund,,,,,,excluded_index,out_of_scope,,0,
44709,Kotak NIFTY 100 Low Volatility 30 Index Fund,Large Cap Index,Kotak Mahindra Mutual Fund,,,,,,excluded_index,out_of_scope,,0,
45153,Kotak Nifty 100 Equal Weight Index Fund,Large Cap Index,Kotak Mahindra Mutual Fund,,,,,,excluded_index,out_of_scope,,0,
45157,Kotak Nifty 50 Equal Weight Index Fund,Large Cap Index,Kotak Mahindra Mutual Fund,,,,,,excluded_index,out_of_scope,,0,
41983,Kotak Nifty 50 Index Fund,Large Cap Index,Kotak Mahindra Mutual Fund,,,,,,excluded_index,out_of_scope,,0,
41793,Kotak Nifty Next 50 Index Fund,Large Cap Index,Kotak Mahindra Mutual Fund,,,,,,excluded_index,out_of_scope,,0,
45449,Kotak Nifty Top 10 Equal Weight Index Fund,Large Cap Index,Kotak Mahindra Mutual Fund,,,,,,excluded_index,out_of_scope,,0,
1326,LIC MF BSE Sensex Index Fund,Large Cap Index,LIC Mutual Fund,,,,,,excluded_index,out_of_scope,,0,
1325,LIC MF Nifty 50 Index Fund,Large Cap Index,LIC Mutual Fund,,,,,,excluded_index,out_of_scope,,0,
11114,LIC MF Nifty Next 50 Index Fund,Large Cap Index,LIC Mutual Fund,,,,,,excluded_index,out_of_scope,,0,
44977,Mirae Asset Nifty 50 Index Fund,Large Cap Index,Mirae Asset Mutual Fund,,,,,,excluded_index,out_of_scope,,0,
40943,Motilal Oswal Nifty 50 Index Fund,Large Cap Index,Motilal Oswal Mutual Fund,,,,,,excluded_index,out_of_scope,,0,
40941,Motilal Oswal Nifty Next 50 Index Fund,Large Cap Index,Motilal Oswal Mutual Fund,,,,,,excluded_index,out_of_scope,,0,
44129,Navi BSE Sensex Index Fund,Large Cap Index,Navi Mutual Fund,,,,,,excluded_index,out_of_scope,,0,
42041,Navi Nifty 50 Index Fund,Large Cap Index,Navi Mutual Fund,,,,,,excluded_index,out_of_scope,,0,
42401,Navi Nifty Next 50 Index Fund,Large Cap Index,Navi Mutual Fund,,,,,,excluded_index,out_of_scope,,0,
45545,Nippon India BSE Sensex Next 30 Index Fund,Large Cap Index,Nippon India Mutual Fund,,,,,,excluded_index,out_of_scope,,0,
11147,Nippon India Index Fund - Nifty 50 Plan,Large Cap Index,Nippon India Mutual Fund,,,,,,excluded_index,out_of_scope,,0,
11152,Nippon India Index Fund BSE Sensex Plan,Large Cap Index,Nippon India Mutual Fund,,,,,,excluded_index,out_of_scope,,0,
41757,Nippon India Nifty 50 Value 20 Index Fund,Large Cap Index,Nippon India Mutual Fund,,,,,,excluded_index,out_of_scope,,0,
42855,Nippon India Nifty Alpha Low Volatility 30 Index Fund,Large Cap Index,Nippon India Mutual Fund,,,,,,excluded_index,out_of_scope,,0,
43931,SBI BSE Sensex Index Fund,Large Cap Index,SBI Mutual Fund,,,,,,excluded_index,out_of_scope,,0,
1016,SBI Nifty Index Fund,Large Cap Index,SBI Mutual Fund,,,,,,excluded_index,out_of_scope,,0,
41958,SBI Nifty Next 50 Index Fund,Large Cap Index,SBI Mutual Fund,,,,,,excluded_index,out_of_scope,,0,
45694,SBI Nifty100 Low Volatility 30 Index Fund,Large Cap Index,SBI Mutual Fund,,,,,,excluded_index,out_of_scope,,0,
44438,SBI Nifty50 Equal Weight Index Fund,Large Cap Index,SBI Mutual Fund,,,,,,excluded_index,out_of_scope,,0,
32325,Sundaram Nifty 100 Equal Weight Fund,Large Cap Index,Sundaram Mutual Fund,,,,,,excluded_index,out_of_scope,,0,
1397,Tata BSE Sensex Index Fund,Large Cap Index,Tata Mutual Fund,,,,,,excluded_index,out_of_scope,,0,
45823,Tata Nifty Next 50 Index Fund,Large Cap Index,Tata Mutual Fund,,,,,,excluded_index,out_of_scope,,0,
42492,UTI BSE Sensex Index Fund,Large Cap Index,UTI Mutual Fund,,,,,,excluded_index,out_of_scope,,0,
43929,UTI NIFTY50 Equal Weight Index Fund,Large Cap Index,UTI Mutual Fund,,,,,,excluded_index,out_of_scope,,0,
32438,UTI Nifty 50 Index Fund,Large Cap Index,UTI Mutual Fund,,,,,,excluded_index,out_of_scope,,0,
45085,UTI Nifty Alpha Low-Volatility 30 Index Fund,Large Cap Index,UTI Mutual Fund,,,,,,excluded_index,out_of_scope,,0,
36974,UTI Nifty Next 50 Index Fund,Large Cap Index,UTI Mutual Fund,,,,,,excluded_index,out_of_scope,,0,
41851,Aditya Birla Sun Life Nifty Midcap 150 Index Fund,Mid Cap Index,Aditya Birla Sun Life Mutual Fund,,,,,,excluded_index,out_of_scope,,0,
42611,Axis Nifty Midcap 50 Index Fund,Mid Cap Index,Axis Mutual Fund,,,,,,excluded_index,out_of_scope,,0,
44890,Bandhan Nifty Midcap 150 Index Fund,Mid Cap Index,Bandhan Mutual Fund,,,,,,excluded_index,out_of_scope,,0,
45009,Baroda BNP Paribas Nifty Midcap 150 Index Fund,Mid Cap Index,Baroda BNP Paribas Mutual Fund,,,,,,excluded_index,out_of_scope,,0,
45975,DSP Nifty Midcap 150 Index Fund,Mid Cap Index,DSP Mutual Fund,,,,,,excluded_index,out_of_scope,,0,
42763,DSP Nifty Midcap 150 Quality 50 Index Fund,Mid Cap Index,DSP Mutual Fund,,,,,,excluded_index,out_of_scope,,0,
43254,Edelweiss Nifty Midcap150 Momentum 50 Index Fund,Mid Cap Index,Edelweiss Mutual Fund,,,,,,excluded_index,out_of_scope,,0,
43881,HDFC NIFTY Midcap 150 Index Fund,Mid Cap Index,HDFC Mutual Fund,,,,,,excluded_index,out_of_scope,,0,
42356,ICICI Prudential Nifty Midcap 150 Index Fund,Mid Cap Index,ICICI Prudential Mutual Fund,,,,,,excluded_index,out_of_scope,,0,
45389,Kotak Nifty Midcap 150 Index Fund,Mid Cap Index,Kotak Mahindra Mutual Fund,,,,,,excluded_index,out_of_scope,,0,
44931,Kotak Nifty Midcap 150 Momentum 50 Index Fund,Mid Cap Index,Kotak Mahindra Mutual Fund,,,,,,excluded_index,out_of_scope,,0,
44804,Kotak Nifty Midcap 50 Index Fund,Mid Cap Index,Kotak Mahindra Mutual Fund,,,,,,excluded_index,out_of_scope,,0,
45568,Motilal Oswal BSE 1000 Index Fund,Mid Cap Index,Motilal Oswal Mutual Fund,,,,,,excluded_index,out_of_scope,,0,
40718,Motilal Oswal Nifty Midcap 150 Index Fund,Mid Cap Index,Motilal Oswal Mutual Fund,,,,,,excluded_index,out_of_scope,,0,
45980,Navi Nifty MidSmallcap 400 Index Fund,Mid Cap Index,Navi Mutual Fund,,,,,,excluded_index,out_of_scope,,0,
42575,Navi Nifty Midcap 150 Index Fund,Mid Cap Index,Navi Mutual Fund,,,,,,excluded_index,out_of_scope,,0,
41761,Nippon India Nifty Midcap 150 Index Fund,Mid Cap Index,Nippon India Mutual Fund,,,,,,excluded_index,out_of_scope,,0,
43027,SBI Nifty Midcap 150 Index Fund,Mid Cap Index,SBI Mutual Fund,,,,,,excluded_index,out_of_scope,,0,
45570,Tata Nifty Midcap 150 Index Fund,Mid Cap Index,Tata Mutual Fund,,,,,,excluded_index,out_of_scope,,0,
43097,Tata Nifty Midcap 150 Momentum 50 Index Fund,Mid Cap Index,Tata Mutual Fund,,,,,,excluded_index,out_of_scope,,0,
45083,UTI Nifty Midcap 150 Index Fund,Mid Cap Index,UTI Mutual Fund,,,,,,excluded_index,out_of_scope,,0,
42707,UTI Nifty Midcap 150 Quality 50 Index Fund,Mid Cap Index,UTI Mutual Fund,,,,,,excluded_index,out_of_scope,,0,
45267,UTI Nifty Midsmallcap 400 Momentum Quality 100 Index Fund,Mid Cap Index,UTI Mutual Fund,,,,,,excluded_index,out_of_scope,,0,
41855,Aditya Birla Sun Life Nifty Smallcap 50 Index Fund,Small Cap Index,Aditya Birla Sun Life Mutual Fund,,,,,,excluded_index,out_of_scope,,0,
42571,Axis Nifty Smallcap 50 Index Fund,Small Cap Index,Axis Mutual Fund,,,,,,excluded_index,out_of_scope,,0,
44322,Bandhan Nifty Smallcap 250 Index Fund,Small Cap Index,Bandhan Mutual Fund,,,,,,excluded_index,out_of_scope,,0,
45982,DSP Nifty Smallcap 250 Index Fund,Small Cap Index,DSP Mutual Fund,,,,,,excluded_index,out_of_scope,,0,
44306,DSP Nifty Smallcap250 Quality 50 Index Fund,Small Cap Index,DSP Mutual Fund,,,,,,excluded_index,out_of_scope,,0,
43250,Edelweiss Nifty Smallcap 250 Index Fund,Small Cap Index,Edelweiss Mutual Fund,,,,,,excluded_index,out_of_scope,,0,
43890,HDFC NIFTY Smallcap 250 Index Fund,Small Cap Index,HDFC Mutual Fund,,,,,,excluded_index,out_of_scope,,0,
42252,ICICI Prudential Nifty Smallcap 250 Index Fund,Small Cap Index,ICICI Prudential Mutual Fund,,,,,,excluded_index,out_of_scope,,0,
45221,Kotak Nifty Smallcap 250 Index Fund,Small Cap Index,Kotak Mahindra Mutual Fund,,,,,,excluded_index,out_of_scope,,0,
43762,Kotak Nifty Smallcap 50 Index Fund,Small Cap Index,Kotak Mahindra Mutual Fund,,,,,,excluded_index,out_of_scope,,0,
43981,Motilal Oswal Nifty Microcap 250 Index Fund,Small Cap Index,Motilal Oswal Mutual Fund,,,,,,excluded_index,out_of_scope,,0,
40720,Motilal Oswal Nifty Smallcap 250 Index Fund,Small Cap Index,Motilal Oswal Mutual Fund,,,,,,excluded_index,out_of_scope,,0,
45369,Navi Nifty Smallcap250 Momentum Quality 100 Index Fund,Small Cap Index,Navi Mutual Fund,,,,,,excluded_index,out_of_scope,,0,
44873,Nippon India Nifty 500 Equal Weight Index Fund,Small Cap Index,Nippon India Mutual Fund,,,,,,excluded_index,out_of_scope,,0,
41597,Nippon India Nifty Smallcap 250 Index Fund,Small Cap Index,Nippon India Mutual Fund,,,,,,excluded_index,out_of_scope,,0,
43023,SBI Nifty Smallcap 250 Index Fund,Small Cap Index,SBI Mutual Fund,,,,,,excluded_index,out_of_scope,,0,
32212,Aditya Birla Sun Life Equity Hybrid '95 Fund,Aggressive Hybrid,Aditya Birla Sun Life Mutual Fund,120517,Aditya Birla Sun Life Equity Hybrid'95 Fund - Direct Plan-Growth,Hybrid Scheme - Aggressive Hybrid Fund,,100.0,auto_ok,name_fuzzy,12.5,881,147844:87.5; 119517:85.0; 132995:83.6
37614,Axis Aggressive Hybrid Fund,Aggressive Hybrid,Axis Mutual Fund,144394,Axis Aggressive Hybrid Fund - Direct Plan - Growth Option,Hybrid Scheme - Aggressive Hybrid Fund,,100.0,auto_ok,name_fuzzy,4.4,881,119019:95.6; 118624:89.7; 120484:89.6
33762,Bandhan Aggressive Hybrid Fund,Aggressive Hybrid,Bandhan Mutual Fund,140382,Bandhan Aggressive Hybrid Fund-Direct Plan Growth,Hybrid Scheme - Aggressive Hybrid Fund,,85.9,approved,review_app,,1,
33105,Bank of India Mid & Small Cap Equity & Debt Fund,Aggressive Hybrid,Bank Of India Mutual Fund,139527,BANK OF INDIA MID & SMALL CAP EQUITY & DEBT FUND - DIRECT PLAN GROWTH,Hybrid Scheme - Aggressive Hybrid Fund,,92.24,approved,review_app,,1,
34328,Baroda BNP Paribas Aggressive Hybrid Fund,Aggressive Hybrid,Baroda BNP Paribas Mutual Fund,150260,Baroda BNP Paribas Aggressive Hybrid Fund- DIRECT PLAN - GROWTH OPTION,Hybrid Scheme - Aggressive Hybrid Fund,,100.0,auto_ok,name_fuzzy,16.1,881,150865:83.9; 119019:79.6; 119053:78.5
31854,Canara Robeco Equity Hybrid Fund,Aggressive Hybrid,Canara Robeco Mutual Fund,118272,CANARA ROBECO EQUITY HYBRID FUND - DIRECT PLAN - GROWTH OPTION,Hybrid Scheme - Aggressive Hybrid Fund,,100.0,auto_ok,name_fuzzy,15.0,881,118309:85.0; 150817:80.9; 119609:79.1
32299,DSP Aggressive Hybrid Fund,Aggressive Hybrid,DSP Mutual Fund,119019,DSP Aggressive Hybrid Fund - Direct Plan - Growth,Hybrid Scheme - Aggressive Hybrid Fund,,100.0,auto_ok,name_fuzzy,4.4,881,144394:95.6; 120484:91.3; 118624:91.2
10271,Edelweiss Aggressive Hybrid Fund,Aggressive Hybrid,Edelweiss Mutual Fund,118624,Edelweiss Aggressive Hybrid Fund-Direct Plan-Growth Option,Hybrid Scheme - Aggressive Hybrid Fund,,100.0,auto_ok,name_fuzzy,8.8,881,119019:91.2; 144394:89.7; 120484:82.2
32375,Franklin India Aggressive Hybrid Fund,Aggressive Hybrid,Franklin Templeton Mutual Fund,118546,Franklin India Aggressive Hybrid Fund - Direct - Growth,Hybrid Scheme - Aggressive Hybrid Fund,,100.0,auto_ok,name_fuzzy,13.4,881,118574:86.6; 144394:83.1; 138386:82.9
2483,HDFC Hybrid Equity Fund,Aggressive Hybrid,HDFC Mutual Fund,119062,HDFC Hybrid Equity Fund - Growth Option - Direct Plan,Hybrid Scheme - Aggressive Hybrid Fund,,100.0,auto_ok,name_fuzzy,3.7,881,145228:96.3; 119118:91.4; 119347:85.0
11660,HSBC Aggressive Hybrid Fund,Aggressive Hybrid,HSBC Mutual Fund,151122,HSBC Aggressive Hybrid Fund - Direct Growth,Hybrid Scheme - Aggressive Hybrid Fund,,89.4,approved,review_app,,1,
32369,ICICI Prudential Equity & Debt Fund,Aggressive Hybrid,ICICI Prudential Mutual Fund,120251,ICICI Prudential Equity & Debt Fund - Direct Plan - Growth,Hybrid Scheme - Aggressive Hybrid Fund,,100.0,auto_ok,name_fuzzy,8.8,881,150539:91.2; 120364:89.5; 120186:87.2
37022,Invesco India Aggressive Hybrid Fund,Aggressive Hybrid,Invesco Mutual Fund,143537,Invesco India Aggressive Hybrid Fund - Direct Plan - Growth,Hybrid Scheme - Aggressive Hybrid Fund,,100.0,auto_ok,name_fuzzy,16.1,881,138386:83.9; 147446:83.9; 148592:83.1
31885,JM Aggressive Hybrid Fund,Aggressive Hybrid,JM Financial Mutual Fund,120484,JM Aggressive Hybrid Fund (Direct) - Growth Option,Hybrid Scheme - Aggressive Hybrid Fund,,100.0,auto_ok,name_fuzzy,4.8,881,120674:95.2; 120261:93.9; 119053:93.5
28150,Kotak Aggressive Hybrid Fund,Aggressive Hybrid,Kotak Mahindra Mutual Fund,133035,Kotak Aggressive Hybrid Fund - Direct Plan -Growth,Hybrid Scheme - Aggressive Hybrid Fund,,100.0,auto_ok,name_fuzzy,4.1,881,119053:95.9; 120674:93.9; 143163:92.3
31919,LIC MF Aggressive Hybrid Fund,Aggressive Hybrid,LIC Mutual Fund,120261,LIC MF Aggressive Hybrid Fund-Direct Plan-Growth,Hybrid Scheme - Aggressive Hybrid Fund,,100.0,auto_ok,name_fuzzy,6.1,881,120484:93.9; 120674:92.3; 143163:90.7
40569,Mahindra Manulife Aggressive Hybrid Fund,Aggressive Hybrid,Mahindra Manulife Mutual Fund,147446,Mahindra Manulife Aggressive Hybrid Fund - Direct Plan -Growth,Hybrid Scheme - Aggressive Hybrid Fund,,100.0,auto_ok,name_fuzzy,16.1,881,143537:83.9; 120261:83.3; 134813:80.7
30101,Mirae Asset Aggressive Hybrid Fund,Aggressive Hybrid,Mirae Asset Mutual Fund,134813,Mirae Asset Aggressive Hybrid Fund - Direct Plan - Growth,Hybrid Scheme - Aggressive Hybrid Fund,,100.0,auto_ok,name_fuzzy,13.0,881,144394:87.0; 120484:86.4; 119019:85.0
36421,Navi Aggressive Hybrid Fund,Aggressive Hybrid,Navi Mutual Fund,143163,Navi Aggressive Hybrid Fund - Direct Plan - Growth,Hybrid Scheme - Aggressive Hybrid Fund,,100.0,auto_ok,name_fuzzy,4.1,881,148592:95.9; 120674:95.6; 119053:93.9
2605,Nippon India Aggressive Hybrid Fund,Aggressive Hybrid,Nippon India Mutual Fund,118794,Nippon India Aggressive Hybrid Fund  - Direct Plan Growth Plan,Hybrid Scheme - Aggressive Hybrid Fund,,84.47,approved,review_app,,1,
1883,PGIM India Aggressive Hybrid Equity Fund,Aggressive Hybrid,PGIM India Mutual Fund,138386,PGIM India Aggressive Hybrid Equity Fund - Direct Plan - Growth,Hybrid Scheme - Aggressive Hybrid Fund,,100.0,auto_ok,name_fuzzy,16.1,881,143537:83.9; 118546:82.9; 134813:80.7
32603,Quant Aggressive Hybrid Fund,Aggressive Hybrid,Quant Mutual Fund,120819,quant Aggressive Hybrid Fund-Growth Option-Direct Plan,Hybrid Scheme - Aggressive Hybrid Fund,,100.0,auto_ok,name_fuzzy,2.4,881,120674:97.6; 119053:95.9; 148592:94.3
31983,SBI Equity Hybrid Fund,Aggressive Hybrid,SBI Mutual Fund,119609,SBI EQUITY HYBRID FUND - DIRECT PLAN - Growth,Hybrid Scheme - Aggressive Hybrid Fund,,100.0,auto_ok,name_fuzzy,1.7,881,139971:98.3; 119347:91.4; 119062:85.0
32397,Sundaram Aggressive Hybrid Fund,Aggressive Hybrid,Sundaram Mutual Fund,149601,Sundaram Aggressive Hybrid Fund (Formerly Known as Principal Hybrid Equity Fund)- Direct Plan - Growth Option,Hybrid Scheme - Aggressive Hybrid Fund,,66.88,approved,review_app,,1,
31990,Tata Aggressive Hybrid Fund,Aggressive Hybrid,Tata Mutual Fund,119053,Tata Aggressive Hybrid Fund -Direct Plan- Growth Option,Hybrid Scheme - Aggressive Hybrid Fund,,100.0,auto_ok,name_fuzzy,4.1,881,133035:95.9; 120674:95.6; 143163:93.9
32063,UTI Aggressive Hybrid Fund,Aggressive Hybrid,UTI Mutual Fund,120674,UTI Aggressive Hybrid Fund -Direct Plan - Growth,Hybrid Scheme - Aggressive Hybrid Fund,,100.0,auto_ok,name_fuzzy,2.4,881,120819:97.6; 148592:97.6; 119053:95.6
41652,Union Aggressive Hybrid Fund,Aggressive Hybrid,Union Mutual Fund,148592,Union Aggressive Hybrid Fund - Direct Plan - Growth Option,Hybrid Scheme - Aggressive Hybrid Fund,,100.0,auto_ok,name_fuzzy,2.4,881,120674:97.6; 143163:95.9; 120819:94.3
10250,Aditya Birla Sun Life Arbitrage Fund,Arbitrage,Aditya Birla Sun Life Mutual Fund,119526,Aditya Birla Sun Life Arbitrage Fund - Growth - Direct Plan,Hybrid Scheme - Arbitrage Fund,,100.0,auto_ok,name_fuzzy,16.0,881,131670:84.0; 119646:83.8; 119659:81.5
27105,Axis Arbitrage Fund,Arbitrage,Axis Mutual Fund,130773,Axis Arbitrage Fund - Direct Plan - Growth,Hybrid Scheme - Arbitrage Fund,,100.0,auto_ok,name_fuzzy,8.5,881,142283:91.5; 130206:84.1; 118474:83.0
44153,Bajaj Finserv Arbitrage Fund,Arbitrage,Bajaj Finserv Mutual Fund,152077,Bajaj Finserv Arbitrage Fund-Direct Plan-Growth,Hybrid Scheme - Arbitrage Fund,,100.0,auto_ok,name_fuzzy,18.4,881,130773:81.6; 118474:81.0; 152194:78.8
3778,Bandhan Arbitrage Fund,Arbitrage,Bandhan Mutual Fund,118474,BANDHAN Arbitrage Fund-Direct Plan- Growth,Hybrid Scheme - Arbitrage Fund,,100.0,auto_ok,name_fuzzy,15.0,881,142283:85.0; 130773:83.0; 154236:80.0
36872,Bank of India Arbitrage Fund,Arbitrage,Bank Of India Mutual Fund,143614,BANK OF INDIA Arbitrage Fund Direct Plan Growth,Hybrid Scheme - Arbitrage Fund,,84.7,approved,review_app,,1,
33736,Baroda BNP Paribas Arbitrage Fund,Arbitrage,Baroda BNP Paribas Mutual Fund,150251,BARODA BNP PARIBAS ARBITRAGE FUND-DIRECT PLAN-GROWTH OPTION,Hybrid Scheme - Arbitrage Fund,,100.0,auto_ok,name_fuzzy,3.9,881,140386:96.1; 145396:82.3; 150865:81.5
35592,DSP Arbitrage Fund,Arbitrage,DSP Mutual Fund,142283,DSP Arbitrage Fund - Direct - Growth,Hybrid Scheme - Arbitrage Fund,,100.0,auto_ok,name_fuzzy,8.5,881,130773:91.5; 130206:86.0; 118474:85.0
26662,Edelweiss Arbitrage Fund,Arbitrage,Edelweiss Mutual Fund,130206,Edelweiss Arbitrage Fund- Direct Plan- Growth Option,Hybrid Scheme - Arbitrage Fund,,100.0,auto_ok,name_fuzzy,14.0,881,142283:86.0; 130773:84.1; 140241:81.9
45060,Franklin India Arbitrage Fund,Arbitrage,Franklin Templeton Mutual Fund,153043,Franklin India Arbitrage Fund - Direct - Growth,Hybrid Scheme - Arbitrage Fund,,100.0,auto_ok,name_fuzzy,13.5,881,118557:86.5; 118535:80.9; 118533:80.0
5841,HDFC Arbitrage Fund,Arbitrage,HDFC Mutual Fund,118931,HDFC ARBITRAGE FUND - Growth Option - Direct Plan,Hybrid Scheme - Arbitrage Fund,,100.0,auto_ok,name_fuzzy,0.0,881,129052:100.0; 120482:88.3; 150367:88.3
26816,HSBC Arbitrage Fund,Arbitrage,HSBC Mutual Fund,151138,HSBC Arbitrage Fund - Direct Growth,Hybrid Scheme - Arbitrage Fund,,83.08,approved,review_app,,1,
3709,ICICI Prudential Equity Arbitrage Fund,Arbitrage,ICICI Prudential Mutual Fund,120364,ICICI Prudential Equity Arbitrage Fund - Direct Plan - Growth,Hybrid Scheme - Arbitrage Fund,,100.0,auto_ok,name_fuzzy,7.7,881,120251:92.3; 150539:85.0; 120186:84.5
40730,ITI Arbitrage Fund,Arbitrage,ITI Mutual Fund,147617,ITI Arbitrage Fund - Direct Plan - Growth Option,Hybrid Scheme - Arbitrage Fund,,100.0,auto_ok,name_fuzzy,0.6,881,120795:99.4; 144658:91.5; 145724:91.5
4647,Invesco India Arbitrage Fund,Arbitrage,Invesco Mutual Fund,120401,Invesco India Arbitrage Fund - Direct Plan - Growth Option,Hybrid Scheme - Arbitrage Fund,,100.0,auto_ok,name_fuzzy,12.0,881,120348:88.0; 138875:88.0; 149763:80.0
3253,JM Arbitrage Fund,Arbitrage,JM Financial Mutual Fund,120482,JM Arbitrage Fund (Direct) - Growth Option,Hybrid Scheme - Arbitrage Fund,,100.0,auto_ok,name_fuzzy,0.9,881,150367:99.1; 153090:91.5; 120795:90.7
2694,Kotak Arbitrage Fund,Arbitrage,Kotak Mahindra Mutual Fund,119771,Kotak Arbitrage Fund - Direct Plan - Growth,Hybrid Scheme - Arbitrage Fund,,100.0,auto_ok,name_fuzzy,7.8,881,145724:92.2; 120795:89.2; 147617:89.2
39178,LIC MF Arbitrage Fund,Arbitrage,LIC Mutual Fund,145895,LIC MF Arbitrage Fund-Direct Plan-Growth,Hybrid Scheme - Arbitrage Fund,,100.0,auto_ok,name_fuzzy,10.8,881,120482:89.2; 120795:87.1; 147617:87.1
41550,Mahindra Manulife Arbitrage Fund,Arbitrage,Mahindra Manulife Mutual Fund,148468,Mahindra Manulife Arbitrage Fund - Direct Plan -Growth,Hybrid Scheme - Arbitrage Fund,,100.0,auto_ok,name_fuzzy,16.9,881,149104:83.1; 142110:82.4; 148567:82.4
41483,Mirae Asset Arbitrage Fund,Arbitrage,Mirae Asset Mutual Fund,148401,Mirae Asset Arbitrage Fund Direct Growth,Hybrid Scheme - Arbitrage Fund,,88.79,approved,review_app,,1,
45195,Motilal Oswal Arbitrage Fund,Arbitrage,Motilal Oswal Mutual Fund,153187,Motilal Oswal Arbitrage Fund-Direct Plan-Growth,Hybrid Scheme - Arbitrage Fund,,100.0,auto_ok,name_fuzzy,18.4,881,145724:81.6; 119771:80.0; 129046:80.0
11236,Nippon India Arbitrage Fund,Arbitrage,Nippon India Mutual Fund,118585,Nippon India Arbitrage Fund - Direct Plan Growth Plan - Growth Option,Hybrid Scheme - Arbitrage Fund,,79.23,approved,review_app,,1,
45931,Old Bridge Arbitrage Fund,Arbitrage,Old Bridge Mutual Fund,153979,Old Bridge Arbitrage Fund Direct Growth,Hybrid Scheme - Arbitrage Fund,,88.12,approved,review_app,,1,
27390,PGIM India Arbitrage Fund,Arbitrage,PGIM India Mutual Fund,138875,PGIM India Arbitrage Fund - Direct Plan - Growth,Hybrid Scheme - Arbitrage Fund,,100.0,auto_ok,name_fuzzy,12.0,881,120401:88.0; 147927:84.2; 147617:84.1
44196,Parag Parikh Arbitrage Fund,Arbitrage,PPFAS Mutual Fund,152109,Parag Parikh Arbitrage Fund - Direct Plan Growth,Hybrid Scheme - Arbitrage Fund,,83.97,approved,review_app,,1,
45423,Quant Arbitrage Fund,Arbitrage,Quant Mutual Fund,153426,quant Arbitrage Fund - Growth Option - Direct Plan,Hybrid Scheme - Arbitrage Fund,,100.0,auto_ok,name_fuzzy,5.5,881,120795:94.5; 145724:92.2; 150367:91.5
3494,SBI Arbitrage Opportunities Fund,Arbitrage,SBI Mutual Fund,130450,L&T Arbitrage Opportunities Fund - Direct Plan - Growth,Hybrid Scheme - Arbitrage Fund,,95.62,auto_ok,name_fuzzy,8.7,881,152417:87.0; 152657:85.0; 120575:77.7
45081,Samco Arbitrage Fund,Arbitrage,Samco Mutual Fund,153090,Samco Arbitrage Fund - Direct Plan - Growth,Hybrid Scheme - Arbitrage Fund,,100.0,auto_ok,name_fuzzy,8.5,881,120482:91.5; 147927:88.7; 118931:87.1
31780,Sundaram Arbitrage Fund,Arbitrage,Sundaram Mutual Fund,147927,Sundaram Arbitrage Fund Direct Plan - Growth,Hybrid Scheme - Arbitrage Fund,,100.0,auto_ok,name_fuzzy,11.3,881,153090:88.7; 144658:86.0; 145724:86.0
38979,Tata Arbitrage Fund,Arbitrage,Tata Mutual Fund,145724,Tata Arbitrage Fund-Direct Plan-Growth,Hybrid Scheme - Arbitrage Fund,,100.0,auto_ok,name_fuzzy,7.8,881,119771:92.2; 120795:91.5; 147617:91.5
45843,The Wealth Company Arbitrage Fund,Arbitrage,The Wealth Company Mutual Fund,153891,THE WEALTH COMPANY ARBITRAGE FUND DIRECT GROWTH,Hybrid Scheme - Arbitrage Fund,,92.5,approved,review_app,,1,
3271,UTI Arbitrage Fund,Arbitrage,UTI Mutual Fund,120795,UTI Arbitrage Fund - Direct Plan - Growth Option,Hybrid Scheme - Arbitrage Fund,,100.0,auto_ok,name_fuzzy,0.6,881,147617:99.4; 146297:94.5; 153426:94.5
39447,Union Arbitrage Fund,Arbitrage,Union Mutual Fund,146297,Union Arbitrage Fund - Direct Plan - Growth Option,Hybrid Scheme - Arbitrage Fund,,100.0,auto_ok,name_fuzzy,5.5,881,120795:94.5; 144658:92.2; 150367:91.5
44888,WhiteOak Capital Arbitrage Fund,Arbitrage,Whiteoak Capital Mutual Fund,152849,WhiteOak Capital Arbitrage Fund Direct Plan Growth,Hybrid Scheme - Arbitrage Fund,,86.54,approved,review_app,,1,
44149,360 ONE Balanced Hybrid Fund,Balanced Hybrid,360 One Mutual Fund,152076,360 ONE Balanced Hybrid Fund- Direct Plan - Growth,Hybrid Scheme - Balanced Hybrid Fund,,100.0,auto_ok,name_fuzzy,28.3,881,131580:71.7; 153774:68.5; 142038:68.2
44207,WhiteOak Capital Balanced Hybrid Fund,Balanced Hybrid,Whiteoak Capital Mutual Fund,152132,WhiteOak Capital Balanced Hybrid Fund Direct Plan Growth,Hybrid Scheme - Balanced Hybrid Fund,,89.57,approved,review_app,,1,
32470,Aditya Birla Sun Life Balanced Advantage Fund,Dynamic Asset Allocation,Aditya Birla Sun Life Mutual Fund,131670,Aditya Birla Sun Life Balanced Advantage Fund - Direct Plan - Growth Option,Hybrid Scheme - Dynamic Asset Allocation or Balanced Advantage,,100.0,auto_ok,name_fuzzy,16.0,881,119526:84.0; 119298:77.2; 149261:77.0
34956,Axis Balanced Advantage Fund,Dynamic Asset Allocation,Axis Mutual Fund,141642,Axis Balanced Advantage Fund - Direct Plan - Growth,Hybrid Scheme - Dynamic Asset Allocation or Balanced Advantage,,100.0,auto_ok,name_fuzzy,9.8,881,149264:90.2; 119298:88.6; 147789:88.6
44255,Bajaj Finserv Balanced Advantage Fund,Dynamic Asset Allocation,Bajaj Finserv Mutual Fund,152194,Bajaj Finserv Balanced Advantage Fund-Direct Plan-Growth,Hybrid Scheme - Dynamic Asset Allocation or Balanced Advantage,,100.0,auto_ok,name_fuzzy,18.1,881,141642:81.9; 118615:79.3; 152077:78.8
27860,Bandhan Balanced Advantage Fund,Dynamic Asset Allocation,Bandhan Mutual Fund,131355,BANDHAN Balanced Advantage Fund Direct Plan Growth,Hybrid Scheme - Dynamic Asset Allocation or Balanced Advantage,,86.54,approved,review_app,,1,
24276,Bank of India Balanced Advantage Fund,Dynamic Asset Allocation,Bank Of India Mutual Fund,127850,BANK OF INDIA BALANCED ADVANTAGE FUND DIRECT PLAN  GROWTH,Hybrid Scheme - Dynamic Asset Allocation or Balanced Advantage,,89.57,approved,review_app,,1,
38590,Baroda BNP Paribas Balanced Advantage Fund,Dynamic Asset Allocation,Baroda BNP Paribas Mutual Fund,145396,Baroda BNP Paribas Balanced Advantage Fund-Direct Plan-Growth Option,Hybrid Scheme - Dynamic Asset Allocation or Balanced Advantage,,100.0,auto_ok,name_fuzzy,17.7,881,150251:82.3; 152688:80.9; 119482:79.7
44728,Canara Robeco Balanced Advantage Fund,Dynamic Asset Allocation,Canara Robeco Mutual Fund,152688,Canara Robeco Balanced Advantage Fund - Direct Plan - Growth Option,Hybrid Scheme - Dynamic Asset Allocation or Balanced Advantage,,100.0,auto_ok,name_fuzzy,16.9,881,149134:83.1; 149264:81.2; 145396:80.9
22958,DSP Dynamic Asset Allocation Fund,Dynamic Asset Allocation,DSP Mutual Fund,126393,DSP Dynamic Asset Allocation Fund - Direct Plan - Growth,Hybrid Scheme - Dynamic Asset Allocation or Balanced Advantage,,100.0,auto_ok,name_fuzzy,7.1,881,134110:92.9; 151713:90.3; 152188:90.3
10269,Edelweiss Balanced Advantage Fund,Dynamic Asset Allocation,Edelweiss Mutual Fund,118615,Edelweiss Balanced Advantage Fund -Direct Plan-Growth Option,Hybrid Scheme - Dynamic Asset Allocation or Balanced Advantage,,100.0,auto_ok,name_fuzzy,16.3,881,140241:83.7; 149264:83.0; 119298:81.7
42897,Franklin India Balanced Advantage Fund,Dynamic Asset Allocation,Franklin Templeton Mutual Fund,150481,Franklin India Balanced Advantage Fund- Growth- Direct,Hybrid Scheme - Dynamic Asset Allocation or Balanced Advantage,,94.44,approved,review_app,,1,
32508,HDFC Balanced Advantage Fund,Dynamic Asset Allocation,HDFC Mutual Fund,118968,HDFC Balanced Advantage Fund - Growth Plan - Direct Plan,Hybrid Scheme - Dynamic Asset Allocation or Balanced Advantage,,92.4,approved,review_app,,1,
11662,HSBC Balanced Advantage Fund,Dynamic Asset Allocation,HSBC Mutual Fund,149134,SBI Balanced Advantage Fund - Direct Plan - Growth,Hybrid Scheme - Dynamic Asset Allocation or Balanced Advantage,,99.55,auto_ok,name_fuzzy,4.9,881,152509:94.7; 149264:93.9; 119298:92.3
44571,Helios Balanced Advantage Fund,Dynamic Asset Allocation,Helios Mutual Fund,152509,Helios Balanced Advantage Fund- Direct Plan- Growth Option,Hybrid Scheme - Dynamic Asset Allocation or Balanced Advantage,,100.0,auto_ok,name_fuzzy,6.9,881,142038:93.1; 119298:92.7; 147789:92.7
3713,ICICI Prudential Balanced Advantage Fund,Dynamic Asset Allocation,ICICI Prudential Mutual Fund,120377,ICICI Prudential Balanced Advantage Fund - Direct Plan -  Growth,Hybrid Scheme - Dynamic Asset Allocation or Balanced Advantage,,100.0,auto_ok,name_fuzzy,12.8,881,119482:87.2; 147789:85.6; 151885:85.6
40896,ITI Balanced Advantage Fund,Dynamic Asset Allocation,ITI Mutual Fund,147789,ITI Balanced Advantage Fund - Direct Plan - Growth Option,Hybrid Scheme - Dynamic Asset Allocation or Balanced Advantage,,100.0,auto_ok,name_fuzzy,0.0,881,151885:100.0; 119298:97.6; 149134:97.6
5373,Invesco India Balanced Advantage Fund,Dynamic Asset Allocation,Invesco Mutual Fund,120333,Invesco India Balanced Advantage Fund - Direct Plan - Growth,Hybrid Scheme - Dynamic Asset Allocation or Balanced Advantage,,100.0,auto_ok,name_fuzzy,7.7,881,148658:92.3; 147789:86.2; 119482:85.0
37558,Kotak Balanced Advantage Fund,Dynamic Asset Allocation,Kotak Mahindra Mutual Fund,144335,Kotak Balanced Advantage Fund  - Direct Plan -Growth Option,Hybrid Scheme - Dynamic Asset Allocation or Balanced Advantage,,100.0,auto_ok,name_fuzzy,3.8,881,146010:96.2; 119298:94.3; 147789:94.3
42273,LIC MF Balanced Advantage Fund,Dynamic Asset Allocation,LIC Mutual Fund,149261,LIC MF Balanced Advantage Fund-Direct Plan-Growth,Hybrid Scheme - Dynamic Asset Allocation or Balanced Advantage,,100.0,auto_ok,name_fuzzy,3.8,881,119298:96.2; 147789:92.7; 149134:92.7
42384,Mahindra Manulife Balanced Advantage Fund,Dynamic Asset Allocation,Mahindra Manulife Mutual Fund,149406,Mahindra Manulife Balanced Advantage Fund - Direct Plan - Growth,Hybrid Scheme - Dynamic Asset Allocation or Balanced Advantage,,100.0,auto_ok,name_fuzzy,15.0,881,148658:85.0; 120333:84.5; 148026:84.5
42755,Mirae Asset Balanced Advantage Fund,Dynamic Asset Allocation,Mirae Asset Mutual Fund,150470,Mirae Asset Balanced Advantage Fund Direct Plan- Growth,Hybrid Scheme - Dynamic Asset Allocation or Balanced Advantage,,100.0,auto_ok,name_fuzzy,12.5,881,141642:87.5; 147789:85.6; 149134:85.6
33424,Motilal Oswal Balanced Advantage Fund,Dynamic Asset Allocation,Motilal Oswal Mutual Fund,139872,Motilal Oswal Balanced Advantage Fund  (MOFDYNAMIC) - Direct Plan - Growth Option,Hybrid Scheme - Dynamic Asset Allocation or Balanced Advantage,,97.06,approved,review_app,,1,
2328,Nippon India Balanced Advantage Fund,Dynamic Asset Allocation,Nippon India Mutual Fund,118736,Nippon India Balanced Advantage Fund - Direct Plan Growth Plan - Growth Option,Hybrid Scheme - Dynamic Asset Allocation or Balanced Advantage,,85.0,approved,review_app,,1,
41729,PGIM India Balanced Advantage Fund,Dynamic Asset Allocation,PGIM India Mutual Fund,148658,PGIM India Balanced Advantage Fund -  Direct Plan - Growth Option,Hybrid Scheme - Dynamic Asset Allocation or Balanced Advantage,,100.0,auto_ok,name_fuzzy,7.7,881,120333:92.3; 147789:90.2; 148026:89.8
44532,Parag Parikh Dynamic Asset Allocation Fund,Dynamic Asset Allocation,PPFAS Mutual Fund,152468,Parag Parikh Dynamic Asset Allocation Fund - Direct Plan Growth,Hybrid Scheme - Dynamic Asset Allocation or Balanced Advantage,,91.55,approved,review_app,,1,
43876,Quant Dynamic Asset Allocation Fund,Dynamic Asset Allocation,Quant Mutual Fund,151713,quant Dynamic Asset Allocation Fund - Growth Option - Direct Plan,Hybrid Scheme - Dynamic Asset Allocation or Balanced Advantage,,100.0,auto_ok,name_fuzzy,6.4,881,152188:93.6; 134110:93.2; 126393:90.3
42121,SBI Balanced Advantage Fund,Dynamic Asset Allocation,SBI Mutual Fund,149134,SBI Balanced Advantage Fund - Direct Plan - Growth,Hybrid Scheme - Dynamic Asset Allocation or Balanced Advantage,,100.0,auto_ok,name_fuzzy,2.4,881,147789:97.6; 151885:97.6; 149264:95.6
44251,Samco Dynamic Asset Allocation Fund,Dynamic Asset Allocation,Samco Mutual Fund,152188,Samco Dynamic Asset Allocation Fund - Direct Plan - Growth Option,Hybrid Scheme - Dynamic Asset Allocation or Balanced Advantage,,100.0,auto_ok,name_fuzzy,3.8,881,134110:96.2; 151713:93.6; 126393:90.3
11431,Sundaram Balanced Advantage Fund,Dynamic Asset Allocation,Sundaram Mutual Fund,148026,Sundaram Balanced Advantage Fund Direct Plan - Growth,Hybrid Scheme - Dynamic Asset Allocation or Balanced Advantage,,100.0,auto_ok,name_fuzzy,8.3,881,146010:91.7; 149264:91.2; 142038:90.2
39184,Tata Balanced Advantage Fund,Dynamic Asset Allocation,Tata Mutual Fund,146010,Tata Balanced Advantage Fund-Direct Plan-Growth,Hybrid Scheme - Dynamic Asset Allocation or Balanced Advantage,,100.0,auto_ok,name_fuzzy,3.8,881,144335:96.2; 119298:95.9; 147789:95.9
44057,UTI Balanced Advantage Fund,Dynamic Asset Allocation,UTI Mutual Fund,151885,UTI Balanced Advantage Fund - Direct Plan - Growth Option,Hybrid Scheme - Dynamic Asset Allocation or Balanced Advantage,,100.0,approved,review_app,,1,
35346,Union Balanced Advantage Fund,Dynamic Asset Allocation,Union Mutual Fund,142038,Union Balanced Advantage Fund - Direct Plan - Growth Option,Hybrid Scheme - Dynamic Asset Allocation or Balanced Advantage,,100.0,auto_ok,name_fuzzy,2.1,881,151885:97.9; 149264:95.9; 147789:94.3
43447,WhiteOak Capital Balanced Advantage Fund,Dynamic Asset Allocation,Whiteoak Capital Mutual Fund,151267,WhiteOak Capital Balanced Advantage Fund Direct Plan Growth,Hybrid Scheme - Dynamic Asset Allocation or Balanced Advantage,,90.81,approved,review_app,,1,
7010,Aditya Birla Sun Life ELSS Tax Saver Fund,ELSS,Aditya Birla Sun Life Mutual Fund,119544,Aditya Birla Sun Life ELSS Tax Saver Fund - Growth - Direct Plan,Equity Scheme - ELSS,,100.0,auto_ok,name_fuzzy,13.9,881,119661:86.1; 132995:83.0; 119556:82.9
10480,Axis ELSS Tax Saver Fund,ELSS,Axis Mutual Fund,120503,Axis ELSS Tax Saver Fund - Direct Plan - Growth Option,Equity Scheme - ELSS,,100.0,auto_ok,name_fuzzy,5.6,881,119242:94.4; 118620:88.0; 120494:87.6
45209,Bajaj Finserv ELSS Tax Saver Fund,ELSS,Bajaj Finserv Mutual Fund,153201,BAJAJ FINSERV ELSS TAX SAVER FUND - DIRECT - GROWTH,Equity Scheme - ELSS,,100.0,auto_ok,name_fuzzy,18.3,881,118473:81.7; 120503:78.7; 153758:77.7
9741,Bandhan ELSS Tax Saver Fund,ELSS,Bandhan Mutual Fund,118473,BANDHAN ELSS Tax Saver Fund - Direct Plan - Growth,Equity Scheme - ELSS,,100.0,auto_ok,name_fuzzy,11.0,881,119242:89.0; 120503:87.4; 120494:82.6
9806,Bank of India ELSS Tax Saver Fund,ELSS,Bank Of India Mutual Fund,119351,BANK OF INDIA ELSS Tax Saver -Direct Plan- Growth,Equity Scheme - ELSS,,100.0,auto_ok,name_fuzzy,12.5,881,135601:87.5; 120416:86.8; 147541:83.6
2811,Baroda BNP Paribas ELSS Tax Saver Fund,ELSS,Baroda BNP Paribas Mutual Fund,150159,BARODA BNP PARIBAS ELSS Tax Saver Fund - Direct Plan - Growth Option,Equity Scheme - ELSS,,100.0,auto_ok,name_fuzzy,17.4,881,151755:82.6; 118473:81.9; 147496:81.3
9918,Canara Robeco ELSS Tax Saver,ELSS,Canara Robeco Mutual Fund,118285,CANARA ROBECO ELSS TAX SAVER - DIRECT PLAN - GROWTH OPTION,Equity Scheme - ELSS,,100.0,auto_ok,name_fuzzy,25.9,881,118473:74.1; 119060:73.1; 119351:72.9
3792,DSP ELSS Tax Saver Fund,ELSS,DSP Mutual Fund,119242,DSP ELSS Tax Saver Fund - Direct Plan - Growth,Equity Scheme - ELSS,,100.0,auto_ok,name_fuzzy,5.6,881,120503:94.4; 118620:89.6; 120494:89.4
9834,Edelweiss ELSS Tax Saver Fund,ELSS,Edelweiss Mutual Fund,118620,Edelweiss ELSS Tax Saver Fund - Direct Plan-Growth Option,Equity Scheme - ELSS,,100.0,auto_ok,name_fuzzy,10.4,881,119242:89.6; 120503:88.0; 118473:80.0
32291,Franklin India ELSS Tax Saver Fund,ELSS,Franklin Templeton Mutual Fund,118540,Franklin India ELSS Tax Saver Fund - Direct - Growth,Equity Scheme - ELSS,,100.0,auto_ok,name_fuzzy,16.9,881,135601:83.1; 147541:82.2; 120416:79.6
32517,HDFC ELSS Tax Saver Fund,ELSS,HDFC Mutual Fund,119060,HDFC ELSS Tax saver - Growth Option - Direct Plan,Equity Scheme - ELSS,,98.37,approved,review_app,,1,
2922,HSBC ELSS Tax saver Fund,ELSS,HSBC Mutual Fund,120079,HSBC Tax Saver Equity Fund - Growth Direct,Equity Scheme - ELSS,,94.0,approved,review_app,,1,
32328,ICICI Prudential ELSS Tax Saver,ELSS,ICICI Prudential Mutual Fund,120592,ICICI Prudential ELSS Tax Saver Fund - Direct Plan - Growth,Equity Scheme - ELSS,,100.0,auto_ok,name_fuzzy,25.8,881,120270:74.2; 120591:73.9; 120847:72.9
40612,ITI ELSS Tax Saver Fund,ELSS,ITI Mutual Fund,147541,ITI ELSS Tax Saver Fund - Direct Plan - Growth Option,Equity Scheme - ELSS,,100.0,auto_ok,name_fuzzy,5.6,881,135654:94.4; 120494:93.9; 120847:92.5
3720,Invesco India ELSS Tax Saver Fund,ELSS,Invesco Mutual Fund,120416,Invesco India ELSS Tax Saver Fund - Direct Plan - Growth,Equity Scheme - ELSS,,100.0,auto_ok,name_fuzzy,9.3,881,135601:90.7; 150838:84.3; 147541:83.6
6469,JM ELSS Tax Saver Fund,ELSS,JM Financial Mutual Fund,120494,JM ELSS Tax Saver Fund (Direct) - Growth Option,Equity Scheme - ELSS,,100.0,auto_ok,name_fuzzy,5.6,881,150838:94.4; 147541:93.9; 135654:92.0
2749,Kotak ELSS Tax Saver Fund,ELSS,Kotak Mahindra Mutual Fund,119773,Kotak ELSS Tax Saver Fund-Growth - Direct,Equity Scheme - ELSS,,88.12,approved,review_app,,1,
32142,LIC MF ELSS Tax Saver,ELSS,LIC Mutual Fund,120270,LIC MF ELSS Tax Saver-Direct Plan-Growth,Equity Scheme - ELSS,,100.0,auto_ok,name_fuzzy,15.0,881,119060:85.0; 120494:84.1; 119351:78.5
33387,Mahindra Manulife ELSS Tax Saver Fund,ELSS,Mahindra Manulife Mutual Fund,139781,Mahindra Manulife ELSS Tax Saver Fund - Direct Plan -Growth,Equity Scheme - ELSS,,100.0,auto_ok,name_fuzzy,17.4,881,135601:82.6; 120416:82.1; 153303:81.9
30815,Mirae Asset ELSS Tax Saver Fund,ELSS,Mirae Asset Mutual Fund,135781,Mirae Asset ELSS Tax Saver Fund - Direct Plan - Growth,Equity Scheme - ELSS,,100.0,auto_ok,name_fuzzy,15.0,881,120503:85.0; 120494:84.2; 119242:82.8
28670,Motilal Oswal ELSS Tax Saver Fund,ELSS,Motilal Oswal Mutual Fund,133386,Motilal Oswal ELSS Tax Saver Fund - Direct Plan - Growth Option,Equity Scheme - ELSS,,100.0,auto_ok,name_fuzzy,16.4,881,147541:83.6; 120494:81.4; 150838:80.9
2630,Nippon India ELSS Tax Saver Fund,ELSS,Nippon India Mutual Fund,118803,Nippon India ELSS Tax Saver Fund - Direct Plan Growth Plan - Growth Option,Equity Scheme - ELSS,,82.73,approved,review_app,,1,
30664,PGIM India ELSS Tax Saver Fund,ELSS,PGIM India Mutual Fund,135601,PGIM India ELSS Tax Saver Fund - Direct Plan - Growth Option,Equity Scheme - ELSS,,100.0,auto_ok,name_fuzzy,9.3,881,120416:90.7; 147541:88.0; 120494:85.8
40581,Parag Parikh ELSS Tax Saver Fund,ELSS,PPFAS Mutual Fund,147481,Parag Parikh ELSS Tax Saver Fund- Direct Growth,Equity Scheme - ELSS,,92.05,approved,review_app,,1,
32489,Quant ELSS Tax Saver Fund,ELSS,Quant Mutual Fund,120847,quant ELSS Tax Saver Fund - Growth Option - Direct Plan,Equity Scheme - ELSS,,100.0,approved,review_app,,1,
34465,Quantum ELSS Tax Saver Fund,ELSS,Quantum Mutual Fund,111549,Quantum ELSS Tax Saver Fund - Direct Plan Growth Option,Equity Scheme - ELSS,,100.0,auto_ok,name_fuzzy,0.0,881,120847:100.0; 120494:90.7; 150838:89.6
31977,SBI ELSS Tax Saver Fund,ELSS,SBI Mutual Fund,119723,SBI ELSS Tax Saver FUND - DIRECT PLAN -GROWTH,Equity Scheme - ELSS,,100.0,auto_ok,name_fuzzy,9.3,881,118866:90.7; 120494:89.4; 119242:87.6
43203,Samco ELSS Tax Saver Fund,ELSS,Samco Mutual Fund,150838,Samco ELSS Tax Saver Fund - Direct Plan - Growth Option,Equity Scheme - ELSS,,100.0,auto_ok,name_fuzzy,5.6,881,120494:94.4; 135654:90.7; 111549:89.6
31868,Sundaram ELSS Tax Saver Fund,ELSS,Sundaram Mutual Fund,149570,Sundaram ELSS Tax Saver Fund Direct Plan Growth,Equity Scheme - ELSS,,84.7,approved,review_app,,1,
28004,Tata ELSS Fund,ELSS,Tata Mutual Fund,132756,Tata ELSS Fund-Growth-Direct Plan,Equity Scheme - ELSS,,100.0,auto_ok,name_fuzzy,17.6,881,119172:82.4; 147757:76.0; 120715:75.3
32407,UTI ELSS Tax Saver Fund,ELSS,UTI Mutual Fund,120715,UTI ELSS Tax Saver Fund - Direct Plan - Growth Option,Equity Scheme - ELSS,,100.0,auto_ok,name_fuzzy,3.3,881,119307:96.7; 120494:89.4; 119242:87.6
13091,Union ELSS Tax Saver Fund,ELSS,Union Mutual Fund,119307,Union ELSS Tax Saver Fund - Direct Plan - Growth Option,Equity Scheme - ELSS,,100.0,auto_ok,name_fuzzy,3.3,881,120715:96.7; 120494:85.9; 119242:84.2
42929,WhiteOak Capital ELSS Tax Saver Fund,ELSS,Whiteoak Capital Mutual Fund,150587,WhiteOak Capital ELSS Tax Saver Fund Direct Plan Growth,Equity Scheme - ELSS,,89.12,approved,review_app,,1,
43952,360 ONE FlexiCap Fund,Flexi Cap,360 One Mutual Fund,151796,360 ONE FLEXICAP FUND-DIRECT PLAN- GROWTH,Equity Scheme - Flexi Cap Fund,,100.0,auto_ok,name_fuzzy,19.3,881,120492:80.7; 119718:78.7; 131580:78.2
46008,Abakkus Flexi Cap Fund,Flexi Cap,Abakkus Mutual Fund,154043,Abakkus Flexi Cap Fund - Direct - Growth,Equity Scheme - Flexi Cap Fund,,100.0,auto_ok,name_fuzzy,12.1,881,141925:87.9; 118424:82.3; 154215:77.7
32258,Aditya Birla Sun Life Flexi Cap Fund,Flexi Cap,Aditya Birla Sun Life Mutual Fund,120564,Aditya Birla Sun Life Flexi Cap Fund - Growth - Direct Plan,Equity Scheme - Flexi Cap Fund,,100.0,auto_ok,name_fuzzy,11.7,881,119528:88.3; 119556:88.3; 119564:87.9
35196,Axis Flexi Cap Fund,Flexi Cap,Axis Mutual Fund,141925,Axis Flexi Cap Fund - Direct Plan - Growth,Equity Scheme - Flexi Cap Fund,,100.0,auto_ok,name_fuzzy,12.1,881,154043:87.9; 118424:83.0; 151917:82.8
44044,Bajaj Finserv Flexi Cap Fund,Flexi Cap,Bajaj Finserv Mutual Fund,151895,Bajaj Finserv Flexi Cap Fund-Direct Plan-Growth,Equity Scheme - Flexi Cap Fund,,100.0,auto_ok,name_fuzzy,16.4,881,152783:83.6; 153309:83.6; 153612:83.6
2698,Bandhan Flexi Cap Fund,Flexi Cap,Bandhan Mutual Fund,118424,BANDHAN Flexi Cap Fund-Direct Plan-Growth,Equity Scheme - Flexi Cap Fund,,100.0,auto_ok,name_fuzzy,17.0,881,141925:83.0; 154043:82.3; 118479:77.7
41487,Bank of India Flexi Cap Fund,Flexi Cap,Bank Of India Mutual Fund,148404,BANK OF INDIA Flexi Cap Fund Direct Plan -Growth,Equity Scheme - Flexi Cap Fund,,100.0,auto_ok,name_fuzzy,15.8,881,133839:84.2; 149763:83.6; 151443:83.6
42759,Baroda BNP Paribas Flexi Cap Fund,Flexi Cap,Baroda BNP Paribas Mutual Fund,150387,Baroda BNP Paribas Flexi Cap Fund - Direct Plan - Growth Option,Equity Scheme - Flexi Cap Fund,,100.0,auto_ok,name_fuzzy,10.6,881,150212:89.4; 119354:86.8; 150187:86.8
1674,Canara Robeco Flexi Cap Fund,Flexi Cap,Canara Robeco Mutual Fund,118275,CANARA ROBECO FLEXICAP FUND - DIRECT PLAN - GROWTH OPTION,Equity Scheme - Flexi Cap Fund,,97.27,approved,review_app,,1,
45662,Capitalmind Flexi Cap Fund,Flexi Cap,Capitalmind Mutual Fund,153738,CAPITALMIND FLEXI CAP FUND DIRECT GROWTH,Equity Scheme - Flexi Cap Fund,,88.79,approved,review_app,,1,
5050,DSP Flexi Cap Fund,Flexi Cap,DSP Mutual Fund,119076,DSP Flexi Cap Fund - Direct Plan - Growth,Equity Scheme - Flexi Cap Fund,,100.0,auto_ok,name_fuzzy,14.0,881,140353:86.0; 151917:85.0; 151379:82.8
28768,Edelweiss Flexi Cap Fund,Flexi Cap,Edelweiss Mutual Fund,140353,Edelweiss Flexi Cap Fund - Direct Plan - Growth Option,Equity Scheme - Flexi Cap Fund,,100.0,auto_ok,name_fuzzy,14.0,881,119076:86.0; 140228:83.3; 118617:80.0
31895,Franklin India Flexi Cap Fund,Flexi Cap,Franklin Templeton Mutual Fund,118535,Franklin India Flexi Cap Fund - Direct - Growth,Equity Scheme - Flexi Cap Fund,,100.0,auto_ok,name_fuzzy,12.9,881,118533:87.1; 118525:84.3; 118531:84.3
31998,HDFC Flexi Cap Fund,Flexi Cap,HDFC Mutual Fund,118955,HDFC Flexi Cap Fund - Growth Option - Direct Plan,Equity Scheme - Flexi Cap Fund,,100.0,auto_ok,name_fuzzy,11.7,881,151917:88.3; 149450:87.1; 151379:86.1
1898,HSBC Flexi Cap Fund,Flexi Cap,HSBC Mutual Fund,120046,HSBC Flexi Cap Fund - Direct Growth,Equity Scheme - Flexi Cap Fund,,83.08,approved,review_app,,1,
44218,Helios Flexi Cap Fund,Flexi Cap,Helios Mutual Fund,152135,Helios Flexi Cap Fund - Direct Plan - Growth Option,Equity Scheme - Flexi Cap Fund,,100.0,auto_ok,name_fuzzy,12.1,881,119292:87.9; 151379:87.1; 120264:86.0
41991,ICICI Prudential Flexicap Fund,Flexi Cap,ICICI Prudential Mutual Fund,148990,ICICI Prudential Flexicap Fund - Direct Plan - Growth,Equity Scheme - Flexi Cap Fund,,100.0,auto_ok,name_fuzzy,9.3,881,120587:90.7; 153867:83.1; 150539:82.4
43551,ITI Flexi Cap Fund,Flexi Cap,ITI Mutual Fund,151379,ITI Flexi Cap Fund- Direct Plan- Growth,Equity Scheme - Flexi Cap Fund,,100.0,auto_ok,name_fuzzy,8.5,881,143793:91.5; 144546:91.5; 151917:90.7
42467,Invesco India Flexi Cap Fund,Flexi Cap,Invesco Mutual Fund,149763,Invesco India Flexi Cap Fund - Direct Plan - Growth,Equity Scheme - Flexi Cap Fund,,100.0,auto_ok,name_fuzzy,12.0,881,133839:88.0; 120348:84.2; 148404:83.6
8402,JM Flexicap Fund,Flexi Cap,JM Financial Mutual Fund,120492,JM Flexicap Fund (Direct) - Growth Option,Equity Scheme - Flexi Cap Fund,,100.0,auto_ok,name_fuzzy,10.2,881,119718:89.8; 119291:84.8; 151796:80.7
10258,Kotak Flexicap Fund,Flexi Cap,Kotak Mahindra Mutual Fund,120166,Kotak Flexicap Fund - Growth - Direct,Equity Scheme - Flexi Cap Fund,,83.1,approved,review_app,,1,
31913,LIC MF Flexi Cap Fund,Flexi Cap,LIC Mutual Fund,120264,LIC MF Flexi Cap Fund-Direct Plan-Growth,Equity Scheme - Flexi Cap Fund,,100.0,auto_ok,name_fuzzy,12.9,881,151379:87.1; 152135:86.0; 118955:85.0
42099,Mahindra Manulife Flexi Cap Fund,Flexi Cap,Mahindra Manulife Mutual Fund,149104,Mahindra Manulife Flexi Cap Fund - Direct Plan -Growth,Equity Scheme - Flexi Cap Fund,,100.0,auto_ok,name_fuzzy,11.1,881,142110:88.9; 141226:86.2; 146549:86.2
43565,Mirae Asset Flexi Cap Fund,Flexi Cap,Mirae Asset Mutual Fund,151412,Mirae Asset Flexi Cap Fund - Direct Plan - Growth,Equity Scheme - Flexi Cap Fund,,100.0,auto_ok,name_fuzzy,18.1,881,118825:81.9; 153196:81.9; 141925:80.6
25643,Motilal Oswal Flexi Cap Fund,Flexi Cap,Motilal Oswal Mutual Fund,129046,Motilal Oswal Flexi cap Fund Direct Plan-Growth Option,Equity Scheme - Flexi Cap Fund,,100.0,auto_ok,name_fuzzy,16.4,881,152237:83.6; 122389:82.8; 144546:81.6
37164,Navi Flexi Cap Fund,Flexi Cap,Navi Mutual Fund,143793,Navi Flexi Cap Fund - Direct Plan - Growth,Equity Scheme - Flexi Cap Fund,,100.0,auto_ok,name_fuzzy,6.1,881,151917:93.9; 119292:92.2; 151379:91.5
42082,Nippon India Flexi Cap Fund,Flexi Cap,Nippon India Mutual Fund,149094,Nippon India Flexi Cap Fund - Direct Plan - Growth Plan - Growth Option,Equity Scheme - Flexi Cap Fund,,79.23,approved,review_app,,1,
28978,PGIM India Flexi Cap Fund,Flexi Cap,PGIM India Mutual Fund,133839,PGIM India Flexi Cap Fund - Direct Plan - Growth Option,Equity Scheme - Flexi Cap Fund,,100.0,auto_ok,name_fuzzy,12.0,881,149763:88.0; 148404:84.2; 151379:84.1
19230,Parag Parikh Flexi Cap Fund,Flexi Cap,PPFAS Mutual Fund,122639,Parag Parikh Flexi Cap Fund - Direct Plan - Growth,Equity Scheme - Flexi Cap Fund,,100.0,auto_ok,name_fuzzy,17.2,881,154155:82.8; 143793:78.9; 144546:78.9
8576,Quant Flexi Cap Fund,Flexi Cap,Quant Mutual Fund,120843,quant Flexi Cap Fund - Growth Option-Direct Plan,Equity Scheme - Flexi Cap Fund,,100.0,auto_ok,name_fuzzy,7.8,881,144546:92.2; 151917:91.5; 119292:90.0
2671,SBI Flexicap Fund,Flexi Cap,SBI Mutual Fund,119718,SBI Flexicap Fund - DIRECT PLAN - Growth Option,Equity Scheme - Flexi Cap Fund,,100.0,auto_ok,name_fuzzy,10.2,881,120492:89.8; 119291:82.4; 151796:78.7
42399,Samco Flexi Cap Fund,Flexi Cap,Samco Mutual Fund,149450,Samco Flexi Cap Fund - Direct Plan - Growth Option,Equity Scheme - Flexi Cap Fund,,100.0,auto_ok,name_fuzzy,12.9,881,118955:87.1; 143793:87.1; 144546:87.1
42946,Sundaram Flexi Cap Fund,Flexi Cap,Sundaram Mutual Fund,149450,Samco Flexi Cap Fund - Direct Plan - Growth Option,Equity Scheme - Flexi Cap Fund,,88.72,review,name_fuzzy,2.8,881,143793:86.0; 144546:86.0; 151917:85.0
37919,Tata Flexi Cap Fund,Flexi Cap,Tata Mutual Fund,144546,Tata Flexi Cap Fund-Direct Plan-Growth,Equity Scheme - Flexi Cap Fund,,100.0,auto_ok,name_fuzzy,8.5,881,151379:91.5; 118883:90.0; 143793:89.2
45827,The Wealth Company Flexi Cap Fund,Flexi Cap,The Wealth Company Mutual Fund,153872,THE WEALTH COMPANY FLEXI CAP FUND - DIRECT GROWTH,Equity Scheme - Flexi Cap Fund,,92.5,approved,review_app,,1,
32026,UTI Flexi Cap Fund,Flexi Cap,UTI Mutual Fund,151379,ITI Flexi Cap Fund- Direct Plan- Growth,Equity Scheme - Flexi Cap Fund,,99.44,auto_ok,name_fuzzy,5.0,881,119292:94.5; 120843:94.5; 143793:91.5
12396,Union Flexi Cap Fund,Flexi Cap,Union Mutual Fund,119292,Union Flexi Cap Fund - Direct Plan - Growth Option,Equity Scheme - Flexi Cap Fund,,100.0,auto_ok,name_fuzzy,7.8,881,143793:92.2; 151917:91.5; 120843:90.0
42767,WhiteOak Capital Flexi Cap Fund,Flexi Cap,Whiteoak Capital Mutual Fund,150346,WhiteOak Capital Flexi Cap Fund Direct Plan-Growth,Equity Scheme - Flexi Cap Fund,,100.0,auto_ok,name_fuzzy,23.8,881,145971:76.2; 153738:75.4; 151379:74.4
6190,Franklin Asian Equity Fund,International,Franklin Templeton Mutual Fund,118559,Franklin Asian Equity Fund - Direct - Growth,Equity Scheme - Sectoral/ Thematic,,100.0,auto_ok,name_fuzzy,28.3,881,118564:71.7; 144466:71.7; 118557:67.7
14566,ICICI Prudential US Bluechip Equity Fund,International,ICICI Prudential Mutual Fund,120186,ICICI Prudential US Bluechip Equity Fund - Direct Plan -  Growth,Equity Scheme - Sectoral/ Thematic,,100.0,auto_ok,name_fuzzy,11.7,881,150539:88.3; 120251:87.2; 120364:84.5
27208,Nippon India Japan Equity Fund,International,Nippon India Mutual Fund,130860,Nippon India Japan Equity Fund- Direct Plan- Growth Plan- Growth Option,Equity Scheme - Sectoral/ Thematic,,76.4,approved,review_app,,1,
42301,Nippon India Taiwan Equity Fund,International,Nippon India Mutual Fund,149329,Nippon India Taiwan Equity Fund- Direct Plan- Growth Option,Equity Scheme - Sectoral/ Thematic,,100.0,auto_ok,name_fuzzy,29.6,881,153693:70.4; 130860:68.5; 144312:67.9
31807,Aditya Birla Sun Life Large & Mid Cap Fund,Large & Mid Cap,Aditya Birla Sun Life Mutual Fund,119436,Aditya Birla Sun Life Large & Mid Cap Fund - Growth - Direct Plan,Equity Scheme - Large & Mid Cap Fund,,100.0,auto_ok,name_fuzzy,0.0,881,119528:100.0; 119620:92.2; 119556:89.2
38316,Axis Large & Mid Cap Fund,Large & Mid Cap,Axis Mutual Fund,145110,Axis Large & Mid Cap Fund - Direct Plan - Growth,Equity Scheme - Large & Mid Cap Fund,,100.0,approved,review_app,,1,
44481,Bajaj Finserv Large and Mid Cap Fund,Large & Mid Cap,Bajaj Finserv Mutual Fund,152408,Bajaj Finserv Large and Mid Cap Fund- Direct Plan- Growth,Equity Scheme - Large & Mid Cap Fund,,100.0,auto_ok,name_fuzzy,2.5,881,152783:97.5; 153309:83.1; 153612:80.0
2611,Bandhan Large & Mid Cap Fund,Large & Mid Cap,Bandhan Mutual Fund,118419,Bandhan Large & Mid Cap Fund - Direct Plan - Growth,Equity Scheme - Large & Mid Cap Fund,,100.0,auto_ok,name_fuzzy,0.0,881,118479:100.0; 130498:88.0; 145110:86.6
8734,Bank of India Large & Mid Cap Fund,Large & Mid Cap,Bank Of India Mutual Fund,119350,BANK OF INDIA Large & Mid Cap Fund Direct Plan-Growth,Equity Scheme - Large & Mid Cap Fund,,100.0,auto_ok,name_fuzzy,11.7,881,151443:88.3; 130498:83.0; 119369:82.2
41554,Baroda BNP Paribas Large & Mid Cap Fund,Large & Mid Cap,Baroda BNP Paribas Mutual Fund,148474,Baroda BNP Paribas Large and Mid Cap Fund- Direct Plan -Growth Option,Equity Scheme - Large & Mid Cap Fund,,100.0,auto_ok,name_fuzzy,0.0,881,150187:100.0; 150212:100.0; 119354:90.7
2460,Canara Robeco Large and Mid Cap Fund,Large & Mid Cap,Canara Robeco Mutual Fund,118278,CANARA ROBECO LARGE AND MID CAP FUND - DIRECT PLAN - GROWTH OPTION,Equity Scheme - Large & Mid Cap Fund,,100.0,auto_ok,name_fuzzy,2.5,881,118269:97.5; 150817:93.9; 151824:83.1
32451,DSP Large & Mid Cap Fund,Large & Mid Cap,DSP Mutual Fund,119218,DSP Large & Mid Cap Fund - Direct Plan - Growth,Equity Scheme - Large & Mid Cap Fund,,100.0,auto_ok,name_fuzzy,0.0,881,119250:100.0; 140175:89.0; 153629:88.7
4678,Edelweiss Large & Mid Cap Fund,Large & Mid Cap,Edelweiss Mutual Fund,140175,Edelweiss Large & Mid Cap Fund - Direct Plan - Growth Option,Equity Scheme - Large & Mid Cap Fund,,100.0,approved,review_app,,1,
2420,Franklin India Large & Mid Cap Fund,Large & Mid Cap,Franklin Templeton Mutual Fund,118510,Franklin India Large & Mid Cap Fund - Direct - Growth,Equity Scheme - Large & Mid Cap Fund,,100.0,auto_ok,name_fuzzy,0.0,881,118531:100.0; 118533:100.0; 152739:88.9
31951,HDFC Large and Mid Cap Fund,Large & Mid Cap,HDFC Mutual Fund,130498,HDFC Large and Mid Cap Fund - Growth Option - Direct Plan,Equity Scheme - Large & Mid Cap Fund,,100.0,auto_ok,name_fuzzy,7.4,881,119018:92.6; 118419:88.0; 118989:87.3
39932,HSBC Large and Mid Cap Fund,Large & Mid Cap,HSBC Mutual Fund,146772,HSBC Large & Mid Cap Fund - Direct Growth,Equity Scheme - Large & Mid Cap Fund,,81.88,approved,review_app,,1,
44967,Helios Large & Mid Cap Fund,Large & Mid Cap,Helios Mutual Fund,152941,Helios Large & Mid Cap Fund - Direct Plan - Growth Option,Equity Scheme - Large & Mid Cap Fund,,100.0,auto_ok,name_fuzzy,3.6,881,153326:96.4; 153629:87.6; 130498:81.9
32231,ICICI Prudential Large & Mid Cap Fund,Large & Mid Cap,ICICI Prudential Mutual Fund,120596,ICICI Prudential Large & Mid Cap Fund - Direct Plan - Growth,Equity Scheme - Large & Mid Cap Fund,,100.0,auto_ok,name_fuzzy,10.6,881,120381:89.4; 120197:84.4; 120665:82.2
44859,ITI Large & Mid Cap Fund,Large & Mid Cap,ITI Mutual Fund,152821,ITI Large & Midcap Fund - Direct Plan - Growth,Equity Scheme - Large & Mid Cap Fund,,93.7,approved,review_app,,1,
5153,Invesco India Large & Mid Cap Fund,Large & Mid Cap,Invesco Mutual Fund,120357,Invesco India Large & Mid Cap Fund - Direct Plan - Growth,Equity Scheme - Large & Mid Cap Fund,,100.0,auto_ok,name_fuzzy,8.6,881,120392:91.4; 120403:87.2; 119308:83.6
45652,JM Large & Mid Cap Fund,Large & Mid Cap,JM Financial Mutual Fund,153629,JM Large & Mid Cap Fund (Direct) - Growth Option,Equity Scheme - Large & Mid Cap Fund,,100.0,auto_ok,name_fuzzy,0.5,881,120490:99.5; 119218:88.7; 120665:88.7
2178,Kotak Large & Midcap Fund,Large & Mid Cap,Kotak Mahindra Mutual Fund,120158,Kotak Large & Midcap Fund - Direct- Growth,Equity Scheme - Large & Mid Cap Fund,,100.0,auto_ok,name_fuzzy,5.0,881,119775:95.0; 152821:91.4; 119721:82.3
28921,LIC MF Large & Mid Cap Fund,Large & Mid Cap,LIC Mutual Fund,133710,LIC MF Large & Mid Cap Fund-Direct Plan-Growth,Equity Scheme - Large & Mid Cap Fund,,100.0,approved,review_app,,1,
40868,Mahindra Manulife Large & Mid Cap Fund,Large & Mid Cap,Mahindra Manulife Mutual Fund,147840,Mahindra Manulife Large & Mid Cap Fund - Direct Plan -Growth,Equity Scheme - Large & Mid Cap Fund,,100.0,approved,review_app,,1,
10842,Mirae Asset Large & Midcap Fund,Large & Mid Cap,Mirae Asset Mutual Fund,118834,Mirae Asset Large & Midcap Fund - Direct Plan - Growth,Equity Scheme - Large & Mid Cap Fund,,100.0,auto_ok,name_fuzzy,10.0,881,118825:90.0; 118857:81.9; 118859:81.9
40809,Motilal Oswal Large and Midcap Fund,Large & Mid Cap,Motilal Oswal Mutual Fund,147704,Motilal Oswal Large and Midcap Fund - Direct Plan Growth,Equity Scheme - Large & Mid Cap Fund,,88.7,approved,review_app,,1,
31961,Nippon India Vision Large & Mid Cap Fund,Large & Mid Cap,Nippon India Mutual Fund,118678,Nippon India Vision Large & Mid Cap Fund - Direct Plan Growth Plan - Growth Option,Equity Scheme - Large & Mid Cap Fund,,86.0,approved,review_app,,1,
44448,PGIM India Large and Mid Cap Fund,Large & Mid Cap,PGIM India Mutual Fund,152382,PGIM India Large and Midcap Fund - Direct Plan - Growth Option,Equity Scheme - Large & Mid Cap Fund,,99.23,approved,review_app,,1,
3918,Quant Large and Mid Cap Fund,Large & Mid Cap,Quant Mutual Fund,120826,quant Large & Mid Cap Fund - Growth Option-Direct Plan,Equity Scheme - Large & Mid Cap Fund,,100.0,auto_ok,name_fuzzy,6.7,881,150440:93.3; 120665:89.0; 120841:88.3
31976,SBI Large & Midcap Fund,Large & Mid Cap,SBI Mutual Fund,119721,SBI LARGE & MIDCAP FUND -DIRECT PLAN -Growth,Equity Scheme - Large & Mid Cap Fund,,100.0,auto_ok,name_fuzzy,6.6,881,135677:93.4; 119716:93.3; 147750:91.4
45550,Samco Large & Mid Cap Fund,Large & Mid Cap,Samco Mutual Fund,153534,Samco Large & Mid Cap Fund - Direct Plan - Growth Option,Equity Scheme - Large & Mid Cap Fund,,100.0,approved,review_app,,1,
3959,Sundaram Large and Mid Cap Fund,Large & Mid Cap,Sundaram Mutual Fund,119566,Sundaram Large and Midcap Fund Direct Plan - Growth,Equity Scheme - Large & Mid Cap Fund,,98.52,approved,review_app,,1,
31881,Tata Large & Mid Cap Fund,Large & Mid Cap,Tata Mutual Fund,119202,Tata Large & MId Cap Fund -Direct Plan- Growth Option,Equity Scheme - Large & Mid Cap Fund,,100.0,approved,review_app,,1,
32037,UTI Large & Mid Cap Fund,Large & Mid Cap,UTI Mutual Fund,120665,UTI Large & Mid Cap Fund - Direct Plan - Growth Option,Equity Scheme - Large & Mid Cap Fund,,100.0,approved,review_app,,1,
40856,Union Large & Midcap Fund,Large & Mid Cap,Union Mutual Fund,147750,Union Large & Midcap Fund - Direct Plan - Growth Option,Equity Scheme - Large & Mid Cap Fund,,100.0,approved,review_app,,1,
44298,WhiteOak Capital Large & Mid Cap Fund,Large & Mid Cap,Whiteoak Capital Mutual Fund,152226,Whiteoak Capital Large & Mid Cap Fund Direct Plan Growth,Equity Scheme - Large & Mid Cap Fund,,88.65,approved,review_app,,1,
1247,Aditya Birla Sun Life Large Cap Fund,Large Cap,Aditya Birla Sun Life Mutual Fund,119528,Aditya Birla Sun Life Large Cap Fund - Growth - Direct Plan,Equity Scheme - Large Cap Fund,,100.0,auto_ok,name_fuzzy,0.3,881,119436:99.7; 119556:88.3; 120564:88.3
10434,Axis Large Cap Fund,Large Cap,Axis Mutual Fund,120465,Axis Large Cap Fund - Direct Plan - Growth,Equity Scheme - Large Cap Fund,,100.0,auto_ok,name_fuzzy,4.5,881,145110:95.5; 125354:83.9; 118479:83.0
44813,Bajaj Finserv Large Cap Fund,Large Cap,Bajaj Finserv Mutual Fund,152783,BAJAJ FINSERV LARGE CAP FUND - DIRECT PLAN - GROWTH,Equity Scheme - Large Cap Fund,,100.0,auto_ok,name_fuzzy,7.5,881,152408:92.5; 153309:90.7; 153612:90.7
3207,Bandhan Large Cap Fund,Large Cap,Bandhan Mutual Fund,118479,BANDHAN Large Cap Fund-Direct Plan-Growth,Equity Scheme - Large Cap Fund,,100.0,auto_ok,name_fuzzy,3.3,881,118419:96.7; 149303:86.8; 120465:83.0
41987,Bank of India Large Cap Fund,Large Cap,Bank Of India Mutual Fund,148980,BANK OF INDIA Large Cap Fund Direct Plan Growth,Equity Scheme - Large Cap Fund,,84.7,approved,review_app,,1,
2156,Baroda BNP Paribas Large Cap Fund,Large Cap,Baroda BNP Paribas Mutual Fund,150187,BARODA BNP PARIBAS LARGE CAP Fund - Direct Plan - Growth Option,Equity Scheme - Large Cap Fund,,100.0,auto_ok,name_fuzzy,3.9,881,119893:96.1; 148474:94.2; 119354:92.9
10960,Canara Robeco Large Cap Fund,Large Cap,Canara Robeco Mutual Fund,118269,CANARA ROBECO LARGE CAP FUND - DIRECT PLAN - GROWTH OPTION,Equity Scheme - Large Cap Fund,,100.0,auto_ok,name_fuzzy,7.5,881,118278:92.5; 151824:90.7; 150817:90.2
1386,DSP Large Cap Fund,Large Cap,DSP Mutual Fund,119250,DSP Large Cap Fund - Direct Plan - Growth,Equity Scheme - Large Cap Fund,,100.0,auto_ok,name_fuzzy,5.0,881,119218:95.0; 118617:86.0; 120490:85.0
10108,Edelweiss Large Cap Fund,Large Cap,Edelweiss Mutual Fund,118617,Edelweiss Large Cap Fund - Direct Plan-Growth option,Equity Scheme - Large Cap Fund,,100.0,auto_ok,name_fuzzy,2.7,881,140175:97.3; 146196:88.3; 152094:88.3
31893,Franklin India Large Cap Fund,Large Cap,Franklin Templeton Mutual Fund,118531,Franklin India Large Cap Fund- Direct - Growth,Equity Scheme - Large Cap Fund,,100.0,auto_ok,name_fuzzy,1.5,881,118510:98.5; 118525:91.2; 152739:91.2
31883,HDFC Large Cap Fund,Large Cap,HDFC Mutual Fund,119018,HDFC Large Cap Fund - Growth Option - Direct Plan,Equity Scheme - Large Cap Fund,,100.0,auto_ok,name_fuzzy,11.7,881,120490:88.3; 130498:87.6; 148353:86.1
1328,HSBC Large Cap Fund,Large Cap,HSBC Mutual Fund,120030,HSBC Large Cap Fund - Direct Growth,Equity Scheme - Large Cap Fund,,83.08,approved,review_app,,1,
45101,ICICI Prudential Equity Minimum Variance Fund,Large Cap,ICICI Prudential Mutual Fund,153070,ICICI Prudential Equity Minimum Variance Fund - Direct Plan - Growth,Equity Scheme - Sectoral/ Thematic,,100.0,auto_ok,name_fuzzy,19.7,881,150539:80.3; 146643:77.9; 120251:76.8
7298,ICICI Prudential Large Cap Fund,Large Cap,ICICI Prudential Mutual Fund,120596,ICICI Prudential Large & Mid Cap Fund - Direct Plan - Growth,Equity Scheme - Large & Mid Cap Fund,,98.94,auto_ok,name_fuzzy,12.0,881,148990:87.0; 120587:85.7; 120599:83.7
41676,ITI Large Cap Fund,Large Cap,ITI Mutual Fund,148353,ITI Large Cap Fund - Direct Plan - Growth Option,Equity Scheme - Large Cap Fund,,100.0,auto_ok,name_fuzzy,9.3,881,120490:90.7; 119018:86.1; 119308:86.0
10234,Invesco India Largecap Fund,Large Cap,Invesco Mutual Fund,120392,Invesco India Largecap Fund - Direct Plan - Growth,Equity Scheme - Large Cap Fund,,100.0,auto_ok,name_fuzzy,9.8,881,120413:90.2; 145137:90.2; 120403:89.6
31887,JM Large Cap Fund,Large Cap,JM Financial Mutual Fund,120490,JM Large Cap Fund (Direct) - Growth Option,Equity Scheme - Large Cap Fund,,100.0,auto_ok,name_fuzzy,5.5,881,153629:94.5; 148353:90.7; 119018:88.3
32273,Kotak Large Cap Fund,Large Cap,Kotak Mahindra Mutual Fund,120152,Kotak Large Cap  Fund - Growth - Direct,Equity Scheme - Large Cap Fund,,84.1,approved,review_app,,1,
31937,LIC MF Large Cap Fund,Large Cap,LIC Mutual Fund,120267,LIC MF Large Cap Fund-Direct Plan-Growth,Equity Scheme - Large Cap Fund,,100.0,auto_ok,name_fuzzy,3.7,881,133710:96.3; 119598:87.1; 120656:87.1
39700,Mahindra Manulife Large Cap Fund,Large Cap,Mahindra Manulife Mutual Fund,146549,Mahindra Manulife Large Cap Fund - Direct Plan -Growth,Equity Scheme - Large Cap Fund,,100.0,auto_ok,name_fuzzy,0.9,881,147840:99.1; 142110:88.9; 141226:86.2
6550,Mirae Asset Large Cap Fund,Large Cap,Mirae Asset Mutual Fund,118825,Mirae Asset Large Cap Fund - Direct Plan - Growth,Equity Scheme - Large Cap Fund,,100.0,auto_ok,name_fuzzy,15.0,881,118834:85.0; 151412:81.9; 153196:81.9
44427,Motilal Oswal Large Cap Fund,Large Cap,Motilal Oswal Mutual Fund,152354,Motilal Oswal Large Cap Direct Plan Growth,Equity Scheme - Large Cap Fund,,81.4,approved,review_app,,1,
5077,Nippon India Large Cap Fund,Large Cap,Nippon India Mutual Fund,118632,Nippon India Large Cap Fund - Direct Plan Growth Plan - Growth Option,Equity Scheme - Large Cap Fund,,79.23,approved,review_app,,1,
1360,PGIM India Large Cap Fund,Large Cap,PGIM India Mutual Fund,138312,PGIM India Large Cap Fund - Direct Plan - Growth,Equity Scheme - Large Cap Fund,,100.0,auto_ok,name_fuzzy,9.3,881,119308:90.7; 152815:89.0; 152382:85.7
44614,PGIM India Retirement Fund,Large Cap,PGIM India Mutual Fund,149019,PGIM India Small Cap Fund - Direct Plan- Growth Option,Equity Scheme - Small Cap Fund,,71.67,review,name_fuzzy,2.4,881,135601:69.3; 138376:69.3; 138312:68.8
42809,Quant Large Cap Fund,Large Cap,Quant Mutual Fund,150440,quant Large Cap Fund - Growth Option - Direct Plan,Equity Scheme - Large Cap Fund,,100.0,auto_ok,name_fuzzy,4.1,881,120826:95.9; 120656:94.5; 119160:92.2
39840,SBI Equity Minimum Variance Fund,Large Cap,SBI Mutual Fund,146643,SBI Equity Minimum Variance Fund - Direct Plan - Growth,Equity Scheme - Sectoral/ Thematic,,100.0,auto_ok,name_fuzzy,22.1,881,153070:77.9; 134643:70.5; 119609:68.0
2893,SBI Large Cap Fund,Large Cap,SBI Mutual Fund,119598,SBI Large Cap FUND-DIRECT PLAN -GROWTH,Equity Scheme - Large Cap Fund,,100.0,auto_ok,name_fuzzy,6.1,881,120656:93.9; 153239:89.2; 118870:87.1
45367,Samco Large Cap Fund,Large Cap,Samco Mutual Fund,153239,Samco Large Cap Fund - Direct Plan - Growth Option,Equity Scheme - Large Cap Fund,,100.0,auto_ok,name_fuzzy,4.1,881,153534:95.9; 119598:89.2; 119160:87.1
41570,Sundaram Large Cap Fund,Large Cap,Sundaram Mutual Fund,148507,Sundaram Large Cap Fund (Formerly Known as Sundaram Blue Chip Fund)Direct Plan - Growth,Equity Scheme - Large Cap Fund,,62.27,approved,review_app,,1,
32210,Tata Large Cap Fund,Large Cap,Tata Mutual Fund,119160,Tata Large Cap Fund -Direct Plan Growth Option,Equity Scheme - Large Cap Fund,,100.0,auto_ok,name_fuzzy,4.5,881,119202:95.5; 120656:91.5; 118870:90.0
31802,UTI Large Cap Fund,Large Cap,UTI Mutual Fund,120656,UTI Large Cap Fund - Direct Plan - Growth Option,Equity Scheme - Large Cap Fund,,100.0,auto_ok,name_fuzzy,5.0,881,120665:95.0; 150440:94.5; 119598:93.9
34573,Union Largecap Fund,Large Cap,Union Mutual Fund,141248,Union Largecap Fund - Direct Plan - Growth Option,Equity Scheme - Large Cap Fund,,100.0,auto_ok,name_fuzzy,4.5,881,147750:95.5; 150858:83.9; 148073:82.8
43155,WhiteOak Capital Large Cap Fund,Large Cap,Whiteoak Capital Mutual Fund,150797,WhiteOak Capital Large Cap Fund Direct Plan Growth,Equity Scheme - Large Cap Fund,,86.54,approved,review_app,,1,
1286,Aditya Birla Sun Life Mid Cap Fund,Mid Cap,Aditya Birla Sun Life Mutual Fund,119620,Aditya Birla Sun Life Midcap Fund - Growth - Direct Plan,Equity Scheme - Mid Cap Fund,,99.6,approved,review_app,,1,
11656,Axis Midcap Fund,Mid Cap,Axis Mutual Fund,120505,Axis Midcap Fund - Direct Plan - Growth,Equity Scheme - Mid Cap Fund,,100.0,auto_ok,name_fuzzy,11.1,881,119071:88.9; 120389:80.0; 150404:79.3
42784,Bandhan Midcap Fund,Mid Cap,Bandhan Mutual Fund,150404,BANDHAN MIDCAP FUND - GROWTH - DIRECT PLAN,Equity Scheme - Mid Cap Fund,,100.0,auto_ok,name_fuzzy,16.1,881,118364:83.9; 119071:81.5; 118419:81.1
45717,Bank of India Mid Cap Fund,Mid Cap,Bank Of India Mutual Fund,153728,Bank of India Mid Cap Fund - Direct Plan Growth,Equity Scheme - Mid Cap Fund,,83.24,approved,review_app,,1,
3066,Baroda BNP Paribas Midcap Fund,Mid Cap,Baroda BNP Paribas Mutual Fund,150212,BARODA BNP PARIBAS Mid Cap Fund - Direct Plan - Growth Option,Equity Scheme - Mid Cap Fund,,98.52,approved,review_app,,1,
43147,Canara Robeco Mid Cap Fund,Mid Cap,Canara Robeco Mutual Fund,150817,Canara Robeco Mid Cap Fund- Direct Plan- Growth Option,Equity Scheme - Mid Cap Fund,,100.0,auto_ok,name_fuzzy,2.4,881,151824:97.6; 118269:95.2; 118278:93.9
3532,DSP Midcap Fund,Mid Cap,DSP Mutual Fund,119071,DSP Midcap Fund - Direct Plan - Growth,Equity Scheme - Mid Cap Fund,,100.0,auto_ok,name_fuzzy,7.5,881,152310:92.5; 120505:88.9; 150404:81.5
6034,Edelweiss Mid Cap Fund,Mid Cap,Edelweiss Mutual Fund,140228,Edelweiss Mid Cap Fund - Direct Plan - Growth Option,Equity Scheme - Mid Cap Fund,,100.0,auto_ok,name_fuzzy,2.0,881,140175:98.0; 152094:96.3; 118617:92.6
31894,Franklin India Mid Cap Fund,Mid Cap,Franklin Templeton Mutual Fund,118533,Franklin India Mid Cap Fund - Direct - Growth,Equity Scheme - Mid Cap Fund,,100.0,approved,review_app,,1,
4874,HDFC Mid Cap Fund,Mid Cap,HDFC Mutual Fund,118989,HDFC Mid Cap Fund - Growth Option - Direct Plan,Equity Scheme - Mid Cap Fund,,100.0,auto_ok,name_fuzzy,6.1,881,149368:93.9; 149154:93.2; 130503:88.3
2151,HSBC Midcap Fund,Mid Cap,HSBC Mutual Fund,149154,HSBC Mid Cap Fund - Direct - Growth,Equity Scheme - Mid Cap Fund,,88.79,approved,review_app,,1,
45340,Helios Mid Cap Fund,Mid Cap,Helios Mutual Fund,153326,Helios Mid Cap Fund - Direct Plan - Growth Option,Equity Scheme - Mid Cap Fund,,100.0,auto_ok,name_fuzzy,3.6,881,152941:96.4; 153912:90.0; 149154:88.3
2257,ICICI Prudential Midcap Fund,Mid Cap,ICICI Prudential Mutual Fund,120381,ICICI Prudential MidCap Fund - Direct Plan -  Growth,Equity Scheme - Mid Cap Fund,,100.0,auto_ok,name_fuzzy,1.9,881,120599:98.1; 147346:95.6; 120197:90.7
41785,ITI Mid Cap Fund,Mid Cap,ITI Mutual Fund,148733,ITI Mid Cap Fund - Direct Plan - Growth Option,Equity Scheme - Mid Cap Fund,,100.0,auto_ok,name_fuzzy,6.8,881,147183:93.2; 147919:87.4; 148353:86.5
4087,Invesco India Mid Cap Fund,Mid Cap,Invesco Mutual Fund,120403,Invesco India Midcap Fund - Direct Plan - Growth Option,Equity Scheme - Mid Cap Fund,,96.3,approved,review_app,,1,
43173,JM Midcap Fund,Mid Cap,JM Financial Mutual Fund,150815,JM Midcap Fund (Direct) - Growth,Equity Scheme - Mid Cap Fund,,100.0,auto_ok,name_fuzzy,15.0,881,140461:85.0; 119775:82.4; 119071:80.9
4077,Kotak Midcap Fund,Mid Cap,Kotak Mahindra Mutual Fund,119775,Kotak Midcap Fund - Direct Plan - Growth,Equity Scheme - Mid Cap Fund,,100.0,auto_ok,name_fuzzy,5.0,881,120158:95.0; 149185:93.9; 152910:88.9
33825,LIC MF Midcap Fund,Mid Cap,LIC Mutual Fund,152002,LIC MF Mid Cap Fund-Direct Plan-Growth,Equity Scheme - Mid Cap Fund,,91.08,approved,review_app,,1,
35440,Mahindra Manulife Mid Cap Fund,Mid Cap,Mahindra Manulife Mutual Fund,142110,Mahindra Manulife Mid Cap Fund - Direct Plan -Growth,Equity Scheme - Mid Cap Fund,,100.0,auto_ok,name_fuzzy,0.0,881,147840:100.0; 141226:98.5; 150915:95.3
40523,Mirae Asset Midcap Fund,Mid Cap,Mirae Asset Mutual Fund,147445,Mirae Asset Midcap Fund- Direct Growth Option,Equity Scheme - Mid Cap Fund,,78.66,approved,review_app,,1,
23600,Motilal Oswal Midcap Fund,Mid Cap,Motilal Oswal Mutual Fund,127042,Motilal Oswal Midcap Fund-Direct Plan-Growth Option,Equity Scheme - Mid Cap Fund,,100.0,auto_ok,name_fuzzy,17.8,881,152964:82.2; 152760:78.7; 152694:78.5
31962,Nippon India Growth Mid Cap Fund,Mid Cap,Nippon India Mutual Fund,118668,Nippon India Growth Mid Cap Fund - Direct Plan Growth Plan - Growth Option,Equity Scheme - Mid Cap Fund,,82.73,approved,review_app,,1,
21889,PGIM India Midcap Fund,Mid Cap,PGIM India Mutual Fund,125307,PGIM India Midcap Fund - Direct Plan - Growth Option,Equity Scheme - Mid Cap Fund,,100.0,auto_ok,name_fuzzy,8.5,881,152382:91.5; 138299:86.8; 140461:83.9
32611,Quant Mid Cap Fund,Mid Cap,Quant Mutual Fund,120841,quant Mid Cap Fund - Growth Option - Direct Plan,Equity Scheme - Mid Cap Fund,,100.0,auto_ok,name_fuzzy,4.3,881,120826:95.7; 120823:94.5; 119178:90.7
2477,SBI Midcap Fund,Mid Cap,SBI Mutual Fund,119716,SBI MIDCAP FUND - DIRECT PLAN - GROWTH,Equity Scheme - Mid Cap Fund,,100.0,auto_ok,name_fuzzy,6.7,881,119721:93.3; 149882:92.5; 119711:86.5
1233,Sundaram Mid Cap Fund,Mid Cap,Sundaram Mutual Fund,119581,Sundaram Mid Cap Fund Direct Plan - Growth,Equity Scheme - Mid Cap Fund,,100.0,auto_ok,name_fuzzy,8.6,881,119589:91.4; 119566:84.5; 119178:83.9
31882,Tata Mid Cap Fund,Mid Cap,Tata Mutual Fund,119178,Tata Mid Cap Fund - Direct Plan- Growth Option,Equity Scheme - Mid Cap Fund,,100.0,auto_ok,name_fuzzy,5.0,881,119202:95.0; 119807:89.8; 118872:88.3
1960,UTI Mid Cap Fund,Mid Cap,UTI Mutual Fund,120726,UTI Mid Cap Fund-Growth Option- Direct,Equity Scheme - Mid Cap Fund,,70.38,approved,review_app,,1,
41239,Union Midcap Fund,Mid Cap,Union Mutual Fund,148073,Union Midcap Fund - Direct Plan - Growth Option,Equity Scheme - Mid Cap Fund,,100.0,auto_ok,name_fuzzy,5.0,881,147750:95.0; 150858:93.9; 141248:87.8
42925,WhiteOak Capital Mid Cap Fund,Mid Cap,Whiteoak Capital Mutual Fund,150584,WhiteOak Capital Mid Cap Fund Direct Plan Growth,Equity Scheme - Mid Cap Fund,,85.3,approved,review_app,,1,
45746,360 ONE Multi Asset Allocation Fund,Multi Asset Allocation,360 One Mutual Fund,153774,360 ONE Multi Asset Allocation Fund - Direct Plan - Growth,Hybrid Scheme - Multi Asset Allocation,,100.0,auto_ok,name_fuzzy,6.8,881,152787:93.2; 120821:90.3; 153092:90.3
43473,Aditya Birla Sun Life Multi Asset Allocation Fund,Multi Asset Allocation,Aditya Birla Sun Life Mutual Fund,151307,Aditya Birla Sun Life Multi Asset Allocation Fund-Direct Growth,Hybrid Scheme - Multi Asset Allocation,,97.5,approved,review_app,,1,
10970,Axis Multi Asset Allocation Fund,Multi Asset Allocation,Axis Mutual Fund,120524,Axis Multi Asset Allocation Fund - Direct Plan - Growth Option,Hybrid Scheme - Multi Asset Allocation,,100.0,auto_ok,name_fuzzy,2.9,881,152056:97.1; 151792:92.0; 152324:91.6
44688,Bajaj Finserv Multi Asset Allocation Fund,Multi Asset Allocation,Bajaj Finserv Mutual Fund,152639,Bajaj Finserv Multi Asset Allocation Fund - Direct Growth,Hybrid Scheme - Multi Asset Allocation,,95.42,approved,review_app,,1,
44393,Bandhan Multi Asset Allocation Fund,Multi Asset Allocation,Bandhan Mutual Fund,152324,Bandhan Multi Asset Allocation Fund - Direct Plan - Growth,Hybrid Scheme - Multi Asset Allocation,,100.0,auto_ok,name_fuzzy,7.1,881,152056:92.9; 120524:91.6; 154232:88.8
44461,Bank of India Multi Asset Allocation Fund,Multi Asset Allocation,Bank Of India Mutual Fund,152396,Bank of India Multi Asset Allocation Fund-Direct Plan-Growth,Hybrid Scheme - Multi Asset Allocation,,100.0,auto_ok,name_fuzzy,5.8,881,153731:94.2; 148457:91.4; 153987:91.1
43225,Baroda BNP Paribas Multi Asset Fund,Multi Asset Allocation,Baroda BNP Paribas Mutual Fund,150865,Baroda BNP Paribas Multi Asset Fund - Direct Plan - Growth Option,Hybrid Scheme - Multi Asset Allocation,,100.0,auto_ok,name_fuzzy,9.7,881,119354:90.3; 119415:85.0; 150260:83.9
45516,Canara Robeco Multi Asset Allocation Fund,Multi Asset Allocation,Canara Robeco Mutual Fund,153465,Canara Robeco Multi Asset Allocation Fund - Direct Plan - Growth,Hybrid Scheme - Multi Asset Allocation,,100.0,auto_ok,name_fuzzy,13.4,881,152324:86.6; 153092:86.1; 119843:85.6
44124,DSP Multi Asset Allocation Fund,Multi Asset Allocation,DSP Mutual Fund,152056,DSP Multi Asset Allocation Fund - Direct - Growth,Hybrid Scheme - Multi Asset Allocation,,100.0,auto_ok,name_fuzzy,2.9,881,120524:97.1; 151792:93.2; 152324:92.9
43956,Edelweiss Multi Asset Allocation Fund,Multi Asset Allocation,Edelweiss Mutual Fund,151792,Edelweiss Multi Asset Allocation Fund - Direct Plan - Growth,Hybrid Scheme - Multi Asset Allocation,,100.0,auto_ok,name_fuzzy,6.8,881,152056:93.2; 120524:92.0; 152324:85.6
45700,Franklin India Multi Asset Allocation Fund,Multi Asset Allocation,Franklin Templeton Mutual Fund,153731,Franklin India Multi Asset Allocation Fund- Direct-Growth,Hybrid Scheme - Multi Asset Allocation,,100.0,auto_ok,name_fuzzy,5.8,881,152396:94.2; 153987:87.5; 120524:86.1
2632,HDFC Multi-Asset Allocation Fund,Multi Asset Allocation,HDFC Mutual Fund,152380,HSBC Multi Asset Allocation Fund - Direct - Growth,Hybrid Scheme - Multi Asset Allocation,,98.75,auto_ok,name_fuzzy,5.9,881,153246:92.9; 152064:91.2; 119843:90.7
44452,HSBC Multi Asset Allocation Fund,Multi Asset Allocation,HSBC Mutual Fund,152380,HSBC Multi Asset Allocation Fund - Direct - Growth,Hybrid Scheme - Multi Asset Allocation,,100.0,auto_ok,name_fuzzy,7.1,881,153246:92.9; 152064:91.2; 119843:90.7
1318,ICICI Prudential Multi Asset Fund,Multi Asset Allocation,ICICI Prudential Mutual Fund,120334,ICICI Prudential Multi-Asset Fund - Direct Plan - Growth,Hybrid Scheme - Multi Asset Allocation,,100.0,auto_ok,name_fuzzy,9.3,881,120599:90.7; 147346:84.3; 120197:83.7
45095,Invesco India Multi Asset Allocation Fund,Multi Asset Allocation,Invesco Mutual Fund,153047,Invesco India Multi Asset Allocation Fund - Direct Plan - Growth,Hybrid Scheme - Multi Asset Allocation,,100.0,auto_ok,name_fuzzy,11.5,881,153987:88.5; 152380:87.2; 148457:86.5
44115,Kotak Multi Asset Allocation Fund,Multi Asset Allocation,Kotak Mahindra Mutual Fund,152064,Kotak Multi Asset Allocation Fund - Direct Plan - Growth Option,Hybrid Scheme - Multi Asset Allocation,,100.0,auto_ok,name_fuzzy,8.8,881,152380:91.2; 119843:89.4; 120760:89.4
45239,LIC MF Multi Asset Allocation Fund,Multi Asset Allocation,LIC Mutual Fund,153246,LIC MF Multi Asset Allocation Fund-Direct Plan-Growth,Hybrid Scheme - Multi Asset Allocation,,100.0,auto_ok,name_fuzzy,7.1,881,152380:92.9; 152064:88.6; 119843:88.1
44493,Mahindra Manulife Multi Asset Allocation Fund,Multi Asset Allocation,Mahindra Manulife Mutual Fund,152443,Mahindra Manulife Multi Asset Allocation Fund- Direct Plan - Growth,Hybrid Scheme - Multi Asset Allocation,,100.0,auto_ok,name_fuzzy,13.6,881,153047:86.4; 153246:86.0; 141226:85.5
44367,Mirae Asset Multi Asset Allocation Fund,Multi Asset Allocation,Mirae Asset Mutual Fund,152344,Mirae Asset Multi Asset Allocation Fund - Direct Plan - Growth,Hybrid Scheme - Multi Asset Allocation,,100.0,auto_ok,name_fuzzy,10.5,881,120524:89.5; 152056:87.9; 152064:85.6
41540,Nippon India Multi Asset Allocation Fund,Multi Asset Allocation,Nippon India Mutual Fund,148457,Nippon India Multi Asset Allocation Fund - Direct Plan - Growth Option,Hybrid Scheme - Multi Asset Allocation,,100.0,auto_ok,name_fuzzy,5.3,881,153987:94.7; 152787:92.7; 152396:91.4
45947,PGIM India Multi Asset Allocation Fund,Multi Asset Allocation,PGIM India Mutual Fund,153987,PGIM India Multi Asset Allocation Fund - Direct Plan - Growth Option,Hybrid Scheme - Multi Asset Allocation,,100.0,auto_ok,name_fuzzy,5.3,881,148457:94.7; 152396:91.1; 119843:89.1
32607,Quant Multi Asset Allocation Fund,Multi Asset Allocation,Quant Mutual Fund,120821,quant Multi Asset Allocation Fund-GROWTH OPTION-Direct Plan,Hybrid Scheme - Multi Asset Allocation,,100.0,auto_ok,name_fuzzy,0.0,881,152474:100.0; 120760:98.8; 148053:97.3
44540,Quantum Multi Asset Allocation Fund,Multi Asset Allocation,Quantum Mutual Fund,152474,Quantum Multi Asset Allocation Fund - Direct Plan Growth Option,Hybrid Scheme - Multi Asset Allocation,,100.0,approved,review_app,,1,
2825,SBI Multi Asset Allocation Fund,Multi Asset Allocation,SBI Mutual Fund,119843,SBI MULTI ASSET ALLOCATION FUND - DIRECT PLAN - GROWTH,Hybrid Scheme - Multi Asset Allocation,,100.0,auto_ok,name_fuzzy,1.5,881,120760:98.5; 152787:95.6; 153092:95.6
45135,Samco Multi Asset Allocation Fund,Multi Asset Allocation,Samco Mutual Fund,153092,Samco Multi Asset Allocation Fund - Direct Plan - Growth,Hybrid Scheme - Multi Asset Allocation,,100.0,auto_ok,name_fuzzy,4.4,881,119843:95.6; 148053:94.2; 152474:93.2
44405,Sundaram Multi Asset Allocation Fund,Multi Asset Allocation,Sundaram Mutual Fund,152314,Sundaram Multi Asset Allocation Fund Direct Plan Growth,Hybrid Scheme - Multi Asset Allocation,,89.12,approved,review_app,,1,
41156,Tata Multi Asset Allocation Fund,Multi Asset Allocation,Tata Mutual Fund,148053,Tata Multi Asset Allocation Fund-Direct Plan-Growth,Hybrid Scheme - Multi Asset Allocation,,100.0,auto_ok,name_fuzzy,2.9,881,120760:97.1; 120821:94.2; 153092:94.2
45960,The Wealth Company Multi Asset Allocation Fund,Multi Asset Allocation,The Wealth Company Mutual Fund,153999,The Wealth Company Multi Asset Allocation Fund - Direct Growth,Hybrid Scheme - Multi Asset Allocation,,96.79,approved,review_app,,1,
9467,UTI Multi Asset Allocation Fund,Multi Asset Allocation,UTI Mutual Fund,120760,UTI Multi Asset Allocation Fund - Direct Plan - Growth Option,Hybrid Scheme - Multi Asset Allocation,,100.0,auto_ok,name_fuzzy,1.2,881,120821:98.8; 152787:98.8; 119843:98.5
44828,Union Multi Asset Allocation Fund,Multi Asset Allocation,Union Mutual Fund,119327,Union Asset Allocation Fund - Direct Plan - Growth Option,Hybrid Scheme - Multi Asset Allocation,,100.0,auto_ok,name_fuzzy,0.0,881,152787:100.0; 120760:98.8; 120821:95.9
43907,WhiteOak Capital Multi Asset Allocation Fund,Multi Asset Allocation,Whiteoak Capital Mutual Fund,151745,WhiteOak Capital Multi Asset Allocation Fund Direct Plan Growth,Hybrid Scheme - Multi Asset Allocation,,92.24,approved,review_app,,1,
41932,Aditya Birla Sun Life Multi-Cap Fund,Multi Cap,Aditya Birla Sun Life Mutual Fund,148921,Aditya Birla Sun Life Multi-Cap Fund-Direct Growth,Equity Scheme - Multi Cap Fund,,93.7,approved,review_app,,1,
42348,Axis Multicap Fund,Multi Cap,Axis Mutual Fund,149383,Axis Multicap Fund - Direct Growth,Equity Scheme - Multi Cap Fund,,82.0,approved,review_app,,1,
45271,Bajaj Finserv Multi Cap Fund,Multi Cap,Bajaj Finserv Mutual Fund,153309,BAJAJ FINSERV MULTI CAP FUND - DIRECT - GROWTH,Equity Scheme - Multi Cap Fund,,100.0,auto_ok,name_fuzzy,5.7,881,153612:94.3; 152783:90.7; 151833:84.2
42285,Bandhan Multi Cap Fund,Multi Cap,Bandhan Mutual Fund,149303,BANDHAN MULTI CAP FUND - GROWTH - DIRECT PLAN,Equity Scheme - Multi Cap Fund,,100.0,auto_ok,name_fuzzy,9.9,881,153722:90.1; 118479:86.8; 118419:84.2
43593,Bank of India Multi Cap Fund,Multi Cap,Bank Of India Mutual Fund,151443,Bank of India Multi Cap Fund Direct Plan - Growth,Equity Scheme - Multi Cap Fund,,100.0,auto_ok,name_fuzzy,11.7,881,119350:88.3; 119369:84.2; 152815:84.2
1657,Baroda BNP Paribas Multi Cap Fund,Multi Cap,Baroda BNP Paribas Mutual Fund,119354,Baroda BNP Paribas MULTI CAP FUND - Direct Plan - Growth Option,Equity Scheme - Multi Cap Fund,,100.0,auto_ok,name_fuzzy,1.2,881,150212:98.8; 119988:96.1; 150187:92.9
43976,Canara Robeco Multi Cap Fund,Multi Cap,Canara Robeco Mutual Fund,151824,Canara Robeco Multi Cap Fund - Direct Plan - Growth Option,Equity Scheme - Multi Cap Fund,,100.0,auto_ok,name_fuzzy,2.4,881,150817:97.6; 118269:90.7; 118275:85.0
44362,DSP Multicap Fund,Multi Cap,DSP Mutual Fund,152310,DSP Multicap Fund - Direct - Growth,Equity Scheme - Multi Cap Fund,,100.0,auto_ok,name_fuzzy,7.5,881,119071:92.5; 149882:81.5; 151232:79.3
44161,Edelweiss Multi Cap Fund,Multi Cap,Edelweiss Mutual Fund,152094,Edelweiss Multi Cap Fund - Direct Plan - Growth,Equity Scheme - Multi Cap Fund,,100.0,auto_ok,name_fuzzy,3.7,881,140228:96.3; 146196:92.5; 118617:88.3
44768,Franklin India Multi Cap Fund,Multi Cap,Franklin Templeton Mutual Fund,152739,Franklin India Multi Cap Fund - Direct - Growth,Equity Scheme - Multi Cap Fund,,100.0,auto_ok,name_fuzzy,2.1,881,118533:97.9; 118525:94.7; 153942:93.5
42327,HDFC Multi Cap Fund,Multi Cap,HDFC Mutual Fund,149368,HDFC Multi Cap Fund - Growth Option - Direct Plan,Equity Scheme - Multi Cap Fund,,100.0,auto_ok,name_fuzzy,5.5,881,151290:94.5; 118989:93.9; 119131:90.0
43461,HSBC Multi Cap Fund,Multi Cap,HSBC Mutual Fund,151290,HSBC Multi Cap Fund - Direct - Growth,Equity Scheme - Multi Cap Fund,,100.0,auto_ok,name_fuzzy,5.5,881,149368:94.5; 149154:93.9; 147183:86.1
31865,ICICI Prudential Multicap Fund,Multi Cap,ICICI Prudential Mutual Fund,120599,ICICI Prudential Multicap Fund - Direct Plan -  Growth,Equity Scheme - Multi Cap Fund,,100.0,auto_ok,name_fuzzy,1.9,881,120381:98.1; 147346:92.3; 120334:90.7
40307,ITI Multi Cap Fund,Multi Cap,ITI Mutual Fund,147183,ITI Multi Cap Fund - Direct Plan - Growth Option,Equity Scheme - Multi Cap Fund,,100.0,auto_ok,name_fuzzy,6.8,881,148733:93.2; 147919:88.3; 150659:87.1
6465,Invesco India Multicap Fund,Multi Cap,Invesco Mutual Fund,120413,Invesco India Multicap Fund - Direct Plan - Growth Option,Equity Scheme - Multi Cap Fund,,100.0,auto_ok,name_fuzzy,2.7,881,120403:97.3; 145137:93.9; 120392:90.2
42173,Kotak Multicap Fund,Multi Cap,Kotak Mahindra Mutual Fund,149185,Kotak Multicap Fund-Direct Plan-Growth,Equity Scheme - Multi Cap Fund,,100.0,auto_ok,name_fuzzy,6.1,881,119775:93.9; 153034:83.9; 152910:83.8
43071,LIC MF Multi Cap Fund,Multi Cap,LIC Mutual Fund,150659,LIC MF Multi Cap Fund-Direct Plan-Growth,Equity Scheme - Multi Cap Fund,,100.0,auto_ok,name_fuzzy,5.0,881,152002:95.0; 152004:90.7; 147183:87.1
34477,Mahindra Manulife Multi Cap Fund,Multi Cap,Mahindra Manulife Mutual Fund,141226,Mahindra Manulife Multi Cap Fund - Direct Plan -Growth,Equity Scheme - Multi Cap Fund,,100.0,auto_ok,name_fuzzy,1.5,881,142110:98.5; 150915:95.6; 147840:90.3
43983,Mirae Asset Multicap Fund,Multi Cap,Mirae Asset Mutual Fund,151810,Mirae Asset Multicap Fund - Direct Plan - Growth,Equity Scheme - Multi Cap Fund,,100.0,auto_ok,name_fuzzy,20.5,881,153196:79.5; 152310:76.4; 148454:76.4
44697,Motilal Oswal Multi Cap Fund,Multi Cap,Motilal Oswal Mutual Fund,152651,Motilal Oswal Multi Cap Fund-Direct Plan Growth,Equity Scheme - Multi Cap Fund,,84.7,approved,review_app,,1,
2455,Nippon India Multi Cap Fund,Multi Cap,Nippon India Mutual Fund,118650,Nippon India Multi Cap Fund - Direct Plan Growth Plan - Growth Option,Equity Scheme - Multi Cap Fund,,79.23,approved,review_app,,1,
44863,PGIM India Multi Cap Fund,Multi Cap,PGIM India Mutual Fund,152815,PGIM India Multi Cap Fund - Direct Plan - Growth Option,Equity Scheme - Multi Cap Fund,,100.0,auto_ok,name_fuzzy,11.0,881,138312:89.0; 151443:84.2; 147183:84.1
32605,Quant Multi Cap Fund,Multi Cap,Quant Mutual Fund,120823,quant Multi Cap Fund-GROWTH OPTION-Direct Plan,Equity Scheme - Multi Cap Fund,,100.0,auto_ok,name_fuzzy,5.5,881,120841:94.5; 153515:94.5; 153644:86.0
42561,SBI Multicap Fund,Multi Cap,SBI Mutual Fund,149882,SBI Multicap Fund- Direct Plan- Growth option,Equity Scheme - Multi Cap Fund,,100.0,auto_ok,name_fuzzy,7.5,881,119716:92.5; 150858:88.3; 151232:85.0
44886,Samco Multi Cap Fund,Multi Cap,Samco Mutual Fund,152847,Samco Multi Cap Fund - Direct Plan - Growth,Equity Scheme - Multi Cap Fund,,100.0,auto_ok,name_fuzzy,14.0,881,153644:86.0; 120823:85.0; 153239:85.0
32529,Sundaram Multi Cap Fund,Multi Cap,Sundaram Mutual Fund,119581,Sundaram Mid Cap Fund Direct Plan - Growth,Equity Scheme - Mid Cap Fund,,95.91,auto_ok,name_fuzzy,4.0,881,119589:92.0; 153669:90.7; 152847:88.7
43469,Tata Multicap Fund,Multi Cap,Tata Mutual Fund,151232,Tata Multicap Fund - Direct Plan - Growth,Equity Scheme - Multi Cap Fund,,100.0,auto_ok,name_fuzzy,15.0,881,149882:85.0; 150858:80.7; 152310:79.3
45491,UTI Multi Cap Fund,Multi Cap,UTI Mutual Fund,153515,UTI Multi Cap Fund - Direct Plan - Growth Option,Equity Scheme - Multi Cap Fund,,100.0,auto_ok,name_fuzzy,5.5,881,120823:94.5; 153644:90.0; 148618:88.3
43221,Union Multicap Fund,Multi Cap,Union Mutual Fund,150858,Union Multicap Fund - Direct Plan - Growth Option,Equity Scheme - Multi Cap Fund,,100.0,auto_ok,name_fuzzy,6.1,881,148073:93.9; 149882:88.3; 141248:83.9
44143,WhiteOak Capital Multi Cap Fund,Multi Cap,Whiteoak Capital Mutual Fund,152071,WhiteOak Capital Multi Cap Fund Direct Plan Growth,Equity Scheme - Multi Cap Fund,,86.54,approved,review_app,,1,
22046,Aditya Birla Sun Life Banking & Financial Services Fund,Sectoral Banking,Aditya Birla Sun Life Mutual Fund,125597,Aditya Birla Sun Life Banking and Financial Services Fund - Direct Plan - Growth,Equity Scheme - Sectoral/ Thematic,,100.0,auto_ok,name_fuzzy,15.0,881,134017:85.0; 120733:83.3; 149321:83.3
45891,Bajaj Finserv Banking And Financial Services Fund,Sectoral Banking,Bajaj Finserv Mutual Fund,153937,Bajaj Finserv Banking and Financial Services Fund - Direct - Growth,Equity Scheme - Sectoral/ Thematic,,100.0,auto_ok,name_fuzzy,15.5,881,120733:84.5; 149321:84.5; 135793:83.7
43972,Bandhan Financial Services Fund,Sectoral Banking,Bandhan Mutual Fund,151816,BANDHAN FINANCIAL SERVICES FUND - DIRECT PLAN - GROWTH,Equity Scheme - Sectoral/ Thematic,,100.0,auto_ok,name_fuzzy,10.2,881,133859:89.8; 152206:89.8; 148986:88.6
46069,Bank of India Banking & Financial Services Fund,Sectoral Banking,Bank Of India Mutual Fund,154093,Bank of India Banking & Financial Services Fund - Direct Plan - Growth,Equity Scheme - Sectoral/ Thematic,,100.0,auto_ok,name_fuzzy,6.9,881,149321:93.1; 134017:92.4; 148986:89.0
14514,Baroda BNP Paribas Banking and Financial Services Fund,Sectoral Banking,Baroda BNP Paribas Mutual Fund,119333,Baroda BNP Paribas Banking and Financial Services Fund - Direct - Growth Option,Equity Scheme - Sectoral/ Thematic,,100.0,auto_ok,name_fuzzy,14.2,881,154250:85.8; 149321:84.6; 134017:82.1
44270,DSP Banking & Financial Services Fund,Sectoral Banking,DSP Mutual Fund,152206,DSP Banking & Financial Services Fund - Direct - Growth,Equity Scheme - Sectoral/ Thematic,,100.0,auto_ok,name_fuzzy,6.4,881,133859:93.6; 148986:92.3; 151384:91.1
41999,HDFC Banking & Financial Services Fund,Sectoral Banking,HDFC Mutual Fund,148986,HDFC Banking & Financial Services Fund - Growth Option - Direct Plan,Equity Scheme - Sectoral/ Thematic,,100.0,auto_ok,name_fuzzy,4.9,881,133859:95.1; 151384:92.7; 152254:92.7
45279,HSBC Financial Services Fund,Sectoral Banking,HSBC Mutual Fund,153266,HSBC Financial Services Fund - Direct Growth,Equity Scheme - Sectoral/ Thematic,,90.0,approved,review_app,,1,
44732,Helios Financial Services Fund,Sectoral Banking,Helios Mutual Fund,152679,Helios Financial Services Fund - Direct Plan - Growth Option,Equity Scheme - Sectoral/ Thematic,,100.0,auto_ok,name_fuzzy,17.4,881,120385:82.6; 133859:81.9; 148986:80.8
8044,ICICI Prudential Banking and Financial Services Fund,Sectoral Banking,ICICI Prudential Mutual Fund,120244,ICICI Prudential Banking and Financial Services Fund - Direct Plan -  Growth,Equity Scheme - Sectoral/ Thematic,,100.0,auto_ok,name_fuzzy,9.3,881,149321:90.7; 134017:88.0; 154093:85.4
42297,ITI Banking and Financial Services Fund,Sectoral Banking,ITI Mutual Fund,149321,ITI Banking and Financial Services Fund - Direct Plan - Growth Option,Equity Scheme - Sectoral/ Thematic,,100.0,auto_ok,name_fuzzy,3.6,881,134017:96.4; 120733:94.7; 133859:94.2
7599,Invesco India Financial Services Fund,Sectoral Banking,Invesco Mutual Fund,120385,Invesco India Financial Services Fund - Direct Plan - Growth,Equity Scheme - Sectoral/ Thematic,,100.0,auto_ok,name_fuzzy,17.4,881,152679:82.6; 154093:80.6; 153674:77.1
43559,Kotak Banking & Financial Services Fund,Sectoral Banking,Kotak Mahindra Mutual Fund,151384,Kotak Banking & Financial Services Fund - Direct Plan - Growth,Equity Scheme - Sectoral/ Thematic,,100.0,auto_ok,name_fuzzy,5.8,881,152254:94.2; 133859:93.9; 148986:92.7
29210,LIC MF Banking & Financial Services Fund,Sectoral Banking,LIC Mutual Fund,134017,LIC MF Banking and Financial Services Fund-Direct Plan-Growth,Equity Scheme - Sectoral/ Thematic,,100.0,auto_ok,name_fuzzy,4.6,881,133859:95.4; 148986:94.2; 149321:90.7
41656,Mirae Asset Banking and Financial Services Fund,Sectoral Banking,Mirae Asset Mutual Fund,148623,Mirae Asset Banking and Financial Services Fund Direct Growth,Equity Scheme - Sectoral/ Thematic,,97.04,approved,review_app,,1,
1546,Nippon India Banking & Financial Services Fund,Sectoral Banking,Nippon India Mutual Fund,118589,Nippon India Banking & Financial Services Fund - Direct Plan Growth Plan - Growth Option,Equity Scheme - Sectoral/ Thematic,,88.6,approved,review_app,,1,
43960,Quant BFSI Fund,Sectoral Banking,Quant Mutual Fund,151791,quant BFSI Fund - Growth Option - Direct Plan,Equity Scheme - Sectoral/ Thematic,,100.0,auto_ok,name_fuzzy,12.2,881,147306:87.8; 148993:85.0; 120834:83.8
28968,SBI Banking & Financial Services Fund,Sectoral Banking,SBI Mutual Fund,133859,SBI BANKING & FINANCIAL SERVICES FUND - DIRECT PLAN - GROWTH,Equity Scheme - Sectoral/ Thematic,,100.0,auto_ok,name_fuzzy,4.9,881,148986:95.1; 149321:94.2; 151384:93.9
7386,Sundaram Financial Services Opportunities Fund,Sectoral Banking,Sundaram Mutual Fund,119597,Sundaram Financial Services Opportunities Fund Direct Plan - Growth,Equity Scheme - Sectoral/ Thematic,,100.0,auto_ok,name_fuzzy,20.6,881,153624:79.4; 120385:74.9; 144835:74.7
30853,Tata Banking and Financial Services Fund,Sectoral Banking,Tata Mutual Fund,135793,Tata Banking And Financial Services Fund-Direct Plan-Growth,Equity Scheme - Sectoral/ Thematic,,100.0,auto_ok,name_fuzzy,1.3,881,120733:98.7; 149321:93.6; 118868:92.2
1963,UTI Banking and Financial Services Fund,Sectoral Banking,UTI Mutual Fund,120733,UTI Banking and Financial Services Fund - Direct Plan - Growth Option,Equity Scheme - Sectoral/ Thematic,,100.0,auto_ok,name_fuzzy,1.3,881,135793:98.7; 149321:94.7; 134017:91.4
44409,WhiteOak Capital Banking & Financial Services Fund,Sectoral Banking,Whiteoak Capital Mutual Fund,152321,WhiteOak Capital Banking & Financial Services Fund - Direct Growth,Equity Scheme - Sectoral/ Thematic,,97.27,approved,review_app,,1,
32410,Aditya Birla Sun Life Digital India Fund,Sectoral Technology,Aditya Birla Sun Life Mutual Fund,120539,Aditya Birla Sun Life Digital India Fund - Growth - Direct Plan,Equity Scheme - Sectoral/ Thematic,,100.0,auto_ok,name_fuzzy,11.8,881,119517:88.2; 147844:85.3; 119646:84.3
44485,Edelweiss Technology Fund,Sectoral Technology,Edelweiss Mutual Fund,152437,Edelweiss Technology Fund - Direct Plan - Growth,Equity Scheme - Sectoral/ Thematic,,100.0,auto_ok,name_fuzzy,25.4,881,118636:74.6; 140196:74.6; 152059:71.7
32245,Franklin India Technology Fund,Sectoral Technology,Franklin Templeton Mutual Fund,118537,Franklin India Technology Fund - Direct - Growth,Equity Scheme - Sectoral/ Thematic,,100.0,auto_ok,name_fuzzy,20.2,881,118539:79.8; 118557:79.1; 153942:77.7
44139,HDFC Technology Fund,Sectoral Technology,HDFC Mutual Fund,152059,HDFC Technology Fund - Growth Option - Direct Plan,Equity Scheme - Sectoral/ Thematic,,100.0,auto_ok,name_fuzzy,14.0,881,154244:86.0; 152462:83.0; 152863:78.5
32420,ICICI Prudential Technology Fund,Sectoral Technology,ICICI Prudential Mutual Fund,120594,ICICI Prudential Technology Fund - Direct Plan -  Growth,Equity Scheme - Sectoral/ Thematic,,100.0,auto_ok,name_fuzzy,11.3,881,153458:88.7; 147346:83.7; 120587:82.4
44901,Invesco India Technology Fund,Sectoral Technology,Invesco Mutual Fund,152863,Invesco India Technology Fund - Direct Plan - Growth,Equity Scheme - Sectoral/ Thematic,,100.0,auto_ok,name_fuzzy,17.9,881,152756:82.1; 120392:80.0; 120413:80.0
44527,Kotak Technology Fund,Sectoral Technology,Kotak Mahindra Mutual Fund,152462,Kotak Technology Fund - Direct Plan - Growth Option,Equity Scheme - Sectoral/ Thematic,,100.0,auto_ok,name_fuzzy,17.0,881,152059:83.0; 154244:79.4; 152910:78.6
44999,Motilal Oswal Digital India Fund,Sectoral Technology,Motilal Oswal Mutual Fund,152964,Motilal Oswal Digital India Fund - Direct Plan - Growth,Equity Scheme - Sectoral/ Thematic,,100.0,auto_ok,name_fuzzy,15.0,881,135800:85.0; 127042:82.2; 153187:78.3
44145,Quant Teck Fund,Sectoral Technology,Quant Mutual Fund,152067,quant Teck Fund - Growth Option - Direct Plan,Equity Scheme - Sectoral/ Thematic,,100.0,auto_ok,name_fuzzy,12.2,881,153204:87.8; 149335:82.4; 153154:80.9
17056,SBI Technology Opportunities Fund,Sectoral Technology,SBI Mutual Fund,120578,SBI TECHNOLOGY OPPORTUNITIES FUND - DIRECT PLAN - GROWTH,Equity Scheme - Sectoral/ Thematic,,100.0,auto_ok,name_fuzzy,19.0,881,152417:81.0; 152586:78.8; 119783:76.7
30865,Tata Digital India Fund,Sectoral Technology,Tata Mutual Fund,135800,Tata Digital India Fund-Direct Plan-Growth,Equity Scheme - Sectoral/ Thematic,,100.0,auto_ok,name_fuzzy,15.0,881,152964:85.0; 135805:78.1; 119172:75.0
44935,WhiteOak Capital Digital Bharat Fund,Sectoral Technology,Whiteoak Capital Mutual Fund,152915,WhiteOak Capital Digital Bharat Fund Direct Plan Growth,Equity Scheme - Sectoral/ Thematic,,89.12,approved,review_app,,1,
4813,Aditya Birla Sun Life Small Cap Fund,Small Cap,Aditya Birla Sun Life Mutual Fund,119556,Aditya Birla Sun Life Small Cap Fund - Growth - Direct Plan,Equity Scheme - Small Cap Fund,,100.0,auto_ok,name_fuzzy,10.2,881,119646:89.8; 119436:89.2; 119620:89.1
21857,Axis Small Cap Fund,Small Cap,Axis Mutual Fund,125354,Axis Small Cap Fund - Direct Plan - Growth,Equity Scheme - Small Cap Fund,,100.0,auto_ok,name_fuzzy,12.1,881,154215:87.9; 120465:83.9; 152614:82.8
45619,Bajaj Finserv Small Cap Fund,Small Cap,Bajaj Finserv Mutual Fund,153612,BAJAJ FINSERV SMALL CAP FUND - DIRECT - GROWTH,Equity Scheme - Small Cap Fund,,100.0,auto_ok,name_fuzzy,5.7,881,153309:94.3; 152783:90.7; 151895:83.6
41035,Bandhan Small Cap Fund,Small Cap,Bandhan Mutual Fund,147946,BANDHAN SMALL CAP FUND - DIRECT PLAN GROWTH,Equity Scheme - Small Cap Fund,,79.84,approved,review_app,,1,
38760,Bank of India Small Cap Fund,Small Cap,Bank Of India Mutual Fund,145678,BANK OF INDIA Small Cap Fund Direct Plan Growth,Equity Scheme - Small Cap Fund,,84.67,approved,review_app,,1,
44174,Baroda BNP Paribas Small Cap Fund,Small Cap,Baroda BNP Paribas Mutual Fund,152128,Baroda BNP Paribas Small Cap Fund - Direct Plan - Growth option,Equity Scheme - Small Cap Fund,,100.0,auto_ok,name_fuzzy,10.6,881,150212:89.4; 151755:88.9; 119354:86.8
39294,Canara Robeco Small Cap Fund,Small Cap,Canara Robeco Mutual Fund,146130,CANARA ROBECO SMALL CAP FUND - DIRECT PLAN - GROWTH OPTION,Equity Scheme - Small Cap Fund,,100.0,auto_ok,name_fuzzy,13.5,881,150817:86.5; 149085:85.8; 118275:85.0
4876,DSP Small Cap Fund,Small Cap,DSP Mutual Fund,119212,DSP Small Cap Fund - Direct Plan - Growth,Equity Scheme - Small Cap Fund,,100.0,auto_ok,name_fuzzy,14.0,881,146196:86.0; 152614:85.0; 119250:82.8
39328,Edelweiss Small Cap Fund,Small Cap,Edelweiss Mutual Fund,146196,Edelweiss Small Cap Fund - Direct Plan - Growth,Equity Scheme - Small Cap Fund,,100.0,auto_ok,name_fuzzy,7.5,881,152094:92.5; 140228:92.0; 118617:88.3
2829,Franklin India Small Cap Fund,Small Cap,Franklin Templeton Mutual Fund,118525,Franklin India Small Cap Fund - Direct - Growth,Equity Scheme - Small Cap Fund,,100.0,auto_ok,name_fuzzy,5.3,881,152739:94.7; 118533:94.3; 118531:91.2
6558,HDFC Small Cap Fund,Small Cap,HDFC Mutual Fund,130503,HDFC Small Cap Fund - Growth Option - Direct Plan,Equity Scheme - Small Cap Fund,,100.0,auto_ok,name_fuzzy,10.8,881,141475:89.2; 149368:89.2; 118989:88.3
25651,HSBC Small Cap Fund,Small Cap,HSBC Mutual Fund,120069,HSBC Small Cap Equity Fund - Growth Direct,Equity Scheme - Small Cap Fund,,94.4,approved,review_app,,1,
45887,Helios Small Cap Fund,Small Cap,Helios Mutual Fund,153912,Helios Small Cap Fund - Direct Plan - Growth Option,Equity Scheme - Small Cap Fund,,100.0,auto_ok,name_fuzzy,10.0,881,153326:90.0; 125497:87.1; 147919:87.1
5453,ICICI Prudential Smallcap Fund,Small Cap,ICICI Prudential Mutual Fund,120591,ICICI Prudential Smallcap Fund - Direct Plan - Growth,Equity Scheme - Small Cap Fund,,100.0,auto_ok,name_fuzzy,13.6,881,153458:86.4; 147346:81.4; 120592:80.8
40997,ITI Small Cap Fund,Small Cap,ITI Mutual Fund,147919,ITI Small Cap Fund - Direct Plan - Growth Option,Equity Scheme - Small Cap Fund,,100.0,auto_ok,name_fuzzy,3.1,881,141475:96.9; 125497:93.9; 152614:90.7
38320,Invesco India Smallcap Fund,Small Cap,Invesco Mutual Fund,145137,Invesco India Smallcap Fund - Direct Plan - Growth,Equity Scheme - Small Cap Fund,,100.0,auto_ok,name_fuzzy,6.1,881,120413:93.9; 120403:93.5; 120392:90.2
44672,JM Small Cap Fund,Small Cap,JM Financial Mutual Fund,152614,JM Small Cap Fund (Direct) - Growth Option,Equity Scheme - Small Cap Fund,,100.0,auto_ok,name_fuzzy,9.3,881,125497:90.7; 147919:90.7; 152004:89.2
2412,Kotak Small Cap Fund,Small Cap,Kotak Mahindra Mutual Fund,120164,Kotak-Small Cap Fund - Growth - Direct,Equity Scheme - Small Cap Fund,,84.07,approved,review_app,,1,
34761,LIC MF Small Cap Fund,Small Cap,LIC Mutual Fund,152004,LIC MF Small Cap Fund-Direct Plan-Growth,Equity Scheme - Small Cap Fund,,100.0,auto_ok,name_fuzzy,9.3,881,150659:90.7; 152002:90.0; 152614:89.2
43241,Mahindra Manulife Small Cap Fund,Small Cap,Mahindra Manulife Mutual Fund,150915,Mahindra Manulife Small Cap Fund - Direct Plan - Growth,Equity Scheme - Small Cap Fund,,100.0,auto_ok,name_fuzzy,4.4,881,141226:95.6; 142110:95.3; 153303:88.3
45181,Mirae Asset Small Cap Fund,Small Cap,Mirae Asset Mutual Fund,153196,Mirae Asset Small Cap Fund - Direct Plan - Growth,Equity Scheme - Small Cap Fund,,100.0,auto_ok,name_fuzzy,18.1,881,118825:81.9; 151412:81.9; 125354:80.6
44310,Motilal Oswal Small Cap Fund,Small Cap,Motilal Oswal Mutual Fund,152237,Motilal Oswal Small Cap Fund - Direct - Growth,Equity Scheme - Small Cap Fund,,100.0,auto_ok,name_fuzzy,16.4,881,129046:83.6; 152694:81.9; 122389:79.1
11077,Nippon India Small Cap Fund,Small Cap,Nippon India Mutual Fund,118778,Nippon India Small Cap Fund - Direct Plan Growth Plan - Growth Option,Equity Scheme - Small Cap Fund,,79.23,approved,review_app,,1,
42043,PGIM India Small Cap Fund,Small Cap,PGIM India Mutual Fund,149019,PGIM India Small Cap Fund - Direct Plan- Growth Option,Equity Scheme - Small Cap Fund,,100.0,auto_ok,name_fuzzy,13.2,881,141475:86.8; 147919:84.1; 152004:83.3
31845,Quant Small Cap Fund,Small Cap,Quant Mutual Fund,120828,quant Small Cap Fund - Growth Option - Direct Plan,Equity Scheme - Small Cap Fund,,100.0,auto_ok,name_fuzzy,0.0,881,152107:100.0; 147919:89.2; 152614:86.1
44194,Quantum Small Cap Fund,Small Cap,Quantum Mutual Fund,152107,QUANTUM SMALL CAP FUND - DIRECT PLAN GROWTH OPTION,Equity Scheme - Small Cap Fund,,100.0,approved,review_app,,1,
10265,SBI Small Cap Fund,Small Cap,SBI Mutual Fund,125497,SBI Small Cap Fund - Direct Plan - Growth,Equity Scheme - Small Cap Fund,,100.0,auto_ok,name_fuzzy,3.1,881,141475:96.9; 147919:93.9; 152614:90.7
45869,Samco Small Cap Fund,Small Cap,Samco Mutual Fund,154269,The Wealth Company Small Cap Fund- Direct-Growth,Equity Scheme - Small Cap Fund,,57.83,approved,review_app,,1,
2414,Sundaram Small Cap Fund,Small Cap,Sundaram Mutual Fund,119589,Sundaram Small Cap Fund Direct Plan - Growth,Equity Scheme - Small Cap Fund,,100.0,auto_ok,name_fuzzy,8.6,881,119581:91.4; 145206:86.0; 129649:84.1
38468,Tata Small Cap Fund,Small Cap,Tata Mutual Fund,145206,Tata Small Cap Fund-Direct Plan-Growth,Equity Scheme - Small Cap Fund,,100.0,auto_ok,name_fuzzy,8.5,881,148618:91.5; 119178:88.3; 152939:87.9
41699,UTI Small Cap Fund,Small Cap,UTI Mutual Fund,148618,UTI Small Cap Fund - Direct Plan - Growth Option,Equity Scheme - Small Cap Fund,,100.0,auto_ok,name_fuzzy,5.5,881,129649:94.5; 145206:91.5; 152939:90.0
26378,Union Small Cap Fund,Small Cap,Union Mutual Fund,129649,Union Small Cap Fund - Direct Plan - Growth Option,Equity Scheme - Small Cap Fund,,100.0,auto_ok,name_fuzzy,5.5,881,148618:94.5; 119589:84.1; 145206:81.9
