fund_name,category,fund_house,scheme_id,stock_name,sector,allocation_percent,value,change_3m_percent,change_6m_percent,change_1y_percent,scrape_date,source
HDFC Large Cap Fund,Large Cap,HDFC Mutual Fund,31883,ICICI Bank Ltd.,Financial,9.39,"3,330 Cr",9.0,9.17,10.12,2026-05-11,ETMoney
HDFC Large Cap Fund,Large Cap,HDFC Mutual Fund,31883,HDFC Bank Ltd.,Financial,8.0,"2,834 Cr",9.34,9.51,10.19,2026-05-11,ETMoney
HDFC Large Cap Fund,Large Cap,HDFC Mutual Fund,31883,Bharti Airtel Ltd.,Communication,5.99,"2,124 Cr",6.18,5.85,5.72,2026-05-11,ETMoney
HDFC Large Cap Fund,Large Cap,HDFC Mutual Fund,31883,Reliance Industries Ltd.,Energy,5.4,"1,915 Cr",6.09,4.8,4.04,2026-05-11,ETMoney
HDFC Large Cap Fund,Large Cap,HDFC Mutual Fund,31883,Kotak Mahindra Bank Ltd.,Financial,5.13,"1,820 Cr",4.42,3.82,4.41,2026-05-11,ETMoney
HDFC Large Cap Fund,Large Cap,HDFC Mutual Fund,31883,Titan Company Ltd.,Consumer Discretionary,4.59,"1,628 Cr",4.11,3.38,2.02,2026-05-11,ETMoney
HDFC Large Cap Fund,Large Cap,HDFC Mutual Fund,31883,Infosys Ltd.,Technology,3.99,"1,415 Cr",3.15,3.25,4.73,2026-05-11,ETMoney
HDFC Large Cap Fund,Large Cap,HDFC Mutual Fund,31883,Torrent Pharmaceuticals Ltd.,Healthcare,3.79,"1,342 Cr",3.02,2.84,0.2,2026-05-11,ETMoney
HDFC Large Cap Fund,Large Cap,HDFC Mutual Fund,31883,Axis Bank Ltd.,Financial,3.51,"1,243 Cr",3.35,3.17,5.21,2026-05-11,ETMoney
HDFC Large Cap Fund,Large Cap,HDFC Mutual Fund,31883,Bajaj Auto Ltd.,Automobile,3.09,"1,094 Cr",2.75,2.71,1.77,2026-05-11,ETMoney
HDFC Large Cap Fund,Large Cap,HDFC Mutual Fund,31883,Lupin Ltd.,Healthcare,3.01,"1,068 Cr",2.4,2.31,1.89,2026-05-11,ETMoney
HDFC Large Cap Fund,Large Cap,HDFC Mutual Fund,31883,Bajaj Finserv Ltd.,Financial,2.64,935.1 Cr,2.09,2.13,,2026-05-11,ETMoney
HDFC Large Cap Fund,Large Cap,HDFC Mutual Fund,31883,Ambuja Cements Ltd.,Materials,2.52,894.52 Cr,3.05,3.32,0.68,2026-05-11,ETMoney
HDFC Large Cap Fund,Large Cap,HDFC Mutual Fund,31883,NTPC Ltd.,Energy,2.33,827.19 Cr,2.41,3.74,5.41,2026-05-11,ETMoney
HDFC Large Cap Fund,Large Cap,HDFC Mutual Fund,31883,Cholamandalam Investment and Finance Company Ltd.,Financial,2.0,709.82 Cr,2.2,2.21,1.74,2026-05-11,ETMoney
HDFC Large Cap Fund,Large Cap,HDFC Mutual Fund,31883,Eternal Ltd.,Services,1.95,692.97 Cr,2.06,2.56,1.42,2026-05-11,ETMoney
HDFC Large Cap Fund,Large Cap,HDFC Mutual Fund,31883,Tata Motors Ltd.,Automobile,1.91,677.33 Cr,1.76,,,2026-05-11,ETMoney
HDFC Large Cap Fund,Large Cap,HDFC Mutual Fund,31883,State Bank of India,Financial,1.76,622.64 Cr,1.54,1.45,1.14,2026-05-11,ETMoney
HDFC Large Cap Fund,Large Cap,HDFC Mutual Fund,31883,Interglobe Aviation Ltd.,Services,1.67,591.23 Cr,1.51,1.51,,2026-05-11,ETMoney
HDFC Large Cap Fund,Large Cap,HDFC Mutual Fund,31883,United Spirits Ltd.,Consumer Staples,1.64,582.04 Cr,1.7,1.62,0.55,2026-05-11,ETMoney
HDFC Large Cap Fund,Large Cap,HDFC Mutual Fund,31883,Mankind Pharma Ltd.,Healthcare,1.55,549.48 Cr,1.48,1.5,1.23,2026-05-11,ETMoney
HDFC Large Cap Fund,Large Cap,HDFC Mutual Fund,31883,Vishal Mega Mart Ltd.,Services,1.46,518.83 Cr,1.27,1.48,,2026-05-11,ETMoney
HDFC Large Cap Fund,Large Cap,HDFC Mutual Fund,31883,Tata Consumer Products Ltd.,Consumer Staples,1.45,513.07 Cr,1.48,1.49,1.4,2026-05-11,ETMoney
HDFC Large Cap Fund,Large Cap,HDFC Mutual Fund,31883,Havells India Ltd.,Capital Goods,1.45,515.43 Cr,1.52,1.03,0.77,2026-05-11,ETMoney
HDFC Large Cap Fund,Large Cap,HDFC Mutual Fund,31883,Max Healthcare Institute Ltd.,Healthcare,1.36,483.12 Cr,0.98,,,2026-05-11,ETMoney
HDFC Large Cap Fund,Large Cap,HDFC Mutual Fund,31883,Indusind Bank Ltd.,Financial,1.31,464.87 Cr,1.31,1.19,1.11,2026-05-11,ETMoney
HDFC Large Cap Fund,Large Cap,HDFC Mutual Fund,31883,Larsen & Toubro Ltd.,Construction,1.29,458.79 Cr,1.32,1.25,5.87,2026-05-11,ETMoney
HDFC Large Cap Fund,Large Cap,HDFC Mutual Fund,31883,Maruti Suzuki India Ltd.,Automobile,1.25,442.35 Cr,1.48,1.72,0.45,2026-05-11,ETMoney
HDFC Large Cap Fund,Large Cap,HDFC Mutual Fund,31883,Eicher Motors Ltd.,Automobile,1.16,412.39 Cr,1.13,1.15,0.93,2026-05-11,ETMoney
HDFC Large Cap Fund,Large Cap,HDFC Mutual Fund,31883,Hyundai Motor India Ltd.,Automobile,1.1,389.04 Cr,1.24,1.48,1.03,2026-05-11,ETMoney
HDFC Large Cap Fund,Large Cap,HDFC Mutual Fund,31883,ICICI Prudential Asset Management Company Ltd.,Unclassified,1.08,384.23 Cr,0.62,,,2026-05-11,ETMoney
HDFC Large Cap Fund,Large Cap,HDFC Mutual Fund,31883,SRF Ltd.,Chemicals,0.95,338.4 Cr,1.05,1.02,1.13,2026-05-11,ETMoney
HDFC Large Cap Fund,Large Cap,HDFC Mutual Fund,31883,Swiggy Ltd.,Services,0.84,298.32 Cr,0.64,,,2026-05-11,ETMoney
HDFC Large Cap Fund,Large Cap,HDFC Mutual Fund,31883,Mahindra & Mahindra Ltd.,Automobile,0.82,292.15 Cr,0.9,0.89,0.73,2026-05-11,ETMoney
HDFC Large Cap Fund,Large Cap,HDFC Mutual Fund,31883,Adani Ports and Special Economic Zone Ltd.,Services,0.81,286.8 Cr,1.38,1.4,,2026-05-11,ETMoney
HDFC Large Cap Fund,Large Cap,HDFC Mutual Fund,31883,Dabur India Ltd.,Consumer Staples,0.8,282.62 Cr,0.85,0.88,0.97,2026-05-11,ETMoney
HDFC Large Cap Fund,Large Cap,HDFC Mutual Fund,31883,Tata Motors Passenger Vehicles Ltd.,Automobile,0.62,219.31 Cr,0.84,3.05,3.2,2026-05-11,ETMoney
HDFC Large Cap Fund,Large Cap,HDFC Mutual Fund,31883,Sun Pharmaceutical Industries Ltd.,Healthcare,0.59,208.21 Cr,2.56,2.52,2.91,2026-05-11,ETMoney
HDFC Large Cap Fund,Large Cap,HDFC Mutual Fund,31883,Tata Capital Ltd.,Financial,0.52,183.31 Cr,0.29,,,2026-05-11,ETMoney
HDFC Large Cap Fund,Large Cap,HDFC Mutual Fund,31883,CG Power and Industrial Solutions Ltd.,Capital Goods,0.5,177.22 Cr,0.29,0.35,,2026-05-11,ETMoney
HDFC Large Cap Fund,Large Cap,HDFC Mutual Fund,31883,DLF Ltd.,Construction,0.3,106.81 Cr,0.36,0.39,0.57,2026-05-11,ETMoney
HDFC Large Cap Fund,Large Cap,HDFC Mutual Fund,31883,Cummins India Ltd.,Capital Goods,0.29,103.51 Cr,0.25,0.24,0.19,2026-05-11,ETMoney
HDFC Large Cap Fund,Large Cap,HDFC Mutual Fund,31883,Billionbrains Garage Ventures Ltd.,Financial,0.24,86.7 Cr,0.22,,,2026-05-11,ETMoney
HDFC Large Cap Fund,Large Cap,HDFC Mutual Fund,31883,Hindalco Industries Ltd.,Metals & Mining,0.22,79.21 Cr,1.25,1.14,1.09,2026-05-11,ETMoney
HDFC Large Cap Fund,Large Cap,HDFC Mutual Fund,31883,SBI Life Insurance Company Ltd.,Insurance,0.2,70.48 Cr,0.2,0.19,0.39,2026-05-11,ETMoney
ICICI Prudential Bluechip Fund,Large Cap,ICICI Prudential Mutual Fund,14566,Kenvue Inc.,Consumer Staples,2.67,--,,,,2026-05-11,ETMoney
ICICI Prudential Bluechip Fund,Large Cap,ICICI Prudential Mutual Fund,14566,Salesforce Com.,Technology,2.66,--,,,,2026-05-11,ETMoney
ICICI Prudential Bluechip Fund,Large Cap,ICICI Prudential Mutual Fund,14566,Brown-Forman Corp,Consumer Staples,2.61,--,,,,2026-05-11,ETMoney
ICICI Prudential Bluechip Fund,Large Cap,ICICI Prudential Mutual Fund,14566,Clorox Company,Consumer Staples,2.61,--,,,,2026-05-11,ETMoney
ICICI Prudential Bluechip Fund,Large Cap,ICICI Prudential Mutual Fund,14566,Tyler Technologies Inc,Technology,2.59,--,,,,2026-05-11,ETMoney
ICICI Prudential Bluechip Fund,Large Cap,ICICI Prudential Mutual Fund,14566,Danaher Corporation,Healthcare,2.49,--,,,,2026-05-11,ETMoney
ICICI Prudential Bluechip Fund,Large Cap,ICICI Prudential Mutual Fund,14566,Constellation Brands Inc.,Consumer Staples,2.48,--,,,,2026-05-11,ETMoney
ICICI Prudential Bluechip Fund,Large Cap,ICICI Prudential Mutual Fund,14566,Broadridge Financial Solutions Inc,Technology,2.41,--,,,,2026-05-11,ETMoney
ICICI Prudential Bluechip Fund,Large Cap,ICICI Prudential Mutual Fund,14566,Otis Worldwide Corp,Capital Goods,2.39,--,,,,2026-05-11,ETMoney
ICICI Prudential Bluechip Fund,Large Cap,ICICI Prudential Mutual Fund,14566,NXP Semiconductor,Capital Goods,2.38,--,,,,2026-05-11,ETMoney
ICICI Prudential Bluechip Fund,Large Cap,ICICI Prudential Mutual Fund,14566,United Parcel Services INC,Services,2.36,--,,,,2026-05-11,ETMoney
ICICI Prudential Bluechip Fund,Large Cap,ICICI Prudential Mutual Fund,14566,Agilent Technologies Inc,Healthcare,2.35,--,,,,2026-05-11,ETMoney
ICICI Prudential Bluechip Fund,Large Cap,ICICI Prudential Mutual Fund,14566,GE Healthcare Technologies Inc,Healthcare,2.33,--,,,,2026-05-11,ETMoney
ICICI Prudential Bluechip Fund,Large Cap,ICICI Prudential Mutual Fund,14566,Zimmer Biomet Holdings,Healthcare,2.31,--,,,,2026-05-11,ETMoney
ICICI Prudential Bluechip Fund,Large Cap,ICICI Prudential Mutual Fund,14566,Microsoft Corportion (US),Technology,2.3,--,,,,2026-05-11,ETMoney
ICICI Prudential Bluechip Fund,Large Cap,ICICI Prudential Mutual Fund,14566,Mondelez International,Consumer Staples,2.26,--,,,,2026-05-11,ETMoney
ICICI Prudential Bluechip Fund,Large Cap,ICICI Prudential Mutual Fund,14566,Fortinet Inc,Technology,2.26,--,,,,2026-05-11,ETMoney
ICICI Prudential Bluechip Fund,Large Cap,ICICI Prudential Mutual Fund,14566,Nike Inc.,Consumer Discretionary,2.23,--,,,,2026-05-11,ETMoney
ICICI Prudential Bluechip Fund,Large Cap,ICICI Prudential Mutual Fund,14566,MarketAxess Holdings Inc,Financial,2.21,--,,,,2026-05-11,ETMoney
ICICI Prudential Bluechip Fund,Large Cap,ICICI Prudential Mutual Fund,14566,Airbnb Inc,Services,2.2,--,,,,2026-05-11,ETMoney
ICICI Prudential Bluechip Fund,Large Cap,ICICI Prudential Mutual Fund,14566,TransUnion,Financial,2.19,--,,,,2026-05-11,ETMoney
ICICI Prudential Bluechip Fund,Large Cap,ICICI Prudential Mutual Fund,14566,Bristol-Myers Squibb Co,Healthcare,2.09,--,,,,2026-05-11,ETMoney
ICICI Prudential Bluechip Fund,Large Cap,ICICI Prudential Mutual Fund,14566,Estee Lauder Stock,Consumer Staples,2.08,--,,,,2026-05-11,ETMoney
ICICI Prudential Bluechip Fund,Large Cap,ICICI Prudential Mutual Fund,14566,Masco Corp,Construction,2.0,--,,,,2026-05-11,ETMoney
ICICI Prudential Bluechip Fund,Large Cap,ICICI Prudential Mutual Fund,14566,Workday Inc.,Technology,2.0,--,,,,2026-05-11,ETMoney
ICICI Prudential Bluechip Fund,Large Cap,ICICI Prudential Mutual Fund,14566,Adobe Inc,Technology,1.98,--,,,,2026-05-11,ETMoney
ICICI Prudential Bluechip Fund,Large Cap,ICICI Prudential Mutual Fund,14566,Zoetis Inc,Healthcare,1.87,--,,,,2026-05-11,ETMoney
ICICI Prudential Bluechip Fund,Large Cap,ICICI Prudential Mutual Fund,14566,Huntington Ingalls Industries Inc. (US),Capital Goods,1.79,--,,,,2026-05-11,ETMoney
ICICI Prudential Bluechip Fund,Large Cap,ICICI Prudential Mutual Fund,14566,Alphabet Inc Class C,Services,1.76,--,,,,2026-05-11,ETMoney
ICICI Prudential Bluechip Fund,Large Cap,ICICI Prudential Mutual Fund,14566,The Boeing Co,Capital Goods,1.49,--,,,,2026-05-11,ETMoney
ICICI Prudential Bluechip Fund,Large Cap,ICICI Prudential Mutual Fund,14566,Idex Corporation (Foreign),Capital Goods,1.48,--,,,,2026-05-11,ETMoney
ICICI Prudential Bluechip Fund,Large Cap,ICICI Prudential Mutual Fund,14566,Amazon. com Inc. (USA),Services,1.46,--,,,,2026-05-11,ETMoney
ICICI Prudential Bluechip Fund,Large Cap,ICICI Prudential Mutual Fund,14566,Thermo Fisher Scientific Inc.,Healthcare,1.45,--,,,,2026-05-11,ETMoney
ICICI Prudential Bluechip Fund,Large Cap,ICICI Prudential Mutual Fund,14566,Applied Materials Inc. (USA),Capital Goods,1.43,--,,,,2026-05-11,ETMoney
ICICI Prudential Bluechip Fund,Large Cap,ICICI Prudential Mutual Fund,14566,PepsiCo Inc,Consumer Staples,1.41,--,,,,2026-05-11,ETMoney
ICICI Prudential Bluechip Fund,Large Cap,ICICI Prudential Mutual Fund,14566,Northrop Grumman Co. (US),Capital Goods,1.4,--,,,,2026-05-11,ETMoney
ICICI Prudential Bluechip Fund,Large Cap,ICICI Prudential Mutual Fund,14566,LPL Financial Holdings Inc. (LPLA),Financial,1.35,--,,,,2026-05-11,ETMoney
ICICI Prudential Bluechip Fund,Large Cap,ICICI Prudential Mutual Fund,14566,Freeport McMoran Copper & Gold Ltd.,Others,1.32,--,,,,2026-05-11,ETMoney
ICICI Prudential Bluechip Fund,Large Cap,ICICI Prudential Mutual Fund,14566,Motorola Solutions Inc,Communication,1.3,--,,,,2026-05-11,ETMoney
ICICI Prudential Bluechip Fund,Large Cap,ICICI Prudential Mutual Fund,14566,West Pharmaceutical Services Inc,Healthcare,1.3,--,,,,2026-05-11,ETMoney
ICICI Prudential Bluechip Fund,Large Cap,ICICI Prudential Mutual Fund,14566,Hershey Food Corporation,Consumer Staples,1.26,--,,,,2026-05-11,ETMoney
ICICI Prudential Bluechip Fund,Large Cap,ICICI Prudential Mutual Fund,14566,ServiceNow Inc,Technology,1.26,--,,,,2026-05-11,ETMoney
ICICI Prudential Bluechip Fund,Large Cap,ICICI Prudential Mutual Fund,14566,U.S. Bancorp,Financial,1.22,--,,,,2026-05-11,ETMoney
ICICI Prudential Bluechip Fund,Large Cap,ICICI Prudential Mutual Fund,14566,Charles Schwab Corporation,Financial,1.2,--,,,,2026-05-11,ETMoney
ICICI Prudential Bluechip Fund,Large Cap,ICICI Prudential Mutual Fund,14566,The Walt Disney Company,Services,1.1,--,,,,2026-05-11,ETMoney
ICICI Prudential Bluechip Fund,Large Cap,ICICI Prudential Mutual Fund,14566,Chipotle Mexican Grill Inc,Services,1.1,--,,,,2026-05-11,ETMoney
ICICI Prudential Bluechip Fund,Large Cap,ICICI Prudential Mutual Fund,14566,Equifax Inc,Financial,1.09,--,,,,2026-05-11,ETMoney
ICICI Prudential Bluechip Fund,Large Cap,ICICI Prudential Mutual Fund,14566,Copart Inc.,Services,1.09,--,,,,2026-05-11,ETMoney
ICICI Prudential Bluechip Fund,Large Cap,ICICI Prudential Mutual Fund,14566,Entegris Inc,Capital Goods,0.91,--,,,,2026-05-11,ETMoney
ICICI Prudential Bluechip Fund,Large Cap,ICICI Prudential Mutual Fund,14566,CoStar Group Inc.,Construction,0.77,--,,,,2026-05-11,ETMoney
ICICI Prudential Bluechip Fund,Large Cap,ICICI Prudential Mutual Fund,14566,Palo Alto Networks Inc. Common Stock,Technology,0.63,--,,,,2026-05-11,ETMoney
ICICI Prudential Bluechip Fund,Large Cap,ICICI Prudential Mutual Fund,14566,Blackstone Group Inc (BX),Financial,0.57,--,,,,2026-05-11,ETMoney
ICICI Prudential Bluechip Fund,Large Cap,ICICI Prudential Mutual Fund,14566,Veeva Systems Inc.,Healthcare,0.55,--,,,,2026-05-11,ETMoney
ICICI Prudential Bluechip Fund,Large Cap,ICICI Prudential Mutual Fund,14566,Oracle Corporation (US),Technology,0.5,--,,,,2026-05-11,ETMoney
ICICI Prudential Bluechip Fund,Large Cap,ICICI Prudential Mutual Fund,14566,Broadcom Inc,Capital Goods,0.49,--,,,,2026-05-11,ETMoney
ICICI Prudential Bluechip Fund,Large Cap,ICICI Prudential Mutual Fund,14566,Datadog Inc,Technology,0.45,--,,,,2026-05-11,ETMoney
ICICI Prudential Bluechip Fund,Large Cap,ICICI Prudential Mutual Fund,14566,EPAM Systems Inc,Technology,0.41,--,,,,2026-05-11,ETMoney
ICICI Prudential Bluechip Fund,Large Cap,ICICI Prudential Mutual Fund,14566,Campbell Soup Co.,Consumer Staples,0.36,--,,,,2026-05-11,ETMoney
ICICI Prudential Bluechip Fund,Large Cap,ICICI Prudential Mutual Fund,14566,Fair Isaac Corporation,Technology,0.36,--,,,,2026-05-11,ETMoney
ICICI Prudential Bluechip Fund,Large Cap,ICICI Prudential Mutual Fund,14566,Jack Henry & Associates Inc,Technology,0.2,--,,,,2026-05-11,ETMoney
ICICI Prudential Bluechip Fund,Large Cap,ICICI Prudential Mutual Fund,14566,Yum China Holdings Inc.,Services,0.01,--,,,,2026-05-11,ETMoney
SBI Large Cap Fund,Large Cap,SBI Mutual Fund,2893,HDFC Bank Ltd.,Financial,9.05,"4,425 Cr",7.22,9.25,10.24,2026-05-11,ETMoney
SBI Large Cap Fund,Large Cap,SBI Mutual Fund,2893,ICICI Bank Ltd.,Financial,8.1,"3,961 Cr",6.97,7.4,7.92,2026-05-11,ETMoney
SBI Large Cap Fund,Large Cap,SBI Mutual Fund,2893,Reliance Industries Ltd.,Energy,6.73,"3,292 Cr",6.89,7.49,5.68,2026-05-11,ETMoney
SBI Large Cap Fund,Large Cap,SBI Mutual Fund,2893,Larsen & Toubro Ltd.,Construction,5.3,"2,593 Cr",5.41,5.13,5.23,2026-05-11,ETMoney
SBI Large Cap Fund,Large Cap,SBI Mutual Fund,2893,State Bank of India,Financial,3.82,"1,871 Cr",3.36,3.16,2.7,2026-05-11,ETMoney
SBI Large Cap Fund,Large Cap,SBI Mutual Fund,2893,Asian Paints Ltd.,Materials,3.67,"1,797 Cr",4.11,3.69,,2026-05-11,ETMoney
SBI Large Cap Fund,Large Cap,SBI Mutual Fund,2893,HDFC Life Insurance Co Ltd.,Insurance,3.5,"1,712 Cr",2.98,2.61,1.26,2026-05-11,ETMoney
SBI Large Cap Fund,Large Cap,SBI Mutual Fund,2893,Infosys Ltd.,Technology,3.43,"1,678 Cr",3.88,3.98,4.36,2026-05-11,ETMoney
SBI Large Cap Fund,Large Cap,SBI Mutual Fund,2893,Kotak Mahindra Bank Ltd.,Financial,3.32,"1,625 Cr",3.62,3.47,4.04,2026-05-11,ETMoney
SBI Large Cap Fund,Large Cap,SBI Mutual Fund,2893,Axis Bank Ltd.,Financial,3.26,"1,596 Cr",3.12,2.95,2.45,2026-05-11,ETMoney
SBI Large Cap Fund,Large Cap,SBI Mutual Fund,2893,Tata Motors Ltd.,Automobile,3.07,"1,500 Cr",2.83,,,2026-05-11,ETMoney
SBI Large Cap Fund,Large Cap,SBI Mutual Fund,2893,Bharti Airtel Ltd.,Communication,2.66,"1,301 Cr",2.75,2.6,2.96,2026-05-11,ETMoney
SBI Large Cap Fund,Large Cap,SBI Mutual Fund,2893,Avenue Supermarts Ltd.,Services,2.49,"1,218 Cr",2.08,2.46,1.22,2026-05-11,ETMoney
SBI Large Cap Fund,Large Cap,SBI Mutual Fund,2893,Samvardhana Motherson International Ltd.,Automobile,2.47,"1,208 Cr",2.47,1.95,1.72,2026-05-11,ETMoney
SBI Large Cap Fund,Large Cap,SBI Mutual Fund,2893,Divi's Laboratories Ltd.,Healthcare,2.47,"1,208 Cr",3.13,2.94,3.19,2026-05-11,ETMoney
SBI Large Cap Fund,Large Cap,SBI Mutual Fund,2893,Page Industries Ltd.,Textiles,2.06,"1,007 Cr",2.04,2.44,2.74,2026-05-11,ETMoney
SBI Large Cap Fund,Large Cap,SBI Mutual Fund,2893,Thermax Ltd.,Capital Goods,1.93,945.6 Cr,1.57,1.74,1.28,2026-05-11,ETMoney
SBI Large Cap Fund,Large Cap,SBI Mutual Fund,2893,Varun Beverages Ltd.,Consumer Staples,1.92,941.04 Cr,2.15,1.32,,2026-05-11,ETMoney
SBI Large Cap Fund,Large Cap,SBI Mutual Fund,2893,Tata Steel Ltd.,Metals & Mining,1.84,901.74 Cr,1.51,1.78,,2026-05-11,ETMoney
SBI Large Cap Fund,Large Cap,SBI Mutual Fund,2893,Tech Mahindra Ltd.,Technology,1.84,899.6 Cr,1.85,1.48,0.61,2026-05-11,ETMoney
SBI Large Cap Fund,Large Cap,SBI Mutual Fund,2893,Cholamandalam Investment and Finance Company Ltd.,Financial,1.83,894.1 Cr,2.01,2.34,2.86,2026-05-11,ETMoney
SBI Large Cap Fund,Large Cap,SBI Mutual Fund,2893,Shree Cement Ltd.,Materials,1.79,874.76 Cr,1.81,2.1,1.7,2026-05-11,ETMoney
SBI Large Cap Fund,Large Cap,SBI Mutual Fund,2893,Mankind Pharma Ltd.,Healthcare,1.67,816.94 Cr,1.6,1.88,1.38,2026-05-11,ETMoney
SBI Large Cap Fund,Large Cap,SBI Mutual Fund,2893,Hindustan Unilever Ltd.,Consumer Staples,1.43,701.68 Cr,1.9,2.18,2.1,2026-05-11,ETMoney
SBI Large Cap Fund,Large Cap,SBI Mutual Fund,2893,Vedanta Ltd.,Metals & Mining,1.41,688.28 Cr,1.14,1.1,1.28,2026-05-11,ETMoney
SBI Large Cap Fund,Large Cap,SBI Mutual Fund,2893,Eternal Ltd.,Services,1.36,664.04 Cr,2.04,2.53,,2026-05-11,ETMoney
SBI Large Cap Fund,Large Cap,SBI Mutual Fund,2893,Hindalco Industries Ltd.,Metals & Mining,1.33,648.84 Cr,1.75,1.59,1.52,2026-05-11,ETMoney
SBI Large Cap Fund,Large Cap,SBI Mutual Fund,2893,Sun Pharmaceutical Industries Ltd.,Healthcare,1.22,597.44 Cr,,,1.65,2026-05-11,ETMoney
SBI Large Cap Fund,Large Cap,SBI Mutual Fund,2893,ICICI Prudential Asset Management Company Ltd.,Unclassified,1.16,567.43 Cr,1.48,,,2026-05-11,ETMoney
SBI Large Cap Fund,Large Cap,SBI Mutual Fund,2893,ICICI Prudential Life Insurance Company Ltd.,Insurance,1.05,515.76 Cr,1.12,0.83,0.86,2026-05-11,ETMoney
SBI Large Cap Fund,Large Cap,SBI Mutual Fund,2893,Schaeffler India Ltd.,Capital Goods,1.03,505.54 Cr,0.91,1.05,0.9,2026-05-11,ETMoney
SBI Large Cap Fund,Large Cap,SBI Mutual Fund,2893,Sona BLW Precision Forgings Ltd.,Automobile,0.98,481.5 Cr,0.86,0.78,0.93,2026-05-11,ETMoney
SBI Large Cap Fund,Large Cap,SBI Mutual Fund,2893,Britannia Industries Ltd.,Consumer Staples,0.96,471.32 Cr,2.51,3.49,3.07,2026-05-11,ETMoney
SBI Large Cap Fund,Large Cap,SBI Mutual Fund,2893,Eicher Motors Ltd.,Automobile,0.91,445.08 Cr,1.83,4.08,3.33,2026-05-11,ETMoney
SBI Large Cap Fund,Large Cap,SBI Mutual Fund,2893,Interglobe Aviation Ltd.,Services,0.89,433.78 Cr,,,,2026-05-11,ETMoney
SBI Large Cap Fund,Large Cap,SBI Mutual Fund,2893,ICICI Lombard General Insurance Company Ltd.,Insurance,0.89,436.9 Cr,0.9,0.91,0.75,2026-05-11,ETMoney
SBI Large Cap Fund,Large Cap,SBI Mutual Fund,2893,Brainbees Solutions Ltd.,Consumer Discretionary,0.86,422.93 Cr,0.32,0.43,0.46,2026-05-11,ETMoney
SBI Large Cap Fund,Large Cap,SBI Mutual Fund,2893,GAIL (India) Ltd.,Energy,0.82,399.35 Cr,0.89,0.97,0.42,2026-05-11,ETMoney
SBI Large Cap Fund,Large Cap,SBI Mutual Fund,2893,PI Industries Ltd.,Chemicals,0.63,307.36 Cr,0.66,0.75,0.78,2026-05-11,ETMoney
SBI Large Cap Fund,Large Cap,SBI Mutual Fund,2893,Motherson Sumi Wiring India Ltd.,Automobile,0.5,243.89 Cr,0.57,0.57,0.46,2026-05-11,ETMoney
SBI Large Cap Fund,Large Cap,SBI Mutual Fund,2893,DLF Ltd.,Construction,0.34,--,,1.24,,2026-05-11,ETMoney
SBI Large Cap Fund,Large Cap,SBI Mutual Fund,2893,SKF India (Industrial) Ltd.,Capital Goods,0.34,164.88 Cr,0.37,,,2026-05-11,ETMoney
SBI Large Cap Fund,Large Cap,SBI Mutual Fund,2893,SKF India Ltd.,Capital Goods,0.23,111.89 Cr,0.26,0.71,0.62,2026-05-11,ETMoney
SBI Large Cap Fund,Large Cap,SBI Mutual Fund,2893,Cipla Ltd.,Healthcare,0.18,89.24 Cr,0.78,0.83,,2026-05-11,ETMoney
SBI Large Cap Fund,Large Cap,SBI Mutual Fund,2893,Bharat Petroleum Corporation Ltd.,Energy,0.06,28.55 Cr,0.07,,,2026-05-11,ETMoney
SBI Large Cap Fund,Large Cap,SBI Mutual Fund,2893,Kwality Wall's (India) Ltd.,Consumer Staples,0.02,10.31 Cr,0.03,,,2026-05-11,ETMoney
Nippon India Large Cap Fund,Large Cap,Nippon India Mutual Fund,5077,HDFC Bank Ltd.,Financial,8.98,"4,175 Cr",8.84,8.0,9.03,2026-05-11,ETMoney
Nippon India Large Cap Fund,Large Cap,Nippon India Mutual Fund,5077,ICICI Bank Ltd.,Financial,7.11,"3,307 Cr",5.85,4.79,6.1,2026-05-11,ETMoney
Nippon India Large Cap Fund,Large Cap,Nippon India Mutual Fund,5077,Reliance Industries Ltd.,Energy,5.5,"2,558 Cr",6.03,6.03,6.36,2026-05-11,ETMoney
Nippon India Large Cap Fund,Large Cap,Nippon India Mutual Fund,5077,Axis Bank Ltd.,Financial,3.9,"1,813 Cr",3.9,4.38,4.84,2026-05-11,ETMoney
Nippon India Large Cap Fund,Large Cap,Nippon India Mutual Fund,5077,Larsen & Toubro Ltd.,Construction,3.84,"1,786 Cr",3.53,3.47,3.91,2026-05-11,ETMoney
Nippon India Large Cap Fund,Large Cap,Nippon India Mutual Fund,5077,Infosys Ltd.,Technology,3.13,"1,453 Cr",3.05,3.1,2.76,2026-05-11,ETMoney
Nippon India Large Cap Fund,Large Cap,Nippon India Mutual Fund,5077,State Bank of India,Financial,2.96,"1,379 Cr",3.78,4.37,3.64,2026-05-11,ETMoney
Nippon India Large Cap Fund,Large Cap,Nippon India Mutual Fund,5077,GE Vernova T&D India Ltd,Capital Goods,2.79,"1,299 Cr",2.59,2.9,2.17,2026-05-11,ETMoney
Nippon India Large Cap Fund,Large Cap,Nippon India Mutual Fund,5077,Bajaj Finance Ltd.,Financial,2.77,"1,288 Cr",2.84,3.15,3.71,2026-05-11,ETMoney
Nippon India Large Cap Fund,Large Cap,Nippon India Mutual Fund,5077,NTPC Ltd.,Energy,2.66,"1,238 Cr",2.16,2.45,2.73,2026-05-11,ETMoney
Nippon India Large Cap Fund,Large Cap,Nippon India Mutual Fund,5077,ITC Ltd.,Consumer Staples,2.65,"1,232 Cr",2.8,3.05,0.27,2026-05-11,ETMoney
Nippon India Large Cap Fund,Large Cap,Nippon India Mutual Fund,5077,Tata Consultancy Services Ltd.,Technology,2.38,"1,108 Cr",2.96,2.21,2.4,2026-05-11,ETMoney
Nippon India Large Cap Fund,Large Cap,Nippon India Mutual Fund,5077,Mahindra & Mahindra Ltd.,Automobile,2.34,"1,090 Cr",2.69,2.72,1.61,2026-05-11,ETMoney
Nippon India Large Cap Fund,Large Cap,Nippon India Mutual Fund,5077,Maruti Suzuki India Ltd.,Automobile,2.25,"1,046 Cr",2.34,2.46,1.8,2026-05-11,ETMoney
Nippon India Large Cap Fund,Large Cap,Nippon India Mutual Fund,5077,Hindustan Unilever Ltd.,Consumer Staples,2.22,"1,034 Cr",2.29,2.73,2.07,2026-05-11,ETMoney
Nippon India Large Cap Fund,Large Cap,Nippon India Mutual Fund,5077,Avenue Supermarts Ltd.,Services,2.16,"1,005 Cr",1.85,2.06,1.48,2026-05-11,ETMoney
Nippon India Large Cap Fund,Large Cap,Nippon India Mutual Fund,5077,Kotak Mahindra Bank Ltd.,Financial,1.9,884.72 Cr,1.65,1.01,,2026-05-11,ETMoney
Nippon India Large Cap Fund,Large Cap,Nippon India Mutual Fund,5077,Tata Power Company Ltd.,Energy,1.83,852.18 Cr,1.68,1.88,2.25,2026-05-11,ETMoney
Nippon India Large Cap Fund,Large Cap,Nippon India Mutual Fund,5077,Dr. Reddy's Laboratories Ltd.,Healthcare,1.45,672.3 Cr,1.34,1.41,1.53,2026-05-11,ETMoney
Nippon India Large Cap Fund,Large Cap,Nippon India Mutual Fund,5077,Samvardhana Motherson International Ltd.,Automobile,1.44,667.78 Cr,1.5,1.14,0.44,2026-05-11,ETMoney
Nippon India Large Cap Fund,Large Cap,Nippon India Mutual Fund,5077,Tata Steel Ltd.,Metals & Mining,1.28,594.82 Cr,1.1,1.13,1.13,2026-05-11,ETMoney
Nippon India Large Cap Fund,Large Cap,Nippon India Mutual Fund,5077,ABB India Ltd.,Capital Goods,1.27,588.66 Cr,0.83,0.91,1.21,2026-05-11,ETMoney
Nippon India Large Cap Fund,Large Cap,Nippon India Mutual Fund,5077,Eternal Ltd.,Services,1.23,572.96 Cr,1.42,1.82,1.4,2026-05-11,ETMoney
Nippon India Large Cap Fund,Large Cap,Nippon India Mutual Fund,5077,SBI Life Insurance Company Ltd.,Insurance,1.2,558.58 Cr,1.54,1.33,1.42,2026-05-11,ETMoney
Nippon India Large Cap Fund,Large Cap,Nippon India Mutual Fund,5077,Lupin Ltd.,Healthcare,1.17,543.64 Cr,0.97,0.97,,2026-05-11,ETMoney
Nippon India Large Cap Fund,Large Cap,Nippon India Mutual Fund,5077,Ultratech Cement Ltd.,Materials,1.16,537.82 Cr,1.45,1.65,1.53,2026-05-11,ETMoney
Nippon India Large Cap Fund,Large Cap,Nippon India Mutual Fund,5077,Divi's Laboratories Ltd.,Healthcare,1.1,512.14 Cr,1.08,1.05,1.23,2026-05-11,ETMoney
Nippon India Large Cap Fund,Large Cap,Nippon India Mutual Fund,5077,Chalet Hotels Ltd.,Services,1.01,471.55 Cr,1.15,1.39,1.48,2026-05-11,ETMoney
Nippon India Large Cap Fund,Large Cap,Nippon India Mutual Fund,5077,Vedanta Ltd.,Metals & Mining,0.93,432.87 Cr,0.91,1.07,1.32,2026-05-11,ETMoney
Nippon India Large Cap Fund,Large Cap,Nippon India Mutual Fund,5077,The Indian Hotels Company Ltd.,Services,0.92,425.96 Cr,1.08,1.08,1.46,2026-05-11,ETMoney
Nippon India Large Cap Fund,Large Cap,Nippon India Mutual Fund,5077,Tata Consumer Products Ltd.,Consumer Staples,0.9,419.06 Cr,0.97,1.0,0.96,2026-05-11,ETMoney
Nippon India Large Cap Fund,Large Cap,Nippon India Mutual Fund,5077,Siemens Energy India Ltd.,Energy,0.87,405.77 Cr,0.69,0.85,,2026-05-11,ETMoney
Nippon India Large Cap Fund,Large Cap,Nippon India Mutual Fund,5077,Cipla Ltd.,Healthcare,0.85,394.12 Cr,0.96,0.91,,2026-05-11,ETMoney
Nippon India Large Cap Fund,Large Cap,Nippon India Mutual Fund,5077,Trent Ltd.,Services,0.84,390.06 Cr,0.84,0.5,0.44,2026-05-11,ETMoney
Nippon India Large Cap Fund,Large Cap,Nippon India Mutual Fund,5077,Cholamandalam Investment and Finance Company Ltd.,Financial,0.83,385.06 Cr,0.9,0.84,,2026-05-11,ETMoney
Nippon India Large Cap Fund,Large Cap,Nippon India Mutual Fund,5077,Sun Pharmaceutical Industries Ltd.,Healthcare,0.8,371.52 Cr,0.71,0.34,,2026-05-11,ETMoney
Nippon India Large Cap Fund,Large Cap,Nippon India Mutual Fund,5077,PB Fintech Ltd.,Services,0.77,357.38 Cr,0.26,0.26,0.34,2026-05-11,ETMoney
Nippon India Large Cap Fund,Large Cap,Nippon India Mutual Fund,5077,Shree Cement Ltd.,Materials,0.75,350.32 Cr,0.79,0.66,0.24,2026-05-11,ETMoney
Nippon India Large Cap Fund,Large Cap,Nippon India Mutual Fund,5077,NTPC Green Energy Ltd.,Energy,0.75,350.64 Cr,0.69,0.78,0.72,2026-05-11,ETMoney
Nippon India Large Cap Fund,Large Cap,Nippon India Mutual Fund,5077,ICICI Lombard General Insurance Company Ltd.,Insurance,0.74,344.4 Cr,0.78,0.7,0.82,2026-05-11,ETMoney
Nippon India Large Cap Fund,Large Cap,Nippon India Mutual Fund,5077,Tech Mahindra Ltd.,Technology,0.74,345.67 Cr,0.47,0.45,0.47,2026-05-11,ETMoney
Nippon India Large Cap Fund,Large Cap,Nippon India Mutual Fund,5077,Swiggy Ltd.,Services,0.71,328.53 Cr,0.43,0.52,0.46,2026-05-11,ETMoney
Nippon India Large Cap Fund,Large Cap,Nippon India Mutual Fund,5077,HDFC Life Insurance Co Ltd.,Insurance,0.7,324.83 Cr,0.81,0.9,1.1,2026-05-11,ETMoney
Nippon India Large Cap Fund,Large Cap,Nippon India Mutual Fund,5077,Siemens Ltd.,Capital Goods,0.68,318.12 Cr,0.65,0.71,1.48,2026-05-11,ETMoney
Nippon India Large Cap Fund,Large Cap,Nippon India Mutual Fund,5077,Vishal Mega Mart Ltd.,Services,0.68,316.08 Cr,0.8,1.03,0.86,2026-05-11,ETMoney
Nippon India Large Cap Fund,Large Cap,Nippon India Mutual Fund,5077,Hyundai Motor India Ltd.,Automobile,0.64,298.53 Cr,0.76,0.82,0.53,2026-05-11,ETMoney
Nippon India Large Cap Fund,Large Cap,Nippon India Mutual Fund,5077,Mankind Pharma Ltd.,Healthcare,0.64,298.06 Cr,0.64,,,2026-05-11,ETMoney
Nippon India Large Cap Fund,Large Cap,Nippon India Mutual Fund,5077,EIH Ltd.,Services,0.63,293.56 Cr,0.78,0.83,1.01,2026-05-11,ETMoney
Nippon India Large Cap Fund,Large Cap,Nippon India Mutual Fund,5077,SBI Cards And Payment Services Ltd.,Financial,0.58,272.06 Cr,0.79,0.88,1.04,2026-05-11,ETMoney
Nippon India Large Cap Fund,Large Cap,Nippon India Mutual Fund,5077,HCL Technologies Ltd.,Technology,0.55,253.95 Cr,1.15,1.07,1.53,2026-05-11,ETMoney
Nippon India Large Cap Fund,Large Cap,Nippon India Mutual Fund,5077,Interglobe Aviation Ltd.,Services,0.51,236.61 Cr,1.13,1.37,0.64,2026-05-11,ETMoney
Nippon India Large Cap Fund,Large Cap,Nippon India Mutual Fund,5077,Dixon Technologies (India) Ltd.,Capital Goods,0.47,216.78 Cr,,,,2026-05-11,ETMoney
Nippon India Large Cap Fund,Large Cap,Nippon India Mutual Fund,5077,Havells India Ltd.,Capital Goods,0.46,212.3 Cr,0.56,0.65,,2026-05-11,ETMoney
Nippon India Large Cap Fund,Large Cap,Nippon India Mutual Fund,5077,DLF Ltd.,Construction,0.46,213.94 Cr,,,,2026-05-11,ETMoney
Nippon India Large Cap Fund,Large Cap,Nippon India Mutual Fund,5077,Max Financial Services Ltd.,Financial,0.45,209.58 Cr,0.71,0.79,0.71,2026-05-11,ETMoney
Nippon India Large Cap Fund,Large Cap,Nippon India Mutual Fund,5077,Varun Beverages Ltd.,Consumer Staples,0.43,200.72 Cr,0.5,,,2026-05-11,ETMoney
Nippon India Large Cap Fund,Large Cap,Nippon India Mutual Fund,5077,Godrej Consumer Products Ltd.,Consumer Staples,0.43,201.88 Cr,0.49,0.44,0.4,2026-05-11,ETMoney
Nippon India Large Cap Fund,Large Cap,Nippon India Mutual Fund,5077,Gillette India Ltd.,Consumer Staples,0.4,188.24 Cr,0.38,0.45,0.48,2026-05-11,ETMoney
Nippon India Large Cap Fund,Large Cap,Nippon India Mutual Fund,5077,HDB Financial Services Ltd.,Financial,0.36,167.98 Cr,0.55,0.59,,2026-05-11,ETMoney
Nippon India Large Cap Fund,Large Cap,Nippon India Mutual Fund,5077,United Breweries Ltd.,Consumer Staples,0.35,164.41 Cr,0.23,0.28,0.22,2026-05-11,ETMoney
Nippon India Large Cap Fund,Large Cap,Nippon India Mutual Fund,5077,Linde India Ltd.,Chemicals,0.32,148.12 Cr,0.25,0.29,0.36,2026-05-11,ETMoney
Nippon India Large Cap Fund,Large Cap,Nippon India Mutual Fund,5077,Devyani International Ltd.,Services,0.28,129.02 Cr,0.39,0.48,0.4,2026-05-11,ETMoney
Nippon India Large Cap Fund,Large Cap,Nippon India Mutual Fund,5077,Colgate-Palmolive (India) Ltd.,Consumer Staples,0.28,132.57 Cr,0.25,0.29,0.38,2026-05-11,ETMoney
Nippon India Large Cap Fund,Large Cap,Nippon India Mutual Fund,5077,PVR Inox Ltd.,Services,0.19,87.78 Cr,0.19,0.22,0.23,2026-05-11,ETMoney
Nippon India Large Cap Fund,Large Cap,Nippon India Mutual Fund,5077,Shriram Finance Ltd,Financial,0.19,87.21 Cr,,,,2026-05-11,ETMoney
Axis Large Cap Fund,Large Cap,Axis Mutual Fund,10434,ICICI Bank Ltd.,Financial,8.84,"2,533 Cr",7.96,8.4,8.82,2026-05-11,ETMoney
Axis Large Cap Fund,Large Cap,Axis Mutual Fund,10434,HDFC Bank Ltd.,Financial,7.71,"2,210 Cr",9.58,9.36,9.69,2026-05-11,ETMoney
Axis Large Cap Fund,Large Cap,Axis Mutual Fund,10434,Reliance Industries Ltd.,Energy,5.08,"1,457 Cr",7.85,6.15,2.94,2026-05-11,ETMoney
Axis Large Cap Fund,Large Cap,Axis Mutual Fund,10434,Infosys Ltd.,Technology,4.81,"1,379 Cr",5.41,5.06,4.35,2026-05-11,ETMoney
Axis Large Cap Fund,Large Cap,Axis Mutual Fund,10434,Bharti Airtel Ltd.,Communication,4.73,"1,356 Cr",5.19,5.23,5.59,2026-05-11,ETMoney
Axis Large Cap Fund,Large Cap,Axis Mutual Fund,10434,Larsen & Toubro Ltd.,Construction,4.37,"1,253 Cr",5.11,4.07,3.43,2026-05-11,ETMoney
Axis Large Cap Fund,Large Cap,Axis Mutual Fund,10434,State Bank of India,Financial,4.16,"1,191 Cr",3.8,3.38,2.56,2026-05-11,ETMoney
Axis Large Cap Fund,Large Cap,Axis Mutual Fund,10434,Mahindra & Mahindra Ltd.,Automobile,3.51,"1,006 Cr",3.58,3.38,2.73,2026-05-11,ETMoney
Axis Large Cap Fund,Large Cap,Axis Mutual Fund,10434,Kotak Mahindra Bank Ltd.,Financial,3.47,995.3 Cr,3.05,1.68,2.89,2026-05-11,ETMoney
Axis Large Cap Fund,Large Cap,Axis Mutual Fund,10434,Bajaj Finance Ltd.,Financial,3.43,983.5 Cr,3.84,5.39,5.08,2026-05-11,ETMoney
Axis Large Cap Fund,Large Cap,Axis Mutual Fund,10434,Ultratech Cement Ltd.,Materials,2.85,815.92 Cr,2.25,3.02,2.26,2026-05-11,ETMoney
Axis Large Cap Fund,Large Cap,Axis Mutual Fund,10434,Apollo Hospitals Enterprise Ltd.,Healthcare,2.69,772.05 Cr,2.06,2.22,1.05,2026-05-11,ETMoney
Axis Large Cap Fund,Large Cap,Axis Mutual Fund,10434,Eternal Ltd.,Services,2.65,758.87 Cr,2.87,3.94,1.51,2026-05-11,ETMoney
Axis Large Cap Fund,Large Cap,Axis Mutual Fund,10434,Titan Company Ltd.,Consumer Discretionary,2.28,653.69 Cr,2.02,1.3,1.14,2026-05-11,ETMoney
Axis Large Cap Fund,Large Cap,Axis Mutual Fund,10434,Sun Pharmaceutical Industries Ltd.,Healthcare,2.26,646.98 Cr,1.08,1.02,3.01,2026-05-11,ETMoney
Axis Large Cap Fund,Large Cap,Axis Mutual Fund,10434,Nifty 50,Financial,1.87,--,,,,2026-05-11,ETMoney
Axis Large Cap Fund,Large Cap,Axis Mutual Fund,10434,NTPC Ltd.,Energy,1.48,423.74 Cr,0.55,1.06,1.26,2026-05-11,ETMoney
Axis Large Cap Fund,Large Cap,Axis Mutual Fund,10434,Interglobe Aviation Ltd.,Services,1.46,419.73 Cr,1.45,3.02,2.43,2026-05-11,ETMoney
Axis Large Cap Fund,Large Cap,Axis Mutual Fund,10434,Torrent Pharmaceuticals Ltd.,Healthcare,1.42,407.14 Cr,1.05,1.04,,2026-05-11,ETMoney
Axis Large Cap Fund,Large Cap,Axis Mutual Fund,10434,Tech Mahindra Ltd.,Technology,1.41,403.39 Cr,1.31,0.98,0.22,2026-05-11,ETMoney
Axis Large Cap Fund,Large Cap,Axis Mutual Fund,10434,Axis Bank Ltd.,Financial,1.34,384.24 Cr,,,,2026-05-11,ETMoney
Axis Large Cap Fund,Large Cap,Axis Mutual Fund,10434,Pidilite Industries Ltd.,Chemicals,1.27,364.24 Cr,1.35,1.78,1.93,2026-05-11,ETMoney
Axis Large Cap Fund,Large Cap,Axis Mutual Fund,10434,Samvardhana Motherson International Ltd.,Automobile,1.15,329.43 Cr,0.81,0.42,0.48,2026-05-11,ETMoney
Axis Large Cap Fund,Large Cap,Axis Mutual Fund,10434,Divi's Laboratories Ltd.,Healthcare,1.15,330.4 Cr,1.82,1.5,0.67,2026-05-11,ETMoney
Axis Large Cap Fund,Large Cap,Axis Mutual Fund,10434,Bharat Electronics Ltd.,Capital Goods,1.08,310.74 Cr,1.78,1.99,0.68,2026-05-11,ETMoney
Axis Large Cap Fund,Large Cap,Axis Mutual Fund,10434,CG Power and Industrial Solutions Ltd.,Capital Goods,1.01,288.89 Cr,0.89,0.98,,2026-05-11,ETMoney
Axis Large Cap Fund,Large Cap,Axis Mutual Fund,10434,Tata Consumer Products Ltd.,Consumer Staples,1.0,286.51 Cr,0.99,0.86,0.5,2026-05-11,ETMoney
Axis Large Cap Fund,Large Cap,Axis Mutual Fund,10434,Cholamandalam Investment and Finance Company Ltd.,Financial,1.0,287.97 Cr,1.23,1.49,1.55,2026-05-11,ETMoney
Axis Large Cap Fund,Large Cap,Axis Mutual Fund,10434,TVS Motor Company Ltd.,Automobile,0.96,275.03 Cr,0.92,1.58,1.08,2026-05-11,ETMoney
Axis Large Cap Fund,Large Cap,Axis Mutual Fund,10434,Shriram Finance Ltd,Financial,0.93,265.65 Cr,1.75,,,2026-05-11,ETMoney
Axis Large Cap Fund,Large Cap,Axis Mutual Fund,10434,Britannia Industries Ltd.,Consumer Staples,0.92,263.88 Cr,0.2,,,2026-05-11,ETMoney
Axis Large Cap Fund,Large Cap,Axis Mutual Fund,10434,Axis Nifty 50 ETF-Growth,Unclassified,0.83,--,,,,2026-05-11,ETMoney
Axis Large Cap Fund,Large Cap,Axis Mutual Fund,10434,The Indian Hotels Company Ltd.,Services,0.83,238.37 Cr,1.12,1.9,1.89,2026-05-11,ETMoney
Axis Large Cap Fund,Large Cap,Axis Mutual Fund,10434,Tata Motors Ltd.,Automobile,0.77,221.57 Cr,1.06,,,2026-05-11,ETMoney
Axis Large Cap Fund,Large Cap,Axis Mutual Fund,10434,ICICI Prudential Asset Management Company Ltd.,Unclassified,0.71,202.76 Cr,0.49,,,2026-05-11,ETMoney
Axis Large Cap Fund,Large Cap,Axis Mutual Fund,10434,Tata Consultancy Services Ltd.,Technology,0.66,188.16 Cr,1.1,0.47,3.15,2026-05-11,ETMoney
Axis Large Cap Fund,Large Cap,Axis Mutual Fund,10434,Solar Industries India Ltd.,Chemicals,0.57,162.32 Cr,0.42,0.4,,2026-05-11,ETMoney
Axis Large Cap Fund,Large Cap,Axis Mutual Fund,10434,Avenue Supermarts Ltd.,Services,0.53,150.57 Cr,0.83,1.84,1.26,2026-05-11,ETMoney
Axis Large Cap Fund,Large Cap,Axis Mutual Fund,10434,Trent Ltd.,Services,0.53,151.61 Cr,0.62,0.64,0.66,2026-05-11,ETMoney
Axis Large Cap Fund,Large Cap,Axis Mutual Fund,10434,HDFC Life Insurance Co Ltd.,Insurance,0.52,149.06 Cr,0.56,1.09,0.99,2026-05-11,ETMoney
Axis Large Cap Fund,Large Cap,Axis Mutual Fund,10434,Hyundai Motor India Ltd.,Automobile,0.52,147.71 Cr,0.52,1.29,0.1,2026-05-11,ETMoney
Axis Large Cap Fund,Large Cap,Axis Mutual Fund,10434,LG Electronics India Ltd.,Consumer Discretionary,0.52,148.44 Cr,0.47,,,2026-05-11,ETMoney
Axis Large Cap Fund,Large Cap,Axis Mutual Fund,10434,Cummins India Ltd.,Capital Goods,0.49,139.94 Cr,0.93,0.97,,2026-05-11,ETMoney
Axis Large Cap Fund,Large Cap,Axis Mutual Fund,10434,Varun Beverages Ltd.,Consumer Staples,0.38,109.59 Cr,0.32,0.24,0.92,2026-05-11,ETMoney
Axis Large Cap Fund,Large Cap,Axis Mutual Fund,10434,Dixon Technologies (India) Ltd.,Capital Goods,0.22,61.83 Cr,0.34,0.52,,2026-05-11,ETMoney
Axis Large Cap Fund,Large Cap,Axis Mutual Fund,10434,SBI Life Insurance Company Ltd.,Insurance,0.14,41.4 Cr,0.31,,,2026-05-11,ETMoney
Axis Large Cap Fund,Large Cap,Axis Mutual Fund,10434,Tata Steel Ltd.,Metals & Mining,0.11,31.19 Cr,,,,2026-05-11,ETMoney
Axis Large Cap Fund,Large Cap,Axis Mutual Fund,10434,DLF Ltd.,Construction,0.03,69.21 Cr,,,0.32,2026-05-11,ETMoney
Mirae Asset Large Cap Fund,Large Cap,Mirae Asset Mutual Fund,6550,HDFC Bank Ltd.,Financial,9.23,"3,262 Cr",9.63,9.95,10.28,2026-05-11,ETMoney
Mirae Asset Large Cap Fund,Large Cap,Mirae Asset Mutual Fund,6550,ICICI Bank Ltd.,Financial,8.55,"3,020 Cr",7.95,8.21,7.77,2026-05-11,ETMoney
Mirae Asset Large Cap Fund,Large Cap,Mirae Asset Mutual Fund,6550,Reliance Industries Ltd.,Energy,5.76,"2,034 Cr",5.08,4.66,4.81,2026-05-11,ETMoney
Mirae Asset Large Cap Fund,Large Cap,Mirae Asset Mutual Fund,6550,Bharti Airtel Ltd.,Communication,5.1,"1,803 Cr",4.32,3.96,4.09,2026-05-11,ETMoney
Mirae Asset Large Cap Fund,Large Cap,Mirae Asset Mutual Fund,6550,Infosys Ltd.,Technology,4.68,"1,655 Cr",5.33,5.51,5.24,2026-05-11,ETMoney
Mirae Asset Large Cap Fund,Large Cap,Mirae Asset Mutual Fund,6550,Axis Bank Ltd.,Financial,3.46,"1,221 Cr",3.24,3.05,4.16,2026-05-11,ETMoney
Mirae Asset Large Cap Fund,Large Cap,Mirae Asset Mutual Fund,6550,State Bank of India,Financial,3.39,"1,198 Cr",2.88,2.71,2.53,2026-05-11,ETMoney
Mirae Asset Large Cap Fund,Large Cap,Mirae Asset Mutual Fund,6550,Larsen & Toubro Ltd.,Construction,3.27,"1,157 Cr",3.72,3.53,3.57,2026-05-11,ETMoney
Mirae Asset Large Cap Fund,Large Cap,Mirae Asset Mutual Fund,6550,ITC Ltd.,Consumer Staples,2.9,"1,024 Cr",4.21,4.33,2.63,2026-05-11,ETMoney
Mirae Asset Large Cap Fund,Large Cap,Mirae Asset Mutual Fund,6550,Tata Consultancy Services Ltd.,Technology,2.89,"1,021 Cr",3.54,3.36,3.88,2026-05-11,ETMoney
Mirae Asset Large Cap Fund,Large Cap,Mirae Asset Mutual Fund,6550,Eternal Ltd.,Services,2.67,942 Cr,2.38,2.05,1.78,2026-05-11,ETMoney
Mirae Asset Large Cap Fund,Large Cap,Mirae Asset Mutual Fund,6550,Maruti Suzuki India Ltd.,Automobile,2.38,842.87 Cr,2.46,3.22,1.49,2026-05-11,ETMoney
Mirae Asset Large Cap Fund,Large Cap,Mirae Asset Mutual Fund,6550,Mahindra & Mahindra Ltd.,Automobile,2.13,751.85 Cr,2.31,2.15,1.43,2026-05-11,ETMoney
Mirae Asset Large Cap Fund,Large Cap,Mirae Asset Mutual Fund,6550,Kotak Mahindra Bank Ltd.,Financial,1.69,598.12 Cr,1.78,1.7,2.6,2026-05-11,ETMoney
Mirae Asset Large Cap Fund,Large Cap,Mirae Asset Mutual Fund,6550,Ambuja Cements Ltd.,Materials,1.55,547.91 Cr,1.52,1.64,1.62,2026-05-11,ETMoney
Mirae Asset Large Cap Fund,Large Cap,Mirae Asset Mutual Fund,6550,Asian Paints Ltd.,Materials,1.46,516.09 Cr,1.4,1.28,1.42,2026-05-11,ETMoney
Mirae Asset Large Cap Fund,Large Cap,Mirae Asset Mutual Fund,6550,Apollo Hospitals Enterprise Ltd.,Healthcare,1.46,517.61 Cr,1.35,1.28,1.27,2026-05-11,ETMoney
Mirae Asset Large Cap Fund,Large Cap,Mirae Asset Mutual Fund,6550,NTPC Ltd.,Energy,1.44,508.19 Cr,1.21,0.91,1.04,2026-05-11,ETMoney
Mirae Asset Large Cap Fund,Large Cap,Mirae Asset Mutual Fund,6550,Sun Pharmaceutical Industries Ltd.,Healthcare,1.43,504.23 Cr,0.95,0.93,1.18,2026-05-11,ETMoney
Mirae Asset Large Cap Fund,Large Cap,Mirae Asset Mutual Fund,6550,Varun Beverages Ltd.,Consumer Staples,1.33,468.45 Cr,1.46,1.4,0.8,2026-05-11,ETMoney
Mirae Asset Large Cap Fund,Large Cap,Mirae Asset Mutual Fund,6550,One97 Communications Ltd.,Services,1.31,464.3 Cr,1.2,1.11,1.2,2026-05-11,ETMoney
Mirae Asset Large Cap Fund,Large Cap,Mirae Asset Mutual Fund,6550,Godrej Consumer Products Ltd.,Consumer Staples,1.29,454.62 Cr,1.53,1.31,1.04,2026-05-11,ETMoney
Mirae Asset Large Cap Fund,Large Cap,Mirae Asset Mutual Fund,6550,Shriram Finance Ltd,Financial,1.2,423.5 Cr,1.46,1.26,0.76,2026-05-11,ETMoney
Mirae Asset Large Cap Fund,Large Cap,Mirae Asset Mutual Fund,6550,Britannia Industries Ltd.,Consumer Staples,1.19,421.96 Cr,0.89,0.87,0.86,2026-05-11,ETMoney
Mirae Asset Large Cap Fund,Large Cap,Mirae Asset Mutual Fund,6550,Siemens Ltd.,Capital Goods,1.13,400.94 Cr,0.95,0.63,0.61,2026-05-11,ETMoney
Mirae Asset Large Cap Fund,Large Cap,Mirae Asset Mutual Fund,6550,Eicher Motors Ltd.,Automobile,1.11,391.24 Cr,1.4,1.57,0.81,2026-05-11,ETMoney
Mirae Asset Large Cap Fund,Large Cap,Mirae Asset Mutual Fund,6550,JSW Energy Ltd.,Capital Goods,1.06,372.97 Cr,0.91,1.06,1.13,2026-05-11,ETMoney
Mirae Asset Large Cap Fund,Large Cap,Mirae Asset Mutual Fund,6550,Titan Company Ltd.,Consumer Discretionary,1.03,364.14 Cr,0.8,0.7,0.82,2026-05-11,ETMoney
Mirae Asset Large Cap Fund,Large Cap,Mirae Asset Mutual Fund,6550,SBI Life Insurance Company Ltd.,Insurance,1.01,358.1 Cr,1.08,1.15,1.22,2026-05-11,ETMoney
Mirae Asset Large Cap Fund,Large Cap,Mirae Asset Mutual Fund,6550,Gland Pharma Ltd.,Healthcare,0.96,338.5 Cr,0.87,1.06,0.9,2026-05-11,ETMoney
Mirae Asset Large Cap Fund,Large Cap,Mirae Asset Mutual Fund,6550,Siemens Energy India Ltd.,Energy,0.95,337.1 Cr,0.6,0.47,,2026-05-11,ETMoney
Mirae Asset Large Cap Fund,Large Cap,Mirae Asset Mutual Fund,6550,Trent Ltd.,Services,0.93,329.03 Cr,0.75,0.32,0.46,2026-05-11,ETMoney
Mirae Asset Large Cap Fund,Large Cap,Mirae Asset Mutual Fund,6550,Hindustan Unilever Ltd.,Consumer Staples,0.92,323.87 Cr,1.25,1.46,1.47,2026-05-11,ETMoney
Mirae Asset Large Cap Fund,Large Cap,Mirae Asset Mutual Fund,6550,Bajaj Finance Ltd.,Financial,0.86,303.4 Cr,0.8,0.85,0.82,2026-05-11,ETMoney
Mirae Asset Large Cap Fund,Large Cap,Mirae Asset Mutual Fund,6550,Dr. Reddy's Laboratories Ltd.,Healthcare,0.86,304.93 Cr,0.87,0.64,,2026-05-11,ETMoney
Mirae Asset Large Cap Fund,Large Cap,Mirae Asset Mutual Fund,6550,The Indian Hotels Company Ltd.,Services,0.83,292.65 Cr,0.77,0.57,,2026-05-11,ETMoney
Mirae Asset Large Cap Fund,Large Cap,Mirae Asset Mutual Fund,6550,Adani Ports and Special Economic Zone Ltd.,Services,0.81,286.01 Cr,0.72,0.73,0.82,2026-05-11,ETMoney
Mirae Asset Large Cap Fund,Large Cap,Mirae Asset Mutual Fund,6550,Sona BLW Precision Forgings Ltd.,Automobile,0.79,278.43 Cr,0.66,0.6,0.63,2026-05-11,ETMoney
Mirae Asset Large Cap Fund,Large Cap,Mirae Asset Mutual Fund,6550,Indusind Bank Ltd.,Financial,0.72,256.2 Cr,0.85,0.67,0.63,2026-05-11,ETMoney
Mirae Asset Large Cap Fund,Large Cap,Mirae Asset Mutual Fund,6550,Vedanta Ltd.,Metals & Mining,0.68,241.9 Cr,0.59,1.26,1.32,2026-05-11,ETMoney
Mirae Asset Large Cap Fund,Large Cap,Mirae Asset Mutual Fund,6550,Solar Industries India Ltd.,Chemicals,0.66,233.01 Cr,,,,2026-05-11,ETMoney
Mirae Asset Large Cap Fund,Large Cap,Mirae Asset Mutual Fund,6550,FSN E-Commerce Ventures Ltd.,Services,0.66,233.09 Cr,0.67,0.74,1.17,2026-05-11,ETMoney
Mirae Asset Large Cap Fund,Large Cap,Mirae Asset Mutual Fund,6550,Power Finance Corporation Ltd.,Financial,0.64,227.69 Cr,0.51,0.62,0.66,2026-05-11,ETMoney
Mirae Asset Large Cap Fund,Large Cap,Mirae Asset Mutual Fund,6550,Lodha Developers Ltd.,Construction,0.63,223.03 Cr,0.59,0.37,0.73,2026-05-11,ETMoney
Mirae Asset Large Cap Fund,Large Cap,Mirae Asset Mutual Fund,6550,Pidilite Industries Ltd.,Chemicals,0.59,208.83 Cr,0.58,0.6,0.61,2026-05-11,ETMoney
Mirae Asset Large Cap Fund,Large Cap,Mirae Asset Mutual Fund,6550,Interglobe Aviation Ltd.,Services,0.58,205.42 Cr,0.53,0.5,0.69,2026-05-11,ETMoney
Mirae Asset Large Cap Fund,Large Cap,Mirae Asset Mutual Fund,6550,Avenue Supermarts Ltd.,Services,0.58,204.6 Cr,0.47,0.82,0.96,2026-05-11,ETMoney
Mirae Asset Large Cap Fund,Large Cap,Mirae Asset Mutual Fund,6550,Swiggy Ltd.,Services,0.58,203.41 Cr,0.61,0.22,,2026-05-11,ETMoney
Mirae Asset Large Cap Fund,Large Cap,Mirae Asset Mutual Fund,6550,Kalpataru Projects International Ltd.,Capital Goods,0.58,203.7 Cr,0.43,0.33,0.27,2026-05-11,ETMoney
Mirae Asset Large Cap Fund,Large Cap,Mirae Asset Mutual Fund,6550,Jindal Steel Ltd.,Metals & Mining,0.57,200.43 Cr,0.52,0.68,1.15,2026-05-11,ETMoney
Mirae Asset Large Cap Fund,Large Cap,Mirae Asset Mutual Fund,6550,Timken India Ltd.,Capital Goods,0.55,194.94 Cr,0.58,0.61,0.81,2026-05-11,ETMoney
Mirae Asset Large Cap Fund,Large Cap,Mirae Asset Mutual Fund,6550,Biocon Ltd.,Healthcare,0.53,186.89 Cr,0.25,0.24,0.26,2026-05-11,ETMoney
Mirae Asset Large Cap Fund,Large Cap,Mirae Asset Mutual Fund,6550,Gujarat Fluorochemicals Ltd.,Chemicals,0.48,169.2 Cr,0.39,0.13,,2026-05-11,ETMoney
Mirae Asset Large Cap Fund,Large Cap,Mirae Asset Mutual Fund,6550,Mphasis Ltd.,Technology,0.47,165.86 Cr,0.6,0.11,,2026-05-11,ETMoney
Mirae Asset Large Cap Fund,Large Cap,Mirae Asset Mutual Fund,6550,Oil And Natural Gas Corporation Ltd.,Energy,0.44,153.99 Cr,0.47,0.49,0.53,2026-05-11,ETMoney
Mirae Asset Large Cap Fund,Large Cap,Mirae Asset Mutual Fund,6550,DLF Ltd.,Construction,0.42,147.3 Cr,,,,2026-05-11,ETMoney
Mirae Asset Large Cap Fund,Large Cap,Mirae Asset Mutual Fund,6550,Crompton Greaves Consumer Electricals Ltd.,Consumer Discretionary,0.39,139.16 Cr,0.37,0.45,0.57,2026-05-11,ETMoney
Mirae Asset Large Cap Fund,Large Cap,Mirae Asset Mutual Fund,6550,EPL Ltd.,Materials,0.33,117.13 Cr,0.29,0.3,0.41,2026-05-11,ETMoney
Mirae Asset Large Cap Fund,Large Cap,Mirae Asset Mutual Fund,6550,Indian Energy Exchange Ltd.,Services,0.31,108.98 Cr,0.3,0.33,0.8,2026-05-11,ETMoney
Mirae Asset Large Cap Fund,Large Cap,Mirae Asset Mutual Fund,6550,ABB India Ltd.,Capital Goods,0.3,105.01 Cr,0.22,0.23,0.32,2026-05-11,ETMoney
Mirae Asset Large Cap Fund,Large Cap,Mirae Asset Mutual Fund,6550,KPIT Technologies Ltd.,Technology,0.28,98.55 Cr,0.1,,,2026-05-11,ETMoney
Mirae Asset Large Cap Fund,Large Cap,Mirae Asset Mutual Fund,6550,SKF India (Industrial) Ltd.,Capital Goods,0.26,90.13 Cr,0.13,,,2026-05-11,ETMoney
Mirae Asset Large Cap Fund,Large Cap,Mirae Asset Mutual Fund,6550,LG Electronics India Ltd.,Consumer Discretionary,0.25,89.88 Cr,,,,2026-05-11,ETMoney
Mirae Asset Large Cap Fund,Large Cap,Mirae Asset Mutual Fund,6550,Ultratech Cement Ltd.,Materials,0.25,88.64 Cr,,,,2026-05-11,ETMoney
Mirae Asset Large Cap Fund,Large Cap,Mirae Asset Mutual Fund,6550,GAIL (India) Ltd.,Energy,0.23,82.19 Cr,0.56,0.65,0.72,2026-05-11,ETMoney
Mirae Asset Large Cap Fund,Large Cap,Mirae Asset Mutual Fund,6550,Sobha Ltd.,Construction,0.22,79.26 Cr,0.21,0.23,0.19,2026-05-11,ETMoney
Mirae Asset Large Cap Fund,Large Cap,Mirae Asset Mutual Fund,6550,Titagarh Rail Systems Ltd.,Automobile,0.21,75.69 Cr,0.28,0.29,0.28,2026-05-11,ETMoney
Mirae Asset Large Cap Fund,Large Cap,Mirae Asset Mutual Fund,6550,Tata Steel Ltd.,Metals & Mining,0.19,68.73 Cr,0.32,0.82,0.65,2026-05-11,ETMoney
Mirae Asset Large Cap Fund,Large Cap,Mirae Asset Mutual Fund,6550,Bharat Electronics Ltd.,Capital Goods,0.18,63.75 Cr,0.37,0.4,0.66,2026-05-11,ETMoney
Mirae Asset Large Cap Fund,Large Cap,Mirae Asset Mutual Fund,6550,Restaurant Brands Asia Ltd.,Services,0.17,61.53 Cr,0.16,0.21,0.17,2026-05-11,ETMoney
Mirae Asset Large Cap Fund,Large Cap,Mirae Asset Mutual Fund,6550,Bharat Petroleum Corporation Ltd.,Energy,0.16,57.64 Cr,0.3,0.43,0.2,2026-05-11,ETMoney
Mirae Asset Large Cap Fund,Large Cap,Mirae Asset Mutual Fund,6550,Gujarat State Petronet Ltd.,Energy,0.16,57.07 Cr,0.18,0.19,0.19,2026-05-11,ETMoney
Mirae Asset Large Cap Fund,Large Cap,Mirae Asset Mutual Fund,6550,Chemplast Sanmar Ltd.,Chemicals,0.15,54 Cr,0.13,0.2,0.3,2026-05-11,ETMoney
Kotak Large Cap Fund,Large Cap,Kotak Mutual Fund,32273,ICICI Bank Ltd.,Financial,7.18,703.41 Cr,6.93,6.97,7.47,2026-05-11,ETMoney
Kotak Large Cap Fund,Large Cap,Kotak Mutual Fund,32273,HDFC Bank Ltd.,Financial,6.45,631.42 Cr,7.67,7.78,7.36,2026-05-11,ETMoney
Kotak Large Cap Fund,Large Cap,Kotak Mutual Fund,32273,State Bank of India,Financial,4.4,431.26 Cr,3.58,3.41,2.84,2026-05-11,ETMoney
Kotak Large Cap Fund,Large Cap,Kotak Mutual Fund,32273,Bharti Airtel Ltd.,Communication,4.0,391.75 Cr,3.77,3.57,3.44,2026-05-11,ETMoney
Kotak Large Cap Fund,Large Cap,Kotak Mutual Fund,32273,Larsen & Toubro Ltd.,Construction,3.94,386.21 Cr,4.01,3.78,3.94,2026-05-11,ETMoney
Kotak Large Cap Fund,Large Cap,Kotak Mutual Fund,32273,Axis Bank Ltd.,Financial,3.14,307.23 Cr,3.17,2.93,3.16,2026-05-11,ETMoney
Kotak Large Cap Fund,Large Cap,Kotak Mutual Fund,32273,Sun Pharmaceutical Industries Ltd.,Healthcare,2.92,286.29 Cr,2.58,2.48,2.36,2026-05-11,ETMoney
Kotak Large Cap Fund,Large Cap,Kotak Mutual Fund,32273,Mahindra & Mahindra Ltd.,Automobile,2.85,279.63 Cr,2.93,3.18,2.85,2026-05-11,ETMoney
Kotak Large Cap Fund,Large Cap,Kotak Mutual Fund,32273,Bajaj Finance Ltd.,Financial,2.82,276.36 Cr,2.77,2.34,1.89,2026-05-11,ETMoney
Kotak Large Cap Fund,Large Cap,Kotak Mutual Fund,32273,Maruti Suzuki India Ltd.,Automobile,2.23,218.34 Cr,2.71,2.83,2.14,2026-05-11,ETMoney
Kotak Large Cap Fund,Large Cap,Kotak Mutual Fund,32273,ITC Ltd.,Consumer Staples,2.19,214.22 Cr,2.81,2.78,2.75,2026-05-11,ETMoney
Kotak Large Cap Fund,Large Cap,Kotak Mutual Fund,32273,Tata Steel Ltd.,Metals & Mining,2.15,210.8 Cr,1.76,1.64,1.58,2026-05-11,ETMoney
Kotak Large Cap Fund,Large Cap,Kotak Mutual Fund,32273,Ultratech Cement Ltd.,Materials,2.1,205.44 Cr,1.98,2.1,2.28,2026-05-11,ETMoney
Kotak Large Cap Fund,Large Cap,Kotak Mutual Fund,32273,Shriram Finance Ltd,Financial,1.79,175.12 Cr,1.82,1.27,1.23,2026-05-11,ETMoney
Kotak Large Cap Fund,Large Cap,Kotak Mutual Fund,32273,Interglobe Aviation Ltd.,Services,1.72,168.9 Cr,1.88,2.11,2.17,2026-05-11,ETMoney
Kotak Large Cap Fund,Large Cap,Kotak Mutual Fund,32273,Tata Consultancy Services Ltd.,Technology,1.71,167.96 Cr,2.06,1.59,2.33,2026-05-11,ETMoney
Kotak Large Cap Fund,Large Cap,Kotak Mutual Fund,32273,Solar Industries India Ltd.,Chemicals,1.53,149.4 Cr,1.37,1.53,1.37,2026-05-11,ETMoney
Kotak Large Cap Fund,Large Cap,Kotak Mutual Fund,32273,Kotak Mahindra Bank Ltd.,Financial,1.47,144.01 Cr,1.62,1.56,1.88,2026-05-11,ETMoney
Kotak Large Cap Fund,Large Cap,Kotak Mutual Fund,32273,Eternal Ltd.,Services,1.44,140.62 Cr,1.48,1.74,1.17,2026-05-11,ETMoney
Kotak Large Cap Fund,Large Cap,Kotak Mutual Fund,32273,Bharat Electronics Ltd.,Capital Goods,1.38,135.63 Cr,1.12,1.21,,2026-05-11,ETMoney
Kotak Large Cap Fund,Large Cap,Kotak Mutual Fund,32273,Bharat Petroleum Corporation Ltd.,Energy,1.22,119.03 Cr,1.57,1.42,1.23,2026-05-11,ETMoney
Kotak Large Cap Fund,Large Cap,Kotak Mutual Fund,32273,Tech Mahindra Ltd.,Technology,1.22,119.8 Cr,1.21,1.08,1.32,2026-05-11,ETMoney
Kotak Large Cap Fund,Large Cap,Kotak Mutual Fund,32273,Coromandel International Ltd.,Chemicals,1.17,114.64 Cr,1.23,1.29,1.66,2026-05-11,ETMoney
Kotak Large Cap Fund,Large Cap,Kotak Mutual Fund,32273,United Spirits Ltd.,Consumer Staples,1.13,110.55 Cr,1.18,1.05,1.51,2026-05-11,ETMoney
Kotak Large Cap Fund,Large Cap,Kotak Mutual Fund,32273,Hindalco Industries Ltd.,Metals & Mining,1.13,110.76 Cr,0.9,0.78,0.73,2026-05-11,ETMoney
Kotak Large Cap Fund,Large Cap,Kotak Mutual Fund,32273,Godrej Consumer Products Ltd.,Consumer Staples,1.1,107.34 Cr,1.2,1.22,1.22,2026-05-11,ETMoney
Kotak Large Cap Fund,Large Cap,Kotak Mutual Fund,32273,Cummins India Ltd.,Capital Goods,1.1,107.66 Cr,1.03,0.96,0.89,2026-05-11,ETMoney
Kotak Large Cap Fund,Large Cap,Kotak Mutual Fund,32273,Apollo Hospitals Enterprise Ltd.,Healthcare,0.98,96.41 Cr,0.83,0.92,0.55,2026-05-11,ETMoney
Kotak Large Cap Fund,Large Cap,Kotak Mutual Fund,32273,Apollo Tyres Ltd.,Automobile,0.95,93.28 Cr,1.02,1.03,0.93,2026-05-11,ETMoney
Kotak Large Cap Fund,Large Cap,Kotak Mutual Fund,32273,Hindustan Unilever Ltd.,Consumer Staples,0.95,93.34 Cr,1.12,1.29,1.93,2026-05-11,ETMoney
Kotak Large Cap Fund,Large Cap,Kotak Mutual Fund,32273,Bharat Forge Ltd.,Automobile,0.87,85.45 Cr,0.64,0.59,0.76,2026-05-11,ETMoney
Kotak Large Cap Fund,Large Cap,Kotak Mutual Fund,32273,Power Finance Corporation Ltd.,Financial,0.86,84.33 Cr,0.75,0.92,0.92,2026-05-11,ETMoney
Kotak Large Cap Fund,Large Cap,Kotak Mutual Fund,32273,Torrent Pharmaceuticals Ltd.,Healthcare,0.82,80.48 Cr,0.62,0.59,,2026-05-11,ETMoney
Kotak Large Cap Fund,Large Cap,Kotak Mutual Fund,32273,Persistent Systems Ltd.,Technology,0.8,78.16 Cr,1.02,0.67,0.67,2026-05-11,ETMoney
Kotak Large Cap Fund,Large Cap,Kotak Mutual Fund,32273,Britannia Industries Ltd.,Consumer Staples,0.77,75.84 Cr,0.76,0.8,,2026-05-11,ETMoney
Kotak Large Cap Fund,Large Cap,Kotak Mutual Fund,32273,HDFC Life Insurance Co Ltd.,Insurance,0.76,74.16 Cr,0.85,0.91,0.58,2026-05-11,ETMoney
Kotak Large Cap Fund,Large Cap,Kotak Mutual Fund,32273,Bosch Ltd.,Automobile,0.66,64.29 Cr,0.68,0.76,0.66,2026-05-11,ETMoney
Kotak Large Cap Fund,Large Cap,Kotak Mutual Fund,32273,V-Guard Industries Ltd.,Consumer Discretionary,0.66,64.58 Cr,0.61,0.74,0.77,2026-05-11,ETMoney
Kotak Large Cap Fund,Large Cap,Kotak Mutual Fund,32273,LG Electronics India Ltd.,Consumer Discretionary,0.65,63.24 Cr,0.6,,,2026-05-11,ETMoney
Kotak Large Cap Fund,Large Cap,Kotak Mutual Fund,32273,Schaeffler India Ltd.,Capital Goods,0.63,61.51 Cr,0.56,0.65,0.57,2026-05-11,ETMoney
Kotak Large Cap Fund,Large Cap,Kotak Mutual Fund,32273,Mphasis Ltd.,Technology,0.62,60.8 Cr,0.75,0.75,0.65,2026-05-11,ETMoney
Kotak Large Cap Fund,Large Cap,Kotak Mutual Fund,32273,Poonawalla Fincorp Ltd.,Financial,0.59,57.35 Cr,0.68,0.79,0.61,2026-05-11,ETMoney
Kotak Large Cap Fund,Large Cap,Kotak Mutual Fund,32273,Hero Motocorp Ltd.,Automobile,0.55,53.89 Cr,0.6,0.98,0.72,2026-05-11,ETMoney
Kotak Large Cap Fund,Large Cap,Kotak Mutual Fund,32273,Oberoi Realty Ltd.,Construction,0.53,51.79 Cr,0.55,0.55,0.69,2026-05-11,ETMoney
Kotak Large Cap Fund,Large Cap,Kotak Mutual Fund,32273,Gujarat State Petronet Ltd.,Energy,0.48,47.07 Cr,0.57,0.61,0.63,2026-05-11,ETMoney
Kotak Large Cap Fund,Large Cap,Kotak Mutual Fund,32273,Vishal Mega Mart Ltd.,Services,0.46,44.81 Cr,0.6,0.7,0.35,2026-05-11,ETMoney
Kotak Large Cap Fund,Large Cap,Kotak Mutual Fund,32273,Anthem Biosciences Ltd.,Healthcare,0.44,43.08 Cr,0.39,0.45,,2026-05-11,ETMoney
Kotak Large Cap Fund,Large Cap,Kotak Mutual Fund,32273,Swiggy Ltd.,Services,0.37,36.02 Cr,0.48,0.56,0.44,2026-05-11,ETMoney
Kotak Large Cap Fund,Large Cap,Kotak Mutual Fund,32273,Polycab India Ltd.,Capital Goods,0.35,34.47 Cr,,,,2026-05-11,ETMoney
Kotak Large Cap Fund,Large Cap,Kotak Mutual Fund,32273,The India Cements Ltd.,Materials,0.34,33.49 Cr,0.38,0.49,,2026-05-11,ETMoney
Kotak Large Cap Fund,Large Cap,Kotak Mutual Fund,32273,Astra Microwave Products Ltd.,Communication,0.34,32.85 Cr,0.34,0.36,0.27,2026-05-11,ETMoney
Kotak Large Cap Fund,Large Cap,Kotak Mutual Fund,32273,Lenskart Solutions Ltd.,Consumer Discretionary,0.3,29.49 Cr,0.24,,,2026-05-11,ETMoney
Kotak Large Cap Fund,Large Cap,Kotak Mutual Fund,32273,Mahindra Lifespace Developers Ltd.,Construction,0.27,26.29 Cr,0.32,0.3,0.21,2026-05-11,ETMoney
Kotak Large Cap Fund,Large Cap,Kotak Mutual Fund,32273,Coal India Ltd.,Materials,0.2,20.89 Cr,,,,2026-05-11,ETMoney
Kotak Large Cap Fund,Large Cap,Kotak Mutual Fund,32273,Brainbees Solutions Ltd.,Consumer Discretionary,0.2,19.15 Cr,0.3,0.45,0.5,2026-05-11,ETMoney
Kotak Large Cap Fund,Large Cap,Kotak Mutual Fund,32273,Bank of Maharashtra,Financial,0.14,13.72 Cr,0.13,,,2026-05-11,ETMoney
Kotak Large Cap Fund,Large Cap,Kotak Mutual Fund,32273,NTPC Ltd.,Energy,0.14,306.64 Cr,2.34,2.57,2.84,2026-05-11,ETMoney
Kotak Large Cap Fund,Large Cap,Kotak Mutual Fund,32273,Infosys Ltd.,Technology,0.06,348.39 Cr,3.92,3.85,4.41,2026-05-11,ETMoney
Kotak Large Cap Fund,Large Cap,Kotak Mutual Fund,32273,Samvardhana Motherson International Ltd.,Automobile,0.04,78.32 Cr,0.77,0.47,0.73,2026-05-11,ETMoney
Kotak Large Cap Fund,Large Cap,Kotak Mutual Fund,32273,Reliance Industries Ltd.,Energy,0.02,682.67 Cr,6.82,6.44,6.26,2026-05-11,ETMoney
Canara Robeco Large Cap Fund,Large Cap,Canara Robeco Mutual Fund,10960,HDFC Bank Ltd.,Financial,8.48,"1,291 Cr",9.41,9.45,9.29,2026-05-11,ETMoney
Canara Robeco Large Cap Fund,Large Cap,Canara Robeco Mutual Fund,10960,ICICI Bank Ltd.,Financial,7.99,"1,218 Cr",7.75,8.24,8.23,2026-05-11,ETMoney
Canara Robeco Large Cap Fund,Large Cap,Canara Robeco Mutual Fund,10960,Reliance Industries Ltd.,Energy,5.65,860.29 Cr,5.88,5.36,4.79,2026-05-11,ETMoney
Canara Robeco Large Cap Fund,Large Cap,Canara Robeco Mutual Fund,10960,Bharti Airtel Ltd.,Communication,4.71,717.47 Cr,4.4,4.0,4.04,2026-05-11,ETMoney
Canara Robeco Large Cap Fund,Large Cap,Canara Robeco Mutual Fund,10960,Infosys Ltd.,Technology,4.17,635.41 Cr,4.28,4.02,4.11,2026-05-11,ETMoney
Canara Robeco Large Cap Fund,Large Cap,Canara Robeco Mutual Fund,10960,State Bank of India,Financial,4.14,630.52 Cr,4.13,3.83,2.99,2026-05-11,ETMoney
Canara Robeco Large Cap Fund,Large Cap,Canara Robeco Mutual Fund,10960,Larsen & Toubro Ltd.,Construction,4.07,619.52 Cr,4.05,3.84,3.47,2026-05-11,ETMoney
Canara Robeco Large Cap Fund,Large Cap,Canara Robeco Mutual Fund,10960,Mahindra & Mahindra Ltd.,Automobile,3.25,494.47 Cr,3.55,3.41,2.91,2026-05-11,ETMoney
Canara Robeco Large Cap Fund,Large Cap,Canara Robeco Mutual Fund,10960,Axis Bank Ltd.,Financial,3.19,486.49 Cr,2.55,2.35,2.58,2026-05-11,ETMoney
Canara Robeco Large Cap Fund,Large Cap,Canara Robeco Mutual Fund,10960,Bajaj Finance Ltd.,Financial,2.78,423.16 Cr,2.77,2.97,2.93,2026-05-11,ETMoney
Canara Robeco Large Cap Fund,Large Cap,Canara Robeco Mutual Fund,10960,Ultratech Cement Ltd.,Materials,2.43,369.79 Cr,2.16,2.64,2.92,2026-05-11,ETMoney
Canara Robeco Large Cap Fund,Large Cap,Canara Robeco Mutual Fund,10960,Kotak Mahindra Bank Ltd.,Financial,2.23,339.92 Cr,2.33,2.12,2.02,2026-05-11,ETMoney
Canara Robeco Large Cap Fund,Large Cap,Canara Robeco Mutual Fund,10960,Eternal Ltd.,Services,2.01,305.48 Cr,1.98,2.86,2.03,2026-05-11,ETMoney
Canara Robeco Large Cap Fund,Large Cap,Canara Robeco Mutual Fund,10960,Sun Pharmaceutical Industries Ltd.,Healthcare,1.7,259.24 Cr,1.51,1.85,1.82,2026-05-11,ETMoney
Canara Robeco Large Cap Fund,Large Cap,Canara Robeco Mutual Fund,10960,Titan Company Ltd.,Consumer Discretionary,1.65,251.6 Cr,1.5,1.32,1.31,2026-05-11,ETMoney
Canara Robeco Large Cap Fund,Large Cap,Canara Robeco Mutual Fund,10960,SBI Life Insurance Company Ltd.,Insurance,1.62,246.09 Cr,1.61,1.31,1.35,2026-05-11,ETMoney
Canara Robeco Large Cap Fund,Large Cap,Canara Robeco Mutual Fund,10960,Tech Mahindra Ltd.,Technology,1.52,232.3 Cr,1.48,1.27,1.26,2026-05-11,ETMoney
Canara Robeco Large Cap Fund,Large Cap,Canara Robeco Mutual Fund,10960,Maruti Suzuki India Ltd.,Automobile,1.49,227.23 Cr,1.62,1.65,1.25,2026-05-11,ETMoney
Canara Robeco Large Cap Fund,Large Cap,Canara Robeco Mutual Fund,10960,Bharat Electronics Ltd.,Capital Goods,1.44,218.71 Cr,1.58,1.81,2.19,2026-05-11,ETMoney
Canara Robeco Large Cap Fund,Large Cap,Canara Robeco Mutual Fund,10960,ITC Ltd.,Consumer Staples,1.42,215.77 Cr,2.59,2.36,2.52,2026-05-11,ETMoney
Canara Robeco Large Cap Fund,Large Cap,Canara Robeco Mutual Fund,10960,NTPC Ltd.,Energy,1.41,214.97 Cr,1.26,1.67,2.13,2026-05-11,ETMoney
Canara Robeco Large Cap Fund,Large Cap,Canara Robeco Mutual Fund,10960,Tata Consumer Products Ltd.,Consumer Staples,1.4,213.1 Cr,1.47,1.48,1.52,2026-05-11,ETMoney
Canara Robeco Large Cap Fund,Large Cap,Canara Robeco Mutual Fund,10960,Divi's Laboratories Ltd.,Healthcare,1.35,205.8 Cr,1.26,0.99,0.81,2026-05-11,ETMoney
Canara Robeco Large Cap Fund,Large Cap,Canara Robeco Mutual Fund,10960,Max Healthcare Institute Ltd.,Healthcare,1.33,201.9 Cr,1.25,1.31,1.36,2026-05-11,ETMoney
Canara Robeco Large Cap Fund,Large Cap,Canara Robeco Mutual Fund,10960,Tata Consultancy Services Ltd.,Technology,1.3,198.61 Cr,1.54,1.58,2.5,2026-05-11,ETMoney
Canara Robeco Large Cap Fund,Large Cap,Canara Robeco Mutual Fund,10960,Varun Beverages Ltd.,Consumer Staples,1.27,193.26 Cr,1.39,1.18,1.34,2026-05-11,ETMoney
Canara Robeco Large Cap Fund,Large Cap,Canara Robeco Mutual Fund,10960,CG Power and Industrial Solutions Ltd.,Capital Goods,1.27,193.98 Cr,0.87,1.06,0.82,2026-05-11,ETMoney
Canara Robeco Large Cap Fund,Large Cap,Canara Robeco Mutual Fund,10960,Tata Steel Ltd.,Metals & Mining,1.25,190.9 Cr,0.75,0.31,,2026-05-11,ETMoney
Canara Robeco Large Cap Fund,Large Cap,Canara Robeco Mutual Fund,10960,United Spirits Ltd.,Consumer Staples,1.16,176.11 Cr,1.19,1.0,1.17,2026-05-11,ETMoney
Canara Robeco Large Cap Fund,Large Cap,Canara Robeco Mutual Fund,10960,The Indian Hotels Company Ltd.,Services,1.15,175.53 Cr,1.3,1.34,0.25,2026-05-11,ETMoney
Canara Robeco Large Cap Fund,Large Cap,Canara Robeco Mutual Fund,10960,Interglobe Aviation Ltd.,Services,1.13,171.84 Cr,1.28,1.49,1.5,2026-05-11,ETMoney
Canara Robeco Large Cap Fund,Large Cap,Canara Robeco Mutual Fund,10960,PB Fintech Ltd.,Services,1.11,168.7 Cr,0.96,1.03,0.58,2026-05-11,ETMoney
Canara Robeco Large Cap Fund,Large Cap,Canara Robeco Mutual Fund,10960,Torrent Pharmaceuticals Ltd.,Healthcare,1.04,159.17 Cr,0.9,0.89,0.52,2026-05-11,ETMoney
Canara Robeco Large Cap Fund,Large Cap,Canara Robeco Mutual Fund,10960,Cholamandalam Investment and Finance Company Ltd.,Financial,0.98,149.96 Cr,1.13,1.21,1.52,2026-05-11,ETMoney
Canara Robeco Large Cap Fund,Large Cap,Canara Robeco Mutual Fund,10960,Tata Power Company Ltd.,Energy,0.96,145.81 Cr,0.84,0.91,0.97,2026-05-11,ETMoney
Canara Robeco Large Cap Fund,Large Cap,Canara Robeco Mutual Fund,10960,Vishal Mega Mart Ltd.,Services,0.96,146.7 Cr,0.51,,,2026-05-11,ETMoney
Canara Robeco Large Cap Fund,Large Cap,Canara Robeco Mutual Fund,10960,Hindustan Aeronautics Ltd.,Capital Goods,0.91,138.96 Cr,0.89,0.86,,2026-05-11,ETMoney
Canara Robeco Large Cap Fund,Large Cap,Canara Robeco Mutual Fund,10960,TVS Motor Company Ltd.,Automobile,0.86,131.18 Cr,0.58,0.57,0.19,2026-05-11,ETMoney
Canara Robeco Large Cap Fund,Large Cap,Canara Robeco Mutual Fund,10960,Hindustan Unilever Ltd.,Consumer Staples,0.84,127.99 Cr,0.82,0.95,0.94,2026-05-11,ETMoney
Canara Robeco Large Cap Fund,Large Cap,Canara Robeco Mutual Fund,10960,ICICI Prudential Asset Management Company Ltd.,Unclassified,0.81,123.46 Cr,0.62,,,2026-05-11,ETMoney
Canara Robeco Large Cap Fund,Large Cap,Canara Robeco Mutual Fund,10960,Britannia Industries Ltd.,Consumer Staples,0.81,123.25 Cr,0.7,,,2026-05-11,ETMoney
Canara Robeco Large Cap Fund,Large Cap,Canara Robeco Mutual Fund,10960,Mankind Pharma Ltd.,Healthcare,0.8,122.44 Cr,1.15,1.35,1.46,2026-05-11,ETMoney
Canara Robeco Large Cap Fund,Large Cap,Canara Robeco Mutual Fund,10960,PI Industries Ltd.,Chemicals,0.74,112.09 Cr,0.99,0.98,0.54,2026-05-11,ETMoney
Canara Robeco Large Cap Fund,Large Cap,Canara Robeco Mutual Fund,10960,Trent Ltd.,Services,0.73,110.96 Cr,0.82,0.88,1.11,2026-05-11,ETMoney
Canara Robeco Large Cap Fund,Large Cap,Canara Robeco Mutual Fund,10960,Samvardhana Motherson International Ltd.,Automobile,0.71,108.49 Cr,0.72,0.7,0.63,2026-05-11,ETMoney
Canara Robeco Large Cap Fund,Large Cap,Canara Robeco Mutual Fund,10960,Bajaj Auto Ltd.,Automobile,0.65,99.56 Cr,0.66,0.81,1.27,2026-05-11,ETMoney
Canara Robeco Large Cap Fund,Large Cap,Canara Robeco Mutual Fund,10960,Info Edge (India) Ltd.,Services,0.6,90.88 Cr,0.58,0.46,,2026-05-11,ETMoney
Canara Robeco Large Cap Fund,Large Cap,Canara Robeco Mutual Fund,10960,UNO Minda Ltd.,Automobile,0.56,84.84 Cr,0.6,0.86,0.8,2026-05-11,ETMoney
Canara Robeco Large Cap Fund,Large Cap,Canara Robeco Mutual Fund,10960,Shriram Finance Ltd,Financial,0.47,72.16 Cr,,,,2026-05-11,ETMoney
Canara Robeco Large Cap Fund,Large Cap,Canara Robeco Mutual Fund,10960,Abbott India Ltd.,Healthcare,0.45,69.13 Cr,0.53,0.56,0.71,2026-05-11,ETMoney
Canara Robeco Large Cap Fund,Large Cap,Canara Robeco Mutual Fund,10960,Multi Commodity Exchange Of India Ltd.,Services,0.43,65.7 Cr,,,,2026-05-11,ETMoney
Canara Robeco Large Cap Fund,Large Cap,Canara Robeco Mutual Fund,10960,HCL Technologies Ltd.,Technology,0.43,65.79 Cr,0.73,0.66,1.3,2026-05-11,ETMoney
Canara Robeco Large Cap Fund,Large Cap,Canara Robeco Mutual Fund,10960,Oberoi Realty Ltd.,Construction,0.4,61.01 Cr,0.41,0.41,0.47,2026-05-11,ETMoney
Canara Robeco Large Cap Fund,Large Cap,Canara Robeco Mutual Fund,10960,SRF Ltd.,Chemicals,0.4,60.49 Cr,0.44,0.42,0.49,2026-05-11,ETMoney
Canara Robeco Large Cap Fund,Large Cap,Canara Robeco Mutual Fund,10960,HDFC Asset Management Company Ltd.,Financial,0.33,49.86 Cr,0.34,,,2026-05-11,ETMoney
Canara Robeco Large Cap Fund,Large Cap,Canara Robeco Mutual Fund,10960,Asian Paints Ltd.,Materials,0.23,34.95 Cr,0.16,,,2026-05-11,ETMoney
Canara Robeco Large Cap Fund,Large Cap,Canara Robeco Mutual Fund,10960,Tata Motors Ltd.,Automobile,0.17,25.66 Cr,,,,2026-05-11,ETMoney
Canara Robeco Large Cap Fund,Large Cap,Canara Robeco Mutual Fund,10960,Hindalco Industries Ltd.,Metals & Mining,0.02,2.29 Cr,0.85,0.63,0.63,2026-05-11,ETMoney
Canara Robeco Large Cap Fund,Large Cap,Canara Robeco Mutual Fund,10960,TVS Motor Company Ltd - Pref. Shares,Automobile,0.01,--,,,,2026-05-11,ETMoney
Canara Robeco Large Cap Fund,Large Cap,Canara Robeco Mutual Fund,10960,Kwality Wall's (India) Ltd.,Consumer Staples,0.01,1.39 Cr,0.01,,,2026-05-11,ETMoney
Tata Large Cap Fund,Large Cap,Tata Mutual Fund,32210,ICICI Bank Ltd.,Financial,9.06,221.92 Cr,4.09,4.35,4.76,2026-05-11,ETMoney
Tata Large Cap Fund,Large Cap,Tata Mutual Fund,32210,HDFC Bank Ltd.,Financial,6.49,158.88 Cr,8.98,9.11,9.59,2026-05-11,ETMoney
Tata Large Cap Fund,Large Cap,Tata Mutual Fund,32210,Reliance Industries Ltd.,Energy,5.76,141.1 Cr,5.81,5.34,4.68,2026-05-11,ETMoney
Tata Large Cap Fund,Large Cap,Tata Mutual Fund,32210,Axis Bank Ltd.,Financial,3.89,95.22 Cr,4.11,3.88,4.13,2026-05-11,ETMoney
Tata Large Cap Fund,Large Cap,Tata Mutual Fund,32210,Infosys Ltd.,Technology,3.87,94.82 Cr,3.86,3.96,3.57,2026-05-11,ETMoney
Tata Large Cap Fund,Large Cap,Tata Mutual Fund,32210,Kotak Mahindra Bank Ltd.,Financial,3.6,88.17 Cr,4.64,4.45,6.19,2026-05-11,ETMoney
Tata Large Cap Fund,Large Cap,Tata Mutual Fund,32210,Larsen & Toubro Ltd.,Construction,3.33,81.56 Cr,3.89,3.69,3.86,2026-05-11,ETMoney
Tata Large Cap Fund,Large Cap,Tata Mutual Fund,32210,State Bank of India,Financial,3.28,80.4 Cr,2.84,2.67,2.58,2026-05-11,ETMoney
Tata Large Cap Fund,Large Cap,Tata Mutual Fund,32210,Tata Consultancy Services Ltd.,Technology,2.91,71.2 Cr,3.41,2.82,1.79,2026-05-11,ETMoney
Tata Large Cap Fund,Large Cap,Tata Mutual Fund,32210,Mahindra & Mahindra Ltd.,Automobile,2.86,70.02 Cr,3.55,3.73,3.17,2026-05-11,ETMoney
Tata Large Cap Fund,Large Cap,Tata Mutual Fund,32210,Bajaj Finance Ltd.,Financial,2.78,68.13 Cr,3.13,3.35,2.01,2026-05-11,ETMoney
Tata Large Cap Fund,Large Cap,Tata Mutual Fund,32210,Tata Steel Ltd.,Metals & Mining,2.63,64.27 Cr,2.12,2.11,1.23,2026-05-11,ETMoney
Tata Large Cap Fund,Large Cap,Tata Mutual Fund,32210,JSW Steel Ltd.,Metals & Mining,2.43,59.49 Cr,2.17,2.26,1.86,2026-05-11,ETMoney
Tata Large Cap Fund,Large Cap,Tata Mutual Fund,32210,Bharti Airtel Ltd.,Communication,2.37,57.92 Cr,2.41,2.27,2.3,2026-05-11,ETMoney
Tata Large Cap Fund,Large Cap,Tata Mutual Fund,32210,Tech Mahindra Ltd.,Technology,2.15,52.59 Cr,2.13,1.57,1.16,2026-05-11,ETMoney
Tata Large Cap Fund,Large Cap,Tata Mutual Fund,32210,Interglobe Aviation Ltd.,Services,2.09,51.26 Cr,,,0.83,2026-05-11,ETMoney
Tata Large Cap Fund,Large Cap,Tata Mutual Fund,32210,Samvardhana Motherson International Ltd.,Automobile,2.08,50.96 Cr,2.22,2.07,1.07,2026-05-11,ETMoney
Tata Large Cap Fund,Large Cap,Tata Mutual Fund,32210,Hindustan Unilever Ltd.,Consumer Staples,2.06,50.31 Cr,2.57,2.95,2.03,2026-05-11,ETMoney
Tata Large Cap Fund,Large Cap,Tata Mutual Fund,32210,NTPC Ltd.,Energy,1.98,48.36 Cr,1.51,1.66,2.19,2026-05-11,ETMoney
Tata Large Cap Fund,Large Cap,Tata Mutual Fund,32210,ICICI Prudential Asset Management Company Ltd.,Unclassified,1.87,45.88 Cr,1.53,,,2026-05-11,ETMoney
Tata Large Cap Fund,Large Cap,Tata Mutual Fund,32210,HDFC Life Insurance Co Ltd.,Insurance,1.81,44.29 Cr,1.98,2.11,2.1,2026-05-11,ETMoney
Tata Large Cap Fund,Large Cap,Tata Mutual Fund,32210,Adani Energy Solutions Ltd.,Energy,1.75,42.83 Cr,1.66,1.49,1.63,2026-05-11,ETMoney
Tata Large Cap Fund,Large Cap,Tata Mutual Fund,32210,Mankind Pharma Ltd.,Healthcare,1.68,41.11 Cr,,,,2026-05-11,ETMoney
Tata Large Cap Fund,Large Cap,Tata Mutual Fund,32210,Power Grid Corporation Of India Ltd.,Energy,1.61,39.47 Cr,1.24,1.39,1.58,2026-05-11,ETMoney
Tata Large Cap Fund,Large Cap,Tata Mutual Fund,32210,Adani Power Ltd.,Energy,1.55,37.93 Cr,,,,2026-05-11,ETMoney
Tata Large Cap Fund,Large Cap,Tata Mutual Fund,32210,JSW Cement Ltd.,Materials,1.54,37.73 Cr,1.43,0.94,,2026-05-11,ETMoney
Tata Large Cap Fund,Large Cap,Tata Mutual Fund,32210,Indusind Bank Ltd.,Financial,1.54,37.62 Cr,,,,2026-05-11,ETMoney
Tata Large Cap Fund,Large Cap,Tata Mutual Fund,32210,Bank Of Baroda,Financial,1.52,37.14 Cr,,,,2026-05-11,ETMoney
Tata Large Cap Fund,Large Cap,Tata Mutual Fund,32210,Nestle India Ltd.,Consumer Staples,1.48,36.24 Cr,,,,2026-05-11,ETMoney
Tata Large Cap Fund,Large Cap,Tata Mutual Fund,32210,UPL Ltd.,Chemicals,1.39,34.07 Cr,,,,2026-05-11,ETMoney
Tata Large Cap Fund,Large Cap,Tata Mutual Fund,32210,Adani Ports and Special Economic Zone Ltd.,Services,1.31,32.15 Cr,1.27,1.28,1.18,2026-05-11,ETMoney
Tata Large Cap Fund,Large Cap,Tata Mutual Fund,32210,Ambuja Cements Ltd.,Materials,1.31,32.01 Cr,1.56,1.69,1.31,2026-05-11,ETMoney
Tata Large Cap Fund,Large Cap,Tata Mutual Fund,32210,Indus Towers Ltd.,Communication,1.28,31.36 Cr,1.11,,0.65,2026-05-11,ETMoney
Tata Large Cap Fund,Large Cap,Tata Mutual Fund,32210,Hyundai Motor India Ltd.,Automobile,1.23,30.16 Cr,1.37,1.63,1.48,2026-05-11,ETMoney
Tata Large Cap Fund,Large Cap,Tata Mutual Fund,32210,Westlife Foodworld Ltd.,Services,1.19,29.01 Cr,1.19,1.16,0.98,2026-05-11,ETMoney
Tata Large Cap Fund,Large Cap,Tata Mutual Fund,32210,Britannia Industries Ltd.,Consumer Staples,1.1,26.96 Cr,1.06,0.44,,2026-05-11,ETMoney
Tata Large Cap Fund,Large Cap,Tata Mutual Fund,32210,Whirlpool Of India Ltd.,Consumer Discretionary,1.08,26.49 Cr,1.06,0.82,,2026-05-11,ETMoney
Tata Large Cap Fund,Large Cap,Tata Mutual Fund,32210,Hindalco Industries Ltd.,Metals & Mining,1.08,26.53 Cr,0.94,0.85,,2026-05-11,ETMoney
Tata Large Cap Fund,Large Cap,Tata Mutual Fund,32210,Bharat Heavy Electricals Ltd.,Capital Goods,1.0,24.55 Cr,1.01,0.89,0.88,2026-05-11,ETMoney
Tata Large Cap Fund,Large Cap,Tata Mutual Fund,32210,LG Electronics India Ltd.,Consumer Discretionary,0.88,21.61 Cr,0.8,,,2026-05-11,ETMoney
Tata Large Cap Fund,Large Cap,Tata Mutual Fund,32210,Siemens Ltd.,Capital Goods,0.69,16.87 Cr,0.62,0.67,1.12,2026-05-11,ETMoney
Tata Large Cap Fund,Large Cap,Tata Mutual Fund,32210,Cyient Ltd.,Technology,0.62,15.05 Cr,0.79,0.85,0.83,2026-05-11,ETMoney
Tata Large Cap Fund,Large Cap,Tata Mutual Fund,32210,Honeywell Automation India Ltd.,Capital Goods,0.48,11.84 Cr,0.52,0.61,0.62,2026-05-11,ETMoney
UTI Large Cap Fund,Large Cap,UTI Mutual Fund,31802,HDFC Bank Ltd.,Financial,8.81,987.37 Cr,9.12,9.0,9.84,2026-05-11,ETMoney
UTI Large Cap Fund,Large Cap,UTI Mutual Fund,31802,ICICI Bank Ltd.,Financial,7.96,892.17 Cr,6.94,7.36,8.21,2026-05-11,ETMoney
UTI Large Cap Fund,Large Cap,UTI Mutual Fund,31802,Reliance Industries Ltd.,Energy,5.75,644.41 Cr,4.86,3.32,3.97,2026-05-11,ETMoney
UTI Large Cap Fund,Large Cap,UTI Mutual Fund,31802,Infosys Ltd.,Technology,5.31,594.68 Cr,5.77,5.58,5.41,2026-05-11,ETMoney
UTI Large Cap Fund,Large Cap,UTI Mutual Fund,31802,Kotak Mahindra Bank Ltd.,Financial,4.43,495.89 Cr,4.1,3.82,3.91,2026-05-11,ETMoney
UTI Large Cap Fund,Large Cap,UTI Mutual Fund,31802,Larsen & Toubro Ltd.,Construction,3.97,444.75 Cr,3.75,3.54,3.06,2026-05-11,ETMoney
UTI Large Cap Fund,Large Cap,UTI Mutual Fund,31802,Bharti Airtel Ltd.,Communication,3.82,428.05 Cr,4.12,3.87,4.51,2026-05-11,ETMoney
UTI Large Cap Fund,Large Cap,UTI Mutual Fund,31802,Bajaj Finance Ltd.,Financial,3.65,408.66 Cr,3.37,4.0,3.02,2026-05-11,ETMoney
UTI Large Cap Fund,Large Cap,UTI Mutual Fund,31802,Axis Bank Ltd.,Financial,2.84,318.4 Cr,2.9,3.18,3.26,2026-05-11,ETMoney
UTI Large Cap Fund,Large Cap,UTI Mutual Fund,31802,Eternal Ltd.,Services,2.44,273.78 Cr,2.1,1.97,0.56,2026-05-11,ETMoney
UTI Large Cap Fund,Large Cap,UTI Mutual Fund,31802,Ultratech Cement Ltd.,Materials,2.03,227.05 Cr,0.98,0.99,0.9,2026-05-11,ETMoney
UTI Large Cap Fund,Large Cap,UTI Mutual Fund,31802,Avenue Supermarts Ltd.,Services,1.95,218.24 Cr,2.3,3.73,3.64,2026-05-11,ETMoney
UTI Large Cap Fund,Large Cap,UTI Mutual Fund,31802,Mahindra & Mahindra Ltd.,Automobile,1.79,200.54 Cr,0.59,0.97,0.76,2026-05-11,ETMoney
UTI Large Cap Fund,Large Cap,UTI Mutual Fund,31802,State Bank of India,Financial,1.7,190.23 Cr,2.9,2.46,,2026-05-11,ETMoney
UTI Large Cap Fund,Large Cap,UTI Mutual Fund,31802,Tata Consultancy Services Ltd.,Technology,1.57,175.64 Cr,1.79,1.66,1.31,2026-05-11,ETMoney
UTI Large Cap Fund,Large Cap,UTI Mutual Fund,31802,Titan Company Ltd.,Consumer Discretionary,1.56,174.26 Cr,1.6,1.37,0.58,2026-05-11,ETMoney
UTI Large Cap Fund,Large Cap,UTI Mutual Fund,31802,Tata Consumer Products Ltd.,Consumer Staples,1.54,172.82 Cr,1.6,1.56,1.29,2026-05-11,ETMoney
UTI Large Cap Fund,Large Cap,UTI Mutual Fund,31802,Sun Pharmaceutical Industries Ltd.,Healthcare,1.46,163.15 Cr,1.2,1.53,1.97,2026-05-11,ETMoney
UTI Large Cap Fund,Large Cap,UTI Mutual Fund,31802,Maruti Suzuki India Ltd.,Automobile,1.44,161.44 Cr,1.64,1.82,2.56,2026-05-11,ETMoney
UTI Large Cap Fund,Large Cap,UTI Mutual Fund,31802,Hindustan Aeronautics Ltd.,Capital Goods,1.44,161.25 Cr,1.22,1.03,,2026-05-11,ETMoney
UTI Large Cap Fund,Large Cap,UTI Mutual Fund,31802,Oil And Natural Gas Corporation Ltd.,Energy,1.33,148.97 Cr,0.63,1.03,1.13,2026-05-11,ETMoney
UTI Large Cap Fund,Large Cap,UTI Mutual Fund,31802,LTM Limited,Technology,1.3,145.32 Cr,1.65,1.77,1.63,2026-05-11,ETMoney
UTI Large Cap Fund,Large Cap,UTI Mutual Fund,31802,Godrej Consumer Products Ltd.,Consumer Staples,1.29,144.5 Cr,1.55,1.57,1.84,2026-05-11,ETMoney
UTI Large Cap Fund,Large Cap,UTI Mutual Fund,31802,ITC Ltd.,Consumer Staples,1.24,139.03 Cr,2.74,2.8,2.76,2026-05-11,ETMoney
UTI Large Cap Fund,Large Cap,UTI Mutual Fund,31802,Lupin Ltd.,Healthcare,1.24,138.91 Cr,0.95,,,2026-05-11,ETMoney
UTI Large Cap Fund,Large Cap,UTI Mutual Fund,31802,Asian Paints Ltd.,Materials,1.23,138.1 Cr,1.33,0.8,,2026-05-11,ETMoney
UTI Large Cap Fund,Large Cap,UTI Mutual Fund,31802,HDFC Life Insurance Co Ltd.,Insurance,1.23,137.8 Cr,1.35,1.47,2.24,2026-05-11,ETMoney
UTI Large Cap Fund,Large Cap,UTI Mutual Fund,31802,Tech Mahindra Ltd.,Technology,1.23,137.6 Cr,0.37,0.33,0.36,2026-05-11,ETMoney
UTI Large Cap Fund,Large Cap,UTI Mutual Fund,31802,Jindal Stainless Ltd.,Metals & Mining,1.17,131.17 Cr,1.16,1.05,0.88,2026-05-11,ETMoney
UTI Large Cap Fund,Large Cap,UTI Mutual Fund,31802,Coal India Ltd.,Materials,1.11,124.39 Cr,,,0.81,2026-05-11,ETMoney
UTI Large Cap Fund,Large Cap,UTI Mutual Fund,31802,Tata Steel Ltd.,Metals & Mining,1.08,121.08 Cr,1.3,1.06,,2026-05-11,ETMoney
UTI Large Cap Fund,Large Cap,UTI Mutual Fund,31802,Tata Motors Passenger Vehicles Ltd.,Automobile,1.07,120.08 Cr,1.03,0.88,0.6,2026-05-11,ETMoney
UTI Large Cap Fund,Large Cap,UTI Mutual Fund,31802,Bajaj Auto Ltd.,Automobile,1.05,117.5 Cr,0.94,0.9,0.45,2026-05-11,ETMoney
UTI Large Cap Fund,Large Cap,UTI Mutual Fund,31802,Info Edge (India) Ltd.,Services,0.96,107.35 Cr,0.79,0.48,0.65,2026-05-11,ETMoney
UTI Large Cap Fund,Large Cap,UTI Mutual Fund,31802,Astral Ltd.,Materials,0.95,106.91 Cr,0.96,0.94,0.9,2026-05-11,ETMoney
UTI Large Cap Fund,Large Cap,UTI Mutual Fund,31802,Metropolis Healthcare Ltd.,Healthcare,0.92,102.73 Cr,0.86,0.77,0.63,2026-05-11,ETMoney
UTI Large Cap Fund,Large Cap,UTI Mutual Fund,31802,Wipro Ltd.,Technology,0.9,100.62 Cr,1.06,0.99,1.15,2026-05-11,ETMoney
UTI Large Cap Fund,Large Cap,UTI Mutual Fund,31802,Varun Beverages Ltd.,Consumer Staples,0.87,97.83 Cr,0.94,0.51,0.44,2026-05-11,ETMoney
UTI Large Cap Fund,Large Cap,UTI Mutual Fund,31802,Vedanta Ltd.,Metals & Mining,0.84,94.01 Cr,0.89,0.93,1.11,2026-05-11,ETMoney
UTI Large Cap Fund,Large Cap,UTI Mutual Fund,31802,Indusind Bank Ltd.,Financial,0.82,91.8 Cr,0.79,0.69,1.67,2026-05-11,ETMoney
UTI Large Cap Fund,Large Cap,UTI Mutual Fund,31802,LG Electronics India Ltd.,Consumer Discretionary,0.82,91.5 Cr,0.55,,,2026-05-11,ETMoney
UTI Large Cap Fund,Large Cap,UTI Mutual Fund,31802,Havells India Ltd.,Capital Goods,0.81,90.39 Cr,0.86,0.93,0.43,2026-05-11,ETMoney
UTI Large Cap Fund,Large Cap,UTI Mutual Fund,31802,Jubilant FoodWorks Ltd.,Services,0.8,89.77 Cr,0.87,0.97,0.66,2026-05-11,ETMoney
UTI Large Cap Fund,Large Cap,UTI Mutual Fund,31802,Dixon Technologies (India) Ltd.,Capital Goods,0.77,85.78 Cr,0.81,,,2026-05-11,ETMoney
UTI Large Cap Fund,Large Cap,UTI Mutual Fund,31802,Samvardhana Motherson International Ltd.,Automobile,0.71,79.98 Cr,0.6,0.54,0.73,2026-05-11,ETMoney
UTI Large Cap Fund,Large Cap,UTI Mutual Fund,31802,HCL Technologies Ltd.,Technology,0.61,68.13 Cr,0.62,0.8,0.98,2026-05-11,ETMoney
UTI Large Cap Fund,Large Cap,UTI Mutual Fund,31802,PB Fintech Ltd.,Services,0.55,61.76 Cr,0.35,,,2026-05-11,ETMoney
UTI Large Cap Fund,Large Cap,UTI Mutual Fund,31802,Trent Ltd.,Services,0.53,59.55 Cr,0.39,0.44,0.64,2026-05-11,ETMoney
UTI Large Cap Fund,Large Cap,UTI Mutual Fund,31802,Metro Brands Ltd.,Consumer Discretionary,0.52,58.29 Cr,0.59,0.65,0.54,2026-05-11,ETMoney
UTI Large Cap Fund,Large Cap,UTI Mutual Fund,31802,HDFC Asset Management Company Ltd.,Financial,0.47,52.35 Cr,0.97,0.98,,2026-05-11,ETMoney
UTI Large Cap Fund,Large Cap,UTI Mutual Fund,31802,Polycab India Ltd.,Capital Goods,0.47,52.67 Cr,1.44,1.72,1.18,2026-05-11,ETMoney
UTI Large Cap Fund,Large Cap,UTI Mutual Fund,31802,Hyundai Motor India Ltd.,Automobile,0.45,50.88 Cr,0.49,0.57,0.93,2026-05-11,ETMoney
UTI Large Cap Fund,Large Cap,UTI Mutual Fund,31802,Sona BLW Precision Forgings Ltd.,Automobile,0.41,45.94 Cr,0.34,0.3,0.36,2026-05-11,ETMoney
UTI Large Cap Fund,Large Cap,UTI Mutual Fund,31802,Interglobe Aviation Ltd.,Services,0.36,39.77 Cr,0.83,0.99,1.17,2026-05-11,ETMoney
UTI Large Cap Fund,Large Cap,UTI Mutual Fund,31802,Balkrishna Industries Ltd.,Automobile,0.27,30.61 Cr,0.26,0.21,0.41,2026-05-11,ETMoney
UTI Large Cap Fund,Large Cap,UTI Mutual Fund,31802,Bharat Petroleum Corporation Ltd.,Energy,0.26,28.73 Cr,1.19,1.29,1.13,2026-05-11,ETMoney
UTI Large Cap Fund,Large Cap,UTI Mutual Fund,31802,SRF Ltd.,Chemicals,0.25,28.37 Cr,0.58,0.55,,2026-05-11,ETMoney
UTI Large Cap Fund,Large Cap,UTI Mutual Fund,31802,Power Grid Corporation Of India Ltd.,Energy,0.23,25.86 Cr,,,0.62,2026-05-11,ETMoney
Franklin India Large Cap Fund,Large Cap,Franklin Templeton Mutual Fund,31893,ICICI Bank Ltd.,Financial,8.44,575.37 Cr,7.91,8.01,9.06,2026-05-11,ETMoney
Franklin India Large Cap Fund,Large Cap,Franklin Templeton Mutual Fund,31893,HDFC Bank Ltd.,Financial,6.81,464.52 Cr,7.9,6.83,8.96,2026-05-11,ETMoney
Franklin India Large Cap Fund,Large Cap,Franklin Templeton Mutual Fund,31893,Reliance Industries Ltd.,Energy,6.18,421.75 Cr,5.03,3.94,6.0,2026-05-11,ETMoney
Franklin India Large Cap Fund,Large Cap,Franklin Templeton Mutual Fund,31893,Eternal Ltd.,Services,5.02,342.33 Cr,5.28,4.14,2.55,2026-05-11,ETMoney
Franklin India Large Cap Fund,Large Cap,Franklin Templeton Mutual Fund,31893,Kotak Mahindra Bank Ltd.,Financial,4.44,302.81 Cr,5.24,4.59,4.59,2026-05-11,ETMoney
Franklin India Large Cap Fund,Large Cap,Franklin Templeton Mutual Fund,31893,HCL Technologies Ltd.,Technology,4.21,286.92 Cr,4.35,4.08,3.67,2026-05-11,ETMoney
Franklin India Large Cap Fund,Large Cap,Franklin Templeton Mutual Fund,31893,Axis Bank Ltd.,Financial,3.94,268.72 Cr,5.22,3.98,5.99,2026-05-11,ETMoney
Franklin India Large Cap Fund,Large Cap,Franklin Templeton Mutual Fund,31893,Mahindra & Mahindra Ltd.,Automobile,3.87,263.69 Cr,5.71,5.15,2.56,2026-05-11,ETMoney
Franklin India Large Cap Fund,Large Cap,Franklin Templeton Mutual Fund,31893,Larsen & Toubro Ltd.,Construction,3.05,208.26 Cr,2.27,3.11,3.1,2026-05-11,ETMoney
Franklin India Large Cap Fund,Large Cap,Franklin Templeton Mutual Fund,31893,Infosys Ltd.,Technology,2.59,176.77 Cr,3.95,5.01,2.73,2026-05-11,ETMoney
Franklin India Large Cap Fund,Large Cap,Franklin Templeton Mutual Fund,31893,Sun Pharmaceutical Industries Ltd.,Healthcare,2.52,171.88 Cr,3.08,2.97,2.0,2026-05-11,ETMoney
Franklin India Large Cap Fund,Large Cap,Franklin Templeton Mutual Fund,31893,State Bank of India,Financial,2.36,161.1 Cr,2.56,4.11,,2026-05-11,ETMoney
Franklin India Large Cap Fund,Large Cap,Franklin Templeton Mutual Fund,31893,JB Chemicals & Pharmaceuticals Ltd.,Healthcare,2.35,160.58 Cr,1.11,1.09,,2026-05-11,ETMoney
Franklin India Large Cap Fund,Large Cap,Franklin Templeton Mutual Fund,31893,Tata Power Company Ltd.,Energy,2.18,148.58 Cr,1.59,1.69,1.39,2026-05-11,ETMoney
Franklin India Large Cap Fund,Large Cap,Franklin Templeton Mutual Fund,31893,ABB India Ltd.,Capital Goods,2.12,144.29 Cr,1.0,,,2026-05-11,ETMoney
Franklin India Large Cap Fund,Large Cap,Franklin Templeton Mutual Fund,31893,Apollo Hospitals Enterprise Ltd.,Healthcare,2.07,141.48 Cr,1.88,1.6,1.49,2026-05-11,ETMoney
Franklin India Large Cap Fund,Large Cap,Franklin Templeton Mutual Fund,31893,Torrent Pharmaceuticals Ltd.,Healthcare,2.02,137.95 Cr,4.09,3.98,2.07,2026-05-11,ETMoney
Franklin India Large Cap Fund,Large Cap,Franklin Templeton Mutual Fund,31893,Hindustan Unilever Ltd.,Consumer Staples,2.01,136.9 Cr,2.85,3.21,1.98,2026-05-11,ETMoney
Franklin India Large Cap Fund,Large Cap,Franklin Templeton Mutual Fund,31893,Power Grid Corporation Of India Ltd.,Energy,1.99,135.99 Cr,1.22,,1.62,2026-05-11,ETMoney
Franklin India Large Cap Fund,Large Cap,Franklin Templeton Mutual Fund,31893,Asian Paints Ltd.,Materials,1.9,129.75 Cr,1.25,,,2026-05-11,ETMoney
Franklin India Large Cap Fund,Large Cap,Franklin Templeton Mutual Fund,31893,HDFC Life Insurance Co Ltd.,Insurance,1.64,112.12 Cr,1.79,0.97,2.09,2026-05-11,ETMoney
Franklin India Large Cap Fund,Large Cap,Franklin Templeton Mutual Fund,31893,Hindalco Industries Ltd.,Metals & Mining,1.61,109.89 Cr,,,,2026-05-11,ETMoney
Franklin India Large Cap Fund,Large Cap,Franklin Templeton Mutual Fund,31893,PB Fintech Ltd.,Services,1.59,108.36 Cr,1.25,,,2026-05-11,ETMoney
Franklin India Large Cap Fund,Large Cap,Franklin Templeton Mutual Fund,31893,Cognizant Technology Solutions Corp.,Technology,1.51,--,,,,2026-05-11,ETMoney
Franklin India Large Cap Fund,Large Cap,Franklin Templeton Mutual Fund,31893,SBI Life Insurance Company Ltd.,Insurance,1.5,102.36 Cr,,,1.75,2026-05-11,ETMoney
Franklin India Large Cap Fund,Large Cap,Franklin Templeton Mutual Fund,31893,Ultratech Cement Ltd.,Materials,1.46,99.88 Cr,0.95,1.02,1.01,2026-05-11,ETMoney
Franklin India Large Cap Fund,Large Cap,Franklin Templeton Mutual Fund,31893,Tata Motors Ltd.,Automobile,1.44,98.17 Cr,1.3,,,2026-05-11,ETMoney
Franklin India Large Cap Fund,Large Cap,Franklin Templeton Mutual Fund,31893,Godrej Consumer Products Ltd.,Consumer Staples,1.38,94.3 Cr,2.17,2.85,2.84,2026-05-11,ETMoney
Franklin India Large Cap Fund,Large Cap,Franklin Templeton Mutual Fund,31893,Max Healthcare Institute Ltd.,Healthcare,1.36,92.73 Cr,0.68,,,2026-05-11,ETMoney
Franklin India Large Cap Fund,Large Cap,Franklin Templeton Mutual Fund,31893,Info Edge (India) Ltd.,Services,1.36,92.61 Cr,2.28,2.33,,2026-05-11,ETMoney
Franklin India Large Cap Fund,Large Cap,Franklin Templeton Mutual Fund,31893,Divi's Laboratories Ltd.,Healthcare,1.21,82.35 Cr,,,,2026-05-11,ETMoney
Franklin India Large Cap Fund,Large Cap,Franklin Templeton Mutual Fund,31893,Vishal Mega Mart Ltd.,Services,1.16,79.09 Cr,1.0,,,2026-05-11,ETMoney
Franklin India Large Cap Fund,Large Cap,Franklin Templeton Mutual Fund,31893,Dixon Technologies (India) Ltd.,Capital Goods,1.05,71.38 Cr,,,,2026-05-11,ETMoney
Franklin India Large Cap Fund,Large Cap,Franklin Templeton Mutual Fund,31893,Oberoi Realty Ltd.,Construction,1.01,68.83 Cr,0.61,,,2026-05-11,ETMoney
Franklin India Large Cap Fund,Large Cap,Franklin Templeton Mutual Fund,31893,Tata Consumer Products Ltd.,Consumer Staples,1.0,68.02 Cr,,1.34,1.91,2026-05-11,ETMoney
Franklin India Large Cap Fund,Large Cap,Franklin Templeton Mutual Fund,31893,Swiggy Ltd.,Services,0.99,67.4 Cr,1.0,1.02,1.47,2026-05-11,ETMoney
Franklin India Large Cap Fund,Large Cap,Franklin Templeton Mutual Fund,31893,United Spirits Ltd.,Consumer Staples,0.97,66.39 Cr,,,,2026-05-11,ETMoney
Franklin India Large Cap Fund,Large Cap,Franklin Templeton Mutual Fund,31893,Crompton Greaves Consumer Electricals Ltd.,Consumer Discretionary,0.91,61.94 Cr,0.99,,,2026-05-11,ETMoney
Franklin India Large Cap Fund,Large Cap,Franklin Templeton Mutual Fund,31893,JSW Infrastructure Ltd.,Services,0.81,54.92 Cr,,,,2026-05-11,ETMoney
Franklin India Large Cap Fund,Large Cap,Franklin Templeton Mutual Fund,31893,Tata Consultancy Services Ltd.,Technology,0.59,40.42 Cr,2.98,4.55,4.61,2026-05-11,ETMoney
Franklin India Large Cap Fund,Large Cap,Franklin Templeton Mutual Fund,31893,Brigade Enterprises Ltd.,Construction,0.57,38.67 Cr,0.85,0.9,,2026-05-11,ETMoney
Franklin India Large Cap Fund,Large Cap,Franklin Templeton Mutual Fund,31893,Persistent Systems Ltd.,Technology,0.57,39.15 Cr,,,0.81,2026-05-11,ETMoney
Franklin India Large Cap Fund,Large Cap,Franklin Templeton Mutual Fund,31893,Oil And Natural Gas Corporation Ltd.,Energy,0.52,35.19 Cr,,,,2026-05-11,ETMoney
Franklin India Large Cap Fund,Large Cap,Franklin Templeton Mutual Fund,31893,Titan Company Ltd.,Consumer Discretionary,0.5,33.86 Cr,2.02,1.51,1.43,2026-05-11,ETMoney
Franklin India Large Cap Fund,Large Cap,Franklin Templeton Mutual Fund,31893,Hexaware Technologies Ltd.,Technology,0.37,25.49 Cr,,,,2026-05-11,ETMoney
Franklin India Large Cap Fund,Large Cap,Franklin Templeton Mutual Fund,31893,Hyundai Motor India Ltd.,Automobile,0.23,15.39 Cr,0.25,1.9,1.79,2026-05-11,ETMoney
Aditya Birla Sun Life Large Cap Fund,Large Cap,Aditya Birla Sun Life Mutual Fund,1247,ICICI Bank Ltd.,Financial,7.38,"1,971 Cr",6.99,7.35,7.93,2026-05-11,ETMoney
Aditya Birla Sun Life Large Cap Fund,Large Cap,Aditya Birla Sun Life Mutual Fund,1247,HDFC Bank Ltd.,Financial,6.99,"1,865 Cr",7.76,7.79,8.25,2026-05-11,ETMoney
Aditya Birla Sun Life Large Cap Fund,Large Cap,Aditya Birla Sun Life Mutual Fund,1247,Reliance Industries Ltd.,Energy,5.54,"1,479 Cr",5.15,4.68,4.89,2026-05-11,ETMoney
Aditya Birla Sun Life Large Cap Fund,Large Cap,Aditya Birla Sun Life Mutual Fund,1247,Infosys Ltd.,Technology,4.87,"1,299 Cr",5.14,5.12,5.61,2026-05-11,ETMoney
Aditya Birla Sun Life Large Cap Fund,Large Cap,Aditya Birla Sun Life Mutual Fund,1247,Axis Bank Ltd.,Financial,3.9,"1,041 Cr",3.73,3.48,3.25,2026-05-11,ETMoney
Aditya Birla Sun Life Large Cap Fund,Large Cap,Aditya Birla Sun Life Mutual Fund,1247,Bharti Airtel Ltd.,Communication,3.84,"1,024 Cr",3.78,3.72,3.92,2026-05-11,ETMoney
Aditya Birla Sun Life Large Cap Fund,Large Cap,Aditya Birla Sun Life Mutual Fund,1247,State Bank of India,Financial,3.73,996.59 Cr,3.18,3.03,2.39,2026-05-11,ETMoney
Aditya Birla Sun Life Large Cap Fund,Large Cap,Aditya Birla Sun Life Mutual Fund,1247,Larsen & Toubro Ltd.,Construction,3.67,981.14 Cr,4.09,4.31,4.69,2026-05-11,ETMoney
Aditya Birla Sun Life Large Cap Fund,Large Cap,Aditya Birla Sun Life Mutual Fund,1247,Kotak Mahindra Bank Ltd.,Financial,3.55,948.39 Cr,3.72,3.52,3.23,2026-05-11,ETMoney
Aditya Birla Sun Life Large Cap Fund,Large Cap,Aditya Birla Sun Life Mutual Fund,1247,Mahindra & Mahindra Ltd.,Automobile,3.35,895.61 Cr,3.58,3.36,2.75,2026-05-11,ETMoney
Aditya Birla Sun Life Large Cap Fund,Large Cap,Aditya Birla Sun Life Mutual Fund,1247,NTPC Ltd.,Energy,2.41,643.92 Cr,2.02,2.29,2.66,2026-05-11,ETMoney
Aditya Birla Sun Life Large Cap Fund,Large Cap,Aditya Birla Sun Life Mutual Fund,1247,Eternal Ltd.,Services,2.1,561 Cr,1.98,2.29,1.34,2026-05-11,ETMoney
Aditya Birla Sun Life Large Cap Fund,Large Cap,Aditya Birla Sun Life Mutual Fund,1247,Sun Pharmaceutical Industries Ltd.,Healthcare,2.05,548.08 Cr,1.67,1.67,2.27,2026-05-11,ETMoney
Aditya Birla Sun Life Large Cap Fund,Large Cap,Aditya Birla Sun Life Mutual Fund,1247,SBI Life Insurance Company Ltd.,Insurance,1.84,491.55 Cr,1.79,1.65,1.52,2026-05-11,ETMoney
Aditya Birla Sun Life Large Cap Fund,Large Cap,Aditya Birla Sun Life Mutual Fund,1247,Hindalco Industries Ltd.,Metals & Mining,1.67,445.3 Cr,1.42,1.28,1.09,2026-05-11,ETMoney
Aditya Birla Sun Life Large Cap Fund,Large Cap,Aditya Birla Sun Life Mutual Fund,1247,HCL Technologies Ltd.,Technology,1.6,427.61 Cr,1.65,1.47,1.59,2026-05-11,ETMoney
Aditya Birla Sun Life Large Cap Fund,Large Cap,Aditya Birla Sun Life Mutual Fund,1247,Titan Company Ltd.,Consumer Discretionary,1.48,395.14 Cr,1.43,1.19,1.12,2026-05-11,ETMoney
Aditya Birla Sun Life Large Cap Fund,Large Cap,Aditya Birla Sun Life Mutual Fund,1247,Godrej Consumer Products Ltd.,Consumer Staples,1.38,369.15 Cr,1.41,1.3,1.16,2026-05-11,ETMoney
Aditya Birla Sun Life Large Cap Fund,Large Cap,Aditya Birla Sun Life Mutual Fund,1247,Ultratech Cement Ltd.,Materials,1.38,369.18 Cr,1.12,1.31,1.32,2026-05-11,ETMoney
Aditya Birla Sun Life Large Cap Fund,Large Cap,Aditya Birla Sun Life Mutual Fund,1247,Bajaj Auto Ltd.,Automobile,1.35,360.23 Cr,1.22,1.14,0.7,2026-05-11,ETMoney
Aditya Birla Sun Life Large Cap Fund,Large Cap,Aditya Birla Sun Life Mutual Fund,1247,Persistent Systems Ltd.,Technology,1.32,353.59 Cr,,,,2026-05-11,ETMoney
Aditya Birla Sun Life Large Cap Fund,Large Cap,Aditya Birla Sun Life Mutual Fund,1247,Apollo Hospitals Enterprise Ltd.,Healthcare,1.29,345.24 Cr,1.04,1.09,0.82,2026-05-11,ETMoney
Aditya Birla Sun Life Large Cap Fund,Large Cap,Aditya Birla Sun Life Mutual Fund,1247,Bajaj Finance Ltd.,Financial,1.27,340.32 Cr,1.43,1.51,2.24,2026-05-11,ETMoney
Aditya Birla Sun Life Large Cap Fund,Large Cap,Aditya Birla Sun Life Mutual Fund,1247,United Spirits Ltd.,Consumer Staples,1.26,335.17 Cr,0.84,0.68,0.66,2026-05-11,ETMoney
Aditya Birla Sun Life Large Cap Fund,Large Cap,Aditya Birla Sun Life Mutual Fund,1247,Maruti Suzuki India Ltd.,Automobile,1.23,328.04 Cr,2.14,2.14,1.44,2026-05-11,ETMoney
Aditya Birla Sun Life Large Cap Fund,Large Cap,Aditya Birla Sun Life Mutual Fund,1247,Avenue Supermarts Ltd.,Services,1.13,302.27 Cr,0.32,0.4,0.43,2026-05-11,ETMoney
Aditya Birla Sun Life Large Cap Fund,Large Cap,Aditya Birla Sun Life Mutual Fund,1247,Tech Mahindra Ltd.,Technology,1.11,295.22 Cr,1.08,1.0,0.73,2026-05-11,ETMoney
Aditya Birla Sun Life Large Cap Fund,Large Cap,Aditya Birla Sun Life Mutual Fund,1247,ITC Ltd.,Consumer Staples,1.08,287.7 Cr,2.03,2.33,2.4,2026-05-11,ETMoney
Aditya Birla Sun Life Large Cap Fund,Large Cap,Aditya Birla Sun Life Mutual Fund,1247,Cholamandalam Investment and Finance Company Ltd.,Financial,0.92,246.57 Cr,0.99,0.98,1.04,2026-05-11,ETMoney
Aditya Birla Sun Life Large Cap Fund,Large Cap,Aditya Birla Sun Life Mutual Fund,1247,Vedanta Ltd.,Metals & Mining,0.9,239.28 Cr,0.75,0.53,0.57,2026-05-11,ETMoney
Aditya Birla Sun Life Large Cap Fund,Large Cap,Aditya Birla Sun Life Mutual Fund,1247,Bajaj Finserv Ltd.,Financial,0.86,229.24 Cr,0.91,0.94,,2026-05-11,ETMoney
Aditya Birla Sun Life Large Cap Fund,Large Cap,Aditya Birla Sun Life Mutual Fund,1247,PNB Housing Finance Ltd.,Financial,0.85,227.81 Cr,0.91,0.74,0.53,2026-05-11,ETMoney
Aditya Birla Sun Life Large Cap Fund,Large Cap,Aditya Birla Sun Life Mutual Fund,1247,Hindustan Unilever Ltd.,Consumer Staples,0.85,226.07 Cr,0.8,0.66,0.55,2026-05-11,ETMoney
Aditya Birla Sun Life Large Cap Fund,Large Cap,Aditya Birla Sun Life Mutual Fund,1247,Trent Ltd.,Services,0.83,222.43 Cr,,,,2026-05-11,ETMoney
Aditya Birla Sun Life Large Cap Fund,Large Cap,Aditya Birla Sun Life Mutual Fund,1247,Crompton Greaves Consumer Electricals Ltd.,Consumer Discretionary,0.82,219.96 Cr,0.79,0.92,1.18,2026-05-11,ETMoney
Aditya Birla Sun Life Large Cap Fund,Large Cap,Aditya Birla Sun Life Mutual Fund,1247,ICICI Lombard General Insurance Company Ltd.,Insurance,0.82,217.68 Cr,0.06,0.06,0.06,2026-05-11,ETMoney
Aditya Birla Sun Life Large Cap Fund,Large Cap,Aditya Birla Sun Life Mutual Fund,1247,JSW Dulux Ltd.,Materials,0.79,210.93 Cr,0.75,0.78,0.92,2026-05-11,ETMoney
Aditya Birla Sun Life Large Cap Fund,Large Cap,Aditya Birla Sun Life Mutual Fund,1247,Meesho Ltd.,Services,0.78,207.98 Cr,,,,2026-05-11,ETMoney
Aditya Birla Sun Life Large Cap Fund,Large Cap,Aditya Birla Sun Life Mutual Fund,1247,Sona BLW Precision Forgings Ltd.,Automobile,0.77,205.36 Cr,,,,2026-05-11,ETMoney
Aditya Birla Sun Life Large Cap Fund,Large Cap,Aditya Birla Sun Life Mutual Fund,1247,Britannia Industries Ltd.,Consumer Staples,0.75,199.6 Cr,0.59,0.61,0.44,2026-05-11,ETMoney
Aditya Birla Sun Life Large Cap Fund,Large Cap,Aditya Birla Sun Life Mutual Fund,1247,Swiggy Ltd.,Services,0.71,190.8 Cr,0.9,0.45,0.25,2026-05-11,ETMoney
Aditya Birla Sun Life Large Cap Fund,Large Cap,Aditya Birla Sun Life Mutual Fund,1247,HDFC Life Insurance Co Ltd.,Insurance,0.68,181.75 Cr,0.68,0.82,0.66,2026-05-11,ETMoney
Aditya Birla Sun Life Large Cap Fund,Large Cap,Aditya Birla Sun Life Mutual Fund,1247,Samvardhana Motherson International Ltd.,Automobile,0.67,178.95 Cr,0.53,0.48,0.43,2026-05-11,ETMoney
Aditya Birla Sun Life Large Cap Fund,Large Cap,Aditya Birla Sun Life Mutual Fund,1247,Tata Consultancy Services Ltd.,Technology,0.66,174.96 Cr,0.76,0.71,0.6,2026-05-11,ETMoney
Aditya Birla Sun Life Large Cap Fund,Large Cap,Aditya Birla Sun Life Mutual Fund,1247,Shriram Finance Ltd,Financial,0.65,174.42 Cr,0.79,0.51,0.6,2026-05-11,ETMoney
Aditya Birla Sun Life Large Cap Fund,Large Cap,Aditya Birla Sun Life Mutual Fund,1247,Cummins India Ltd.,Capital Goods,0.64,171.57 Cr,0.54,0.5,0.41,2026-05-11,ETMoney
Aditya Birla Sun Life Large Cap Fund,Large Cap,Aditya Birla Sun Life Mutual Fund,1247,DLF Ltd.,Construction,0.61,161.61 Cr,0.7,0.76,0.77,2026-05-11,ETMoney
Aditya Birla Sun Life Large Cap Fund,Large Cap,Aditya Birla Sun Life Mutual Fund,1247,Bayer CropScience Ltd.,Chemicals,0.61,162.24 Cr,0.51,0.52,0.56,2026-05-11,ETMoney
Aditya Birla Sun Life Large Cap Fund,Large Cap,Aditya Birla Sun Life Mutual Fund,1247,Emami Ltd.,Consumer Staples,0.59,156.53 Cr,0.67,0.67,0.55,2026-05-11,ETMoney
Aditya Birla Sun Life Large Cap Fund,Large Cap,Aditya Birla Sun Life Mutual Fund,1247,TVS Motor Company Ltd.,Automobile,0.59,157.64 Cr,0.41,0.4,0.43,2026-05-11,ETMoney
Aditya Birla Sun Life Large Cap Fund,Large Cap,Aditya Birla Sun Life Mutual Fund,1247,Sanofi Consumer Healthcare India Ltd.,Healthcare,0.55,146.34 Cr,0.49,0.49,0.51,2026-05-11,ETMoney
Aditya Birla Sun Life Large Cap Fund,Large Cap,Aditya Birla Sun Life Mutual Fund,1247,Bharat Petroleum Corporation Ltd.,Energy,0.51,136.96 Cr,0.48,0.45,0.72,2026-05-11,ETMoney
Aditya Birla Sun Life Large Cap Fund,Large Cap,Aditya Birla Sun Life Mutual Fund,1247,Hindustan Aeronautics Ltd.,Capital Goods,0.5,132.26 Cr,0.47,0.4,,2026-05-11,ETMoney
Aditya Birla Sun Life Large Cap Fund,Large Cap,Aditya Birla Sun Life Mutual Fund,1247,Bharat Forge Ltd.,Automobile,0.5,133.96 Cr,,,,2026-05-11,ETMoney
Aditya Birla Sun Life Large Cap Fund,Large Cap,Aditya Birla Sun Life Mutual Fund,1247,Jindal Steel Ltd.,Metals & Mining,0.47,125.98 Cr,,,,2026-05-11,ETMoney
Aditya Birla Sun Life Large Cap Fund,Large Cap,Aditya Birla Sun Life Mutual Fund,1247,Whirlpool Of India Ltd.,Consumer Discretionary,0.46,122.84 Cr,0.45,0.62,0.54,2026-05-11,ETMoney
Aditya Birla Sun Life Large Cap Fund,Large Cap,Aditya Birla Sun Life Mutual Fund,1247,PI Industries Ltd.,Chemicals,0.43,115.3 Cr,0.12,0.13,,2026-05-11,ETMoney
Aditya Birla Sun Life Large Cap Fund,Large Cap,Aditya Birla Sun Life Mutual Fund,1247,Gland Pharma Ltd.,Healthcare,0.41,108.74 Cr,0.4,0.48,0.5,2026-05-11,ETMoney
Aditya Birla Sun Life Large Cap Fund,Large Cap,Aditya Birla Sun Life Mutual Fund,1247,Adani Power Ltd.,Energy,0.38,101.2 Cr,0.27,,,2026-05-11,ETMoney
Aditya Birla Sun Life Large Cap Fund,Large Cap,Aditya Birla Sun Life Mutual Fund,1247,Aditya Birla Capital Ltd.,Financial,0.36,97.38 Cr,0.38,0.32,0.22,2026-05-11,ETMoney
Aditya Birla Sun Life Large Cap Fund,Large Cap,Aditya Birla Sun Life Mutual Fund,1247,Delhivery Ltd.,Services,0.35,94.54 Cr,0.29,0.34,0.24,2026-05-11,ETMoney
Aditya Birla Sun Life Large Cap Fund,Large Cap,Aditya Birla Sun Life Mutual Fund,1247,Bandhan Bank Ltd.,Financial,0.34,91.87 Cr,0.18,0.29,0.45,2026-05-11,ETMoney
Aditya Birla Sun Life Large Cap Fund,Large Cap,Aditya Birla Sun Life Mutual Fund,1247,Pine Labs Ltd.,Financial,0.34,90.51 Cr,0.44,,,2026-05-11,ETMoney
Aditya Birla Sun Life Large Cap Fund,Large Cap,Aditya Birla Sun Life Mutual Fund,1247,The Federal Bank Ltd.,Financial,0.33,87.48 Cr,,,,2026-05-11,ETMoney
Aditya Birla Sun Life Large Cap Fund,Large Cap,Aditya Birla Sun Life Mutual Fund,1247,Suzlon Energy Ltd.,Capital Goods,0.3,79.78 Cr,0.34,0.37,,2026-05-11,ETMoney
Aditya Birla Sun Life Large Cap Fund,Large Cap,Aditya Birla Sun Life Mutual Fund,1247,Sanofi India Ltd.,Healthcare,0.3,80.35 Cr,0.33,0.39,0.51,2026-05-11,ETMoney
Aditya Birla Sun Life Large Cap Fund,Large Cap,Aditya Birla Sun Life Mutual Fund,1247,Varun Beverages Ltd.,Consumer Staples,0.28,75.72 Cr,0.31,0.29,,2026-05-11,ETMoney
Aditya Birla Sun Life Large Cap Fund,Large Cap,Aditya Birla Sun Life Mutual Fund,1247,Sobha Ltd.,Construction,0.26,70.49 Cr,0.28,0.31,0.26,2026-05-11,ETMoney
Aditya Birla Sun Life Large Cap Fund,Large Cap,Aditya Birla Sun Life Mutual Fund,1247,Afcons Infrastructure Ltd.,Construction,0.25,65.8 Cr,0.3,0.33,0.29,2026-05-11,ETMoney
Aditya Birla Sun Life Large Cap Fund,Large Cap,Aditya Birla Sun Life Mutual Fund,1247,Lenskart Solutions Ltd.,Consumer Discretionary,0.24,63.46 Cr,,,,2026-05-11,ETMoney
Aditya Birla Sun Life Large Cap Fund,Large Cap,Aditya Birla Sun Life Mutual Fund,1247,Mankind Pharma Ltd.,Healthcare,0.23,60.61 Cr,,,0.03,2026-05-11,ETMoney
Aditya Birla Sun Life Large Cap Fund,Large Cap,Aditya Birla Sun Life Mutual Fund,1247,Honeywell Automation India Ltd.,Capital Goods,0.21,55.28 Cr,0.22,0.25,0.25,2026-05-11,ETMoney
Aditya Birla Sun Life Large Cap Fund,Large Cap,Aditya Birla Sun Life Mutual Fund,1247,ICICI Prudential Life Insurance Company Ltd.,Insurance,0.21,54.81 Cr,0.49,0.45,0.03,2026-05-11,ETMoney
Aditya Birla Sun Life Large Cap Fund,Large Cap,Aditya Birla Sun Life Mutual Fund,1247,CG Power and Industrial Solutions Ltd.,Capital Goods,0.13,35.92 Cr,0.11,0.21,,2026-05-11,ETMoney
Aditya Birla Sun Life Large Cap Fund,Large Cap,Aditya Birla Sun Life Mutual Fund,1247,Others,Others,0.07,--,,,,2026-05-11,ETMoney
Aditya Birla Sun Life Large Cap Fund,Large Cap,Aditya Birla Sun Life Mutual Fund,1247,TVS Motor Company Ltd - Pref. Shares,Automobile,0.01,--,,,,2026-05-11,ETMoney
Aditya Birla Sun Life Large Cap Fund,Large Cap,Aditya Birla Sun Life Mutual Fund,1247,Kwality Wall's (India) Ltd.,Consumer Staples,0.01,2.42 Cr,0.01,,,2026-05-11,ETMoney
DSP Large Cap Fund,Large Cap,DSP Mutual Fund,1386,HDFC Bank Ltd.,Financial,9.31,616.56 Cr,9.18,8.65,9.07,2026-05-11,ETMoney
DSP Large Cap Fund,Large Cap,DSP Mutual Fund,1386,ICICI Bank Ltd.,Financial,8.02,530.76 Cr,8.11,7.18,9.1,2026-05-11,ETMoney
DSP Large Cap Fund,Large Cap,DSP Mutual Fund,1386,ITC Ltd.,Consumer Staples,7.13,471.77 Cr,6.07,5.9,5.52,2026-05-11,ETMoney
DSP Large Cap Fund,Large Cap,DSP Mutual Fund,1386,Axis Bank Ltd.,Financial,5.61,371.53 Cr,5.68,5.07,4.91,2026-05-11,ETMoney
DSP Large Cap Fund,Large Cap,DSP Mutual Fund,1386,Infosys Ltd.,Technology,5.43,359.29 Cr,6.18,5.48,1.81,2026-05-11,ETMoney
DSP Large Cap Fund,Large Cap,DSP Mutual Fund,1386,Mahindra & Mahindra Ltd.,Automobile,5.23,346.32 Cr,6.12,5.72,5.0,2026-05-11,ETMoney
DSP Large Cap Fund,Large Cap,DSP Mutual Fund,1386,Kotak Mahindra Bank Ltd.,Financial,5.04,333.59 Cr,4.59,5.06,4.08,2026-05-11,ETMoney
DSP Large Cap Fund,Large Cap,DSP Mutual Fund,1386,Cipla Ltd.,Healthcare,4.59,303.99 Cr,3.93,4.61,4.14,2026-05-11,ETMoney
DSP Large Cap Fund,Large Cap,DSP Mutual Fund,1386,NTPC Ltd.,Energy,4.11,272.05 Cr,4.53,4.93,3.91,2026-05-11,ETMoney
DSP Large Cap Fund,Large Cap,DSP Mutual Fund,1386,HDFC Life Insurance Co Ltd.,Insurance,3.12,206.46 Cr,2.5,2.07,,2026-05-11,ETMoney
DSP Large Cap Fund,Large Cap,DSP Mutual Fund,1386,Samvardhana Motherson International Ltd.,Automobile,3.04,201.37 Cr,3.7,3.58,2.83,2026-05-11,ETMoney
DSP Large Cap Fund,Large Cap,DSP Mutual Fund,1386,SBI Life Insurance Company Ltd.,Insurance,2.81,186.29 Cr,2.93,4.11,3.94,2026-05-11,ETMoney
DSP Large Cap Fund,Large Cap,DSP Mutual Fund,1386,Bajaj Finance Ltd.,Financial,2.33,154.23 Cr,2.61,3.4,4.84,2026-05-11,ETMoney
DSP Large Cap Fund,Large Cap,DSP Mutual Fund,1386,Bharti Airtel Ltd.,Communication,2.15,142.04 Cr,,,,2026-05-11,ETMoney
DSP Large Cap Fund,Large Cap,DSP Mutual Fund,1386,GAIL (India) Ltd.,Energy,2.06,136.15 Cr,2.47,2.23,2.29,2026-05-11,ETMoney
DSP Large Cap Fund,Large Cap,DSP Mutual Fund,1386,Oil And Natural Gas Corporation Ltd.,Energy,2.02,133.74 Cr,2.78,3.05,2.09,2026-05-11,ETMoney
DSP Large Cap Fund,Large Cap,DSP Mutual Fund,1386,State Bank of India,Financial,1.8,118.87 Cr,3.68,3.6,3.61,2026-05-11,ETMoney
DSP Large Cap Fund,Large Cap,DSP Mutual Fund,1386,Petronet LNG Ltd.,Energy,1.52,100.49 Cr,1.6,1.31,1.13,2026-05-11,ETMoney
DSP Large Cap Fund,Large Cap,DSP Mutual Fund,1386,Maruti Suzuki India Ltd.,Automobile,1.48,98.1 Cr,,,,2026-05-11,ETMoney
DSP Large Cap Fund,Large Cap,DSP Mutual Fund,1386,Power Finance Corporation Ltd.,Financial,1.4,92.53 Cr,1.19,1.19,0.94,2026-05-11,ETMoney
DSP Large Cap Fund,Large Cap,DSP Mutual Fund,1386,ICICI Prudential Asset Management Company Ltd.,Unclassified,1.32,87.65 Cr,1.56,,,2026-05-11,ETMoney
DSP Large Cap Fund,Large Cap,DSP Mutual Fund,1386,Indus Towers Ltd.,Communication,1.24,82.23 Cr,1.49,1.52,1.54,2026-05-11,ETMoney
DSP Large Cap Fund,Large Cap,DSP Mutual Fund,1386,Syngene International Ltd.,Healthcare,1.12,73.9 Cr,1.59,1.41,,2026-05-11,ETMoney
DSP Large Cap Fund,Large Cap,DSP Mutual Fund,1386,Ipca Laboratories Ltd.,Healthcare,1.09,72.2 Cr,1.13,0.95,0.85,2026-05-11,ETMoney
DSP Large Cap Fund,Large Cap,DSP Mutual Fund,1386,ICICI Lombard General Insurance Company Ltd.,Insurance,1.04,69.05 Cr,0.72,0.76,0.94,2026-05-11,ETMoney
DSP Large Cap Fund,Large Cap,DSP Mutual Fund,1386,Cohance Lifesciences Ltd.,Healthcare,0.94,62.07 Cr,1.17,1.39,1.38,2026-05-11,ETMoney
DSP Large Cap Fund,Large Cap,DSP Mutual Fund,1386,Jubilant Ingrevia Ltd.,Chemicals,0.94,62.34 Cr,1.11,1.04,1.39,2026-05-11,ETMoney
DSP Large Cap Fund,Large Cap,DSP Mutual Fund,1386,Life Insurance Corporation of India,Insurance,0.77,51.2 Cr,0.83,0.96,1.11,2026-05-11,ETMoney
DSP Large Cap Fund,Large Cap,DSP Mutual Fund,1386,Tata Motors Ltd.,Automobile,0.72,47.83 Cr,0.69,,,2026-05-11,ETMoney
DSP Large Cap Fund,Large Cap,DSP Mutual Fund,1386,Emcure Pharmaceuticals Ltd.,Healthcare,0.71,47.23 Cr,0.55,0.57,,2026-05-11,ETMoney
DSP Large Cap Fund,Large Cap,DSP Mutual Fund,1386,Alembic Pharmaceuticals Ltd.,Healthcare,0.61,40.36 Cr,0.71,0.83,1.12,2026-05-11,ETMoney
DSP Large Cap Fund,Large Cap,DSP Mutual Fund,1386,Cyient Ltd.,Technology,0.55,36.5 Cr,0.72,0.82,1.18,2026-05-11,ETMoney
DSP Large Cap Fund,Large Cap,DSP Mutual Fund,1386,Tata Capital Ltd.,Financial,0.44,28.95 Cr,,,,2026-05-11,ETMoney
DSP Large Cap Fund,Large Cap,DSP Mutual Fund,1386,HCL Technologies Ltd.,Technology,0.43,28.58 Cr,1.26,1.96,2.37,2026-05-11,ETMoney
DSP Large Cap Fund,Large Cap,DSP Mutual Fund,1386,Nifty 50,Financial,0.16,--,,,,2026-05-11,ETMoney
LIC MF Large Cap Fund,Large Cap,Lic Mutual Fund,31937,ICICI Bank Ltd.,Financial,8.25,111.56 Cr,7.21,7.48,7.33,2026-05-11,ETMoney
LIC MF Large Cap Fund,Large Cap,Lic Mutual Fund,31937,HDFC Bank Ltd.,Financial,7.94,107.29 Cr,9.37,9.29,9.61,2026-05-11,ETMoney
LIC MF Large Cap Fund,Large Cap,Lic Mutual Fund,31937,Reliance Industries Ltd.,Energy,6.96,94.04 Cr,6.91,6.2,6.38,2026-05-11,ETMoney
LIC MF Large Cap Fund,Large Cap,Lic Mutual Fund,31937,Larsen & Toubro Ltd.,Construction,5.56,75.2 Cr,5.12,4.74,3.87,2026-05-11,ETMoney
LIC MF Large Cap Fund,Large Cap,Lic Mutual Fund,31937,Bharti Airtel Ltd.,Communication,4.49,60.7 Cr,4.33,3.99,3.63,2026-05-11,ETMoney
LIC MF Large Cap Fund,Large Cap,Lic Mutual Fund,31937,State Bank of India,Financial,3.56,48.06 Cr,3.1,2.84,3.66,2026-05-11,ETMoney
LIC MF Large Cap Fund,Large Cap,Lic Mutual Fund,31937,Axis Bank Ltd.,Financial,3.2,43.32 Cr,2.44,2.24,0.43,2026-05-11,ETMoney
LIC MF Large Cap Fund,Large Cap,Lic Mutual Fund,31937,Infosys Ltd.,Technology,2.87,38.84 Cr,3.74,3.79,4.4,2026-05-11,ETMoney
LIC MF Large Cap Fund,Large Cap,Lic Mutual Fund,31937,ITC Ltd.,Consumer Staples,2.72,36.72 Cr,2.87,2.96,1.86,2026-05-11,ETMoney
LIC MF Large Cap Fund,Large Cap,Lic Mutual Fund,31937,Sun Pharmaceutical Industries Ltd.,Healthcare,2.58,34.9 Cr,1.96,1.88,1.66,2026-05-11,ETMoney
LIC MF Large Cap Fund,Large Cap,Lic Mutual Fund,31937,Hindustan Unilever Ltd.,Consumer Staples,2.58,34.92 Cr,2.12,2.38,1.66,2026-05-11,ETMoney
LIC MF Large Cap Fund,Large Cap,Lic Mutual Fund,31937,Tata Motors Passenger Vehicles Ltd.,Automobile,2.4,32.5 Cr,,1.29,,2026-05-11,ETMoney
LIC MF Large Cap Fund,Large Cap,Lic Mutual Fund,31937,SBI Life Insurance Company Ltd.,Insurance,2.36,31.84 Cr,1.82,1.66,1.5,2026-05-11,ETMoney
LIC MF Large Cap Fund,Large Cap,Lic Mutual Fund,31937,Mahindra & Mahindra Ltd.,Automobile,2.17,29.34 Cr,2.25,1.85,0.91,2026-05-11,ETMoney
LIC MF Large Cap Fund,Large Cap,Lic Mutual Fund,31937,Titan Company Ltd.,Consumer Discretionary,2.14,28.99 Cr,1.79,1.14,0.73,2026-05-11,ETMoney
LIC MF Large Cap Fund,Large Cap,Lic Mutual Fund,31937,Grasim Industries Ltd.,Materials,2.13,28.77 Cr,1.95,1.96,1.17,2026-05-11,ETMoney
LIC MF Large Cap Fund,Large Cap,Lic Mutual Fund,31937,Interglobe Aviation Ltd.,Services,1.98,26.71 Cr,,,,2026-05-11,ETMoney
LIC MF Large Cap Fund,Large Cap,Lic Mutual Fund,31937,Eternal Ltd.,Services,1.92,25.95 Cr,1.12,0.79,,2026-05-11,ETMoney
LIC MF Large Cap Fund,Large Cap,Lic Mutual Fund,31937,Ultratech Cement Ltd.,Materials,1.72,23.25 Cr,1.31,1.4,0.53,2026-05-11,ETMoney
LIC MF Large Cap Fund,Large Cap,Lic Mutual Fund,31937,Pidilite Industries Ltd.,Chemicals,1.69,22.8 Cr,1.45,1.48,0.73,2026-05-11,ETMoney
LIC MF Large Cap Fund,Large Cap,Lic Mutual Fund,31937,Apollo Hospitals Enterprise Ltd.,Healthcare,1.67,22.53 Cr,1.39,1.51,1.05,2026-05-11,ETMoney
LIC MF Large Cap Fund,Large Cap,Lic Mutual Fund,31937,Bharat Dynamics Ltd.,Capital Goods,1.61,21.72 Cr,0.72,,,2026-05-11,ETMoney
LIC MF Large Cap Fund,Large Cap,Lic Mutual Fund,31937,Kotak Mahindra Bank Ltd.,Financial,1.49,20.15 Cr,2.22,2.08,2.81,2026-05-11,ETMoney
LIC MF Large Cap Fund,Large Cap,Lic Mutual Fund,31937,Trent Ltd.,Services,1.49,20.15 Cr,1.24,0.78,,2026-05-11,ETMoney
LIC MF Large Cap Fund,Large Cap,Lic Mutual Fund,31937,Bharat Electronics Ltd.,Capital Goods,1.45,19.61 Cr,1.92,2.0,2.96,2026-05-11,ETMoney
LIC MF Large Cap Fund,Large Cap,Lic Mutual Fund,31937,Shriram Finance Ltd,Financial,1.41,19.03 Cr,0.94,1.29,1.13,2026-05-11,ETMoney
LIC MF Large Cap Fund,Large Cap,Lic Mutual Fund,31937,Power Finance Corporation Ltd.,Financial,1.4,18.88 Cr,1.43,1.7,1.69,2026-05-11,ETMoney
LIC MF Large Cap Fund,Large Cap,Lic Mutual Fund,31937,Tata Consultancy Services Ltd.,Technology,1.4,18.91 Cr,1.64,1.78,2.11,2026-05-11,ETMoney
LIC MF Large Cap Fund,Large Cap,Lic Mutual Fund,31937,Maruti Suzuki India Ltd.,Automobile,1.27,17.15 Cr,1.12,1.81,1.58,2026-05-11,ETMoney
LIC MF Large Cap Fund,Large Cap,Lic Mutual Fund,31937,Tata Steel Ltd.,Metals & Mining,1.25,16.9 Cr,,,,2026-05-11,ETMoney
LIC MF Large Cap Fund,Large Cap,Lic Mutual Fund,31937,The Indian Hotels Company Ltd.,Services,1.13,15.34 Cr,0.82,0.68,,2026-05-11,ETMoney
LIC MF Large Cap Fund,Large Cap,Lic Mutual Fund,31937,MOIL Ltd.,Metals & Mining,1.01,13.62 Cr,0.93,0.85,,2026-05-11,ETMoney
LIC MF Large Cap Fund,Large Cap,Lic Mutual Fund,31937,Nippon Life India Asset Management Ltd.,Financial,0.97,13.1 Cr,,,,2026-05-11,ETMoney
LIC MF Large Cap Fund,Large Cap,Lic Mutual Fund,31937,Blue Star Ltd.,Consumer Discretionary,0.97,13.15 Cr,0.86,0.96,1.15,2026-05-11,ETMoney
LIC MF Large Cap Fund,Large Cap,Lic Mutual Fund,31937,Hero Motocorp Ltd.,Automobile,0.97,13.09 Cr,0.99,1.71,1.02,2026-05-11,ETMoney
LIC MF Large Cap Fund,Large Cap,Lic Mutual Fund,31937,Tata Motors Ltd.,Automobile,0.85,11.54 Cr,0.77,,,2026-05-11,ETMoney
LIC MF Large Cap Fund,Large Cap,Lic Mutual Fund,31937,Godfrey Phillips India Ltd.,Consumer Staples,0.83,11.21 Cr,0.38,0.26,,2026-05-11,ETMoney
LIC MF Large Cap Fund,Large Cap,Lic Mutual Fund,31937,Allied Blenders And Distillers Ltd.,Consumer Staples,0.79,10.71 Cr,1.25,1.07,1.55,2026-05-11,ETMoney
LIC MF Large Cap Fund,Large Cap,Lic Mutual Fund,31937,Jubilant FoodWorks Ltd.,Services,0.73,9.85 Cr,0.77,0.67,,2026-05-11,ETMoney
LIC MF Large Cap Fund,Large Cap,Lic Mutual Fund,31937,Central Mine Planning & Design Institute Ltd.,Materials,0.57,7.71 Cr,,,,2026-05-11,ETMoney
LIC MF Large Cap Fund,Large Cap,Lic Mutual Fund,31937,Fortis Healthcare Ltd.,Healthcare,0.56,7.61 Cr,0.45,,,2026-05-11,ETMoney
LIC MF Large Cap Fund,Large Cap,Lic Mutual Fund,31937,Nifty 50,Financial,0.15,--,,,,2026-05-11,ETMoney
Bandhan Large Cap Fund,Large Cap,Bandhan Mutual Fund,3207,ICICI Bank Ltd.,Financial,8.4,152.91 Cr,6.65,7.28,9.81,2026-05-11,ETMoney
Bandhan Large Cap Fund,Large Cap,Bandhan Mutual Fund,3207,HDFC Bank Ltd.,Financial,7.96,144.86 Cr,9.41,9.19,9.49,2026-05-11,ETMoney
Bandhan Large Cap Fund,Large Cap,Bandhan Mutual Fund,3207,Reliance Industries Ltd.,Energy,6.6,120.09 Cr,7.7,7.19,7.3,2026-05-11,ETMoney
Bandhan Large Cap Fund,Large Cap,Bandhan Mutual Fund,3207,Infosys Ltd.,Technology,4.96,90.23 Cr,4.99,3.73,2.58,2026-05-11,ETMoney
Bandhan Large Cap Fund,Large Cap,Bandhan Mutual Fund,3207,NTPC Ltd.,Energy,4.23,77.08 Cr,3.53,3.58,3.13,2026-05-11,ETMoney
Bandhan Large Cap Fund,Large Cap,Bandhan Mutual Fund,3207,State Bank of India,Financial,3.84,69.93 Cr,3.36,2.62,2.3,2026-05-11,ETMoney
Bandhan Large Cap Fund,Large Cap,Bandhan Mutual Fund,3207,Bharti Airtel Ltd.,Communication,3.29,59.97 Cr,2.7,2.59,3.55,2026-05-11,ETMoney
Bandhan Large Cap Fund,Large Cap,Bandhan Mutual Fund,3207,Larsen & Toubro Ltd.,Construction,2.96,53.91 Cr,3.31,2.47,2.02,2026-05-11,ETMoney
Bandhan Large Cap Fund,Large Cap,Bandhan Mutual Fund,3207,Mahindra & Mahindra Ltd.,Automobile,2.91,52.95 Cr,3.07,3.02,3.27,2026-05-11,ETMoney
Bandhan Large Cap Fund,Large Cap,Bandhan Mutual Fund,3207,Axis Bank Ltd.,Financial,2.57,46.73 Cr,3.83,2.96,3.22,2026-05-11,ETMoney
Bandhan Large Cap Fund,Large Cap,Bandhan Mutual Fund,3207,Sun Pharmaceutical Industries Ltd.,Healthcare,2.46,44.8 Cr,2.15,2.56,2.29,2026-05-11,ETMoney
Bandhan Large Cap Fund,Large Cap,Bandhan Mutual Fund,3207,Vedanta Ltd.,Metals & Mining,2.42,44.11 Cr,1.69,0.88,1.68,2026-05-11,ETMoney
Bandhan Large Cap Fund,Large Cap,Bandhan Mutual Fund,3207,Bajaj Finserv Ltd.,Financial,2.42,44.11 Cr,2.59,2.54,2.67,2026-05-11,ETMoney
Bandhan Large Cap Fund,Large Cap,Bandhan Mutual Fund,3207,Eternal Ltd.,Services,2.27,41.31 Cr,2.18,3.28,2.12,2026-05-11,ETMoney
Bandhan Large Cap Fund,Large Cap,Bandhan Mutual Fund,3207,JSW Steel Ltd.,Metals & Mining,2.02,36.84 Cr,1.32,1.31,1.54,2026-05-11,ETMoney
Bandhan Large Cap Fund,Large Cap,Bandhan Mutual Fund,3207,Titan Company Ltd.,Consumer Discretionary,1.87,34.13 Cr,1.7,0.94,,2026-05-11,ETMoney
Bandhan Large Cap Fund,Large Cap,Bandhan Mutual Fund,3207,SBI Life Insurance Company Ltd.,Insurance,1.72,31.31 Cr,1.89,1.69,1.21,2026-05-11,ETMoney
Bandhan Large Cap Fund,Large Cap,Bandhan Mutual Fund,3207,Eicher Motors Ltd.,Automobile,1.44,26.25 Cr,1.23,0.87,,2026-05-11,ETMoney
Bandhan Large Cap Fund,Large Cap,Bandhan Mutual Fund,3207,Kotak Mahindra Bank Ltd.,Financial,1.32,24.12 Cr,0.56,1.28,,2026-05-11,ETMoney
Bandhan Large Cap Fund,Large Cap,Bandhan Mutual Fund,3207,Hindustan Unilever Ltd.,Consumer Staples,1.29,23.5 Cr,1.0,0.56,,2026-05-11,ETMoney
Bandhan Large Cap Fund,Large Cap,Bandhan Mutual Fund,3207,Ultratech Cement Ltd.,Materials,1.28,23.39 Cr,,,,2026-05-11,ETMoney
Bandhan Large Cap Fund,Large Cap,Bandhan Mutual Fund,3207,Varun Beverages Ltd.,Consumer Staples,1.23,22.32 Cr,2.44,2.29,3.48,2026-05-11,ETMoney
Bandhan Large Cap Fund,Large Cap,Bandhan Mutual Fund,3207,GE Vernova T&D India Ltd,Capital Goods,1.22,22.28 Cr,1.43,1.8,0.2,2026-05-11,ETMoney
Bandhan Large Cap Fund,Large Cap,Bandhan Mutual Fund,3207,ITC Ltd.,Consumer Staples,1.21,22.1 Cr,1.6,1.69,3.33,2026-05-11,ETMoney
Bandhan Large Cap Fund,Large Cap,Bandhan Mutual Fund,3207,Grasim Industries Ltd.,Materials,1.18,21.55 Cr,1.36,1.42,1.57,2026-05-11,ETMoney
Bandhan Large Cap Fund,Large Cap,Bandhan Mutual Fund,3207,One97 Communications Ltd.,Services,1.17,21.26 Cr,2.0,2.38,2.12,2026-05-11,ETMoney
Bandhan Large Cap Fund,Large Cap,Bandhan Mutual Fund,3207,Bharat Electronics Ltd.,Capital Goods,1.11,20.15 Cr,0.72,0.41,0.49,2026-05-11,ETMoney
Bandhan Large Cap Fund,Large Cap,Bandhan Mutual Fund,3207,Shriram Finance Ltd,Financial,1.03,18.69 Cr,0.9,,,2026-05-11,ETMoney
Bandhan Large Cap Fund,Large Cap,Bandhan Mutual Fund,3207,Divi's Laboratories Ltd.,Healthcare,1.01,18.32 Cr,1.0,1.07,1.35,2026-05-11,ETMoney
Bandhan Large Cap Fund,Large Cap,Bandhan Mutual Fund,3207,Fortis Healthcare Ltd.,Healthcare,0.99,18.08 Cr,1.05,0.51,,2026-05-11,ETMoney
Bandhan Large Cap Fund,Large Cap,Bandhan Mutual Fund,3207,Tata Consultancy Services Ltd.,Technology,0.91,16.55 Cr,1.33,2.19,5.42,2026-05-11,ETMoney
Bandhan Large Cap Fund,Large Cap,Bandhan Mutual Fund,3207,Pidilite Industries Ltd.,Chemicals,0.9,16.43 Cr,,,,2026-05-11,ETMoney
Bandhan Large Cap Fund,Large Cap,Bandhan Mutual Fund,3207,Bajaj Auto Ltd.,Automobile,0.88,16.03 Cr,0.8,1.1,1.04,2026-05-11,ETMoney
Bandhan Large Cap Fund,Large Cap,Bandhan Mutual Fund,3207,The Indian Hotels Company Ltd.,Services,0.86,15.57 Cr,0.62,,,2026-05-11,ETMoney
Bandhan Large Cap Fund,Large Cap,Bandhan Mutual Fund,3207,Coforge Ltd.,Technology,0.81,14.77 Cr,1.24,1.24,1.13,2026-05-11,ETMoney
Bandhan Large Cap Fund,Large Cap,Bandhan Mutual Fund,3207,Jubilant Ingrevia Ltd.,Chemicals,0.77,13.97 Cr,1.1,1.12,0.51,2026-05-11,ETMoney
Bandhan Large Cap Fund,Large Cap,Bandhan Mutual Fund,3207,Trent Ltd.,Services,0.76,13.83 Cr,0.88,0.67,1.07,2026-05-11,ETMoney
Bandhan Large Cap Fund,Large Cap,Bandhan Mutual Fund,3207,Godrej Properties Ltd.,Construction,0.75,13.57 Cr,1.08,1.15,,2026-05-11,ETMoney
Bandhan Large Cap Fund,Large Cap,Bandhan Mutual Fund,3207,Ather Energy Ltd.,Automobile,0.74,13.49 Cr,0.77,0.51,,2026-05-11,ETMoney
Bandhan Large Cap Fund,Large Cap,Bandhan Mutual Fund,3207,Tech Mahindra Ltd.,Technology,0.74,13.4 Cr,0.57,1.2,,2026-05-11,ETMoney
Bandhan Large Cap Fund,Large Cap,Bandhan Mutual Fund,3207,Astrazeneca Pharma India Ltd.,Healthcare,0.72,13.03 Cr,0.61,0.43,,2026-05-11,ETMoney
Bandhan Large Cap Fund,Large Cap,Bandhan Mutual Fund,3207,Dr. Agarwal's Health Care Ltd.,Healthcare,0.71,12.86 Cr,0.53,,,2026-05-11,ETMoney
Bandhan Large Cap Fund,Large Cap,Bandhan Mutual Fund,3207,Glenmark Pharmaceuticals Ltd.,Healthcare,0.65,11.79 Cr,0.99,,,2026-05-11,ETMoney
Bandhan Large Cap Fund,Large Cap,Bandhan Mutual Fund,3207,RBL Bank Ltd.,Financial,0.65,11.88 Cr,,,,2026-05-11,ETMoney
Bandhan Large Cap Fund,Large Cap,Bandhan Mutual Fund,3207,KFin Technologies Ltd.,Financial,0.65,11.92 Cr,1.03,1.08,,2026-05-11,ETMoney
Bandhan Large Cap Fund,Large Cap,Bandhan Mutual Fund,3207,Poonawalla Fincorp Ltd.,Financial,0.63,11.52 Cr,0.61,0.6,0.2,2026-05-11,ETMoney
Bandhan Large Cap Fund,Large Cap,Bandhan Mutual Fund,3207,Amber Enterprises India Ltd.,Consumer Discretionary,0.63,11.55 Cr,0.25,0.86,1.19,2026-05-11,ETMoney
Bandhan Large Cap Fund,Large Cap,Bandhan Mutual Fund,3207,Craftsman Automation Ltd.,Automobile,0.63,11.4 Cr,0.89,0.77,0.36,2026-05-11,ETMoney
Bandhan Large Cap Fund,Large Cap,Bandhan Mutual Fund,3207,Adani Ports and Special Economic Zone Ltd.,Services,0.6,10.94 Cr,,,,2026-05-11,ETMoney
Bandhan Large Cap Fund,Large Cap,Bandhan Mutual Fund,3207,Avenue Supermarts Ltd.,Services,0.57,10.35 Cr,,,1.96,2026-05-11,ETMoney
Bandhan Large Cap Fund,Large Cap,Bandhan Mutual Fund,3207,Torrent Pharmaceuticals Ltd.,Healthcare,0.51,9.28 Cr,0.78,0.8,,2026-05-11,ETMoney
Bandhan Large Cap Fund,Large Cap,Bandhan Mutual Fund,3207,Cholamandalam Investment and Finance Company Ltd.,Financial,0.46,8.3 Cr,0.5,0.57,2.16,2026-05-11,ETMoney
Bandhan Large Cap Fund,Large Cap,Bandhan Mutual Fund,3207,Oil And Natural Gas Corporation Ltd.,Energy,0.43,7.74 Cr,,,0.49,2026-05-11,ETMoney
Bandhan Large Cap Fund,Large Cap,Bandhan Mutual Fund,3207,Cummins India Ltd.,Capital Goods,0.42,7.63 Cr,0.37,,,2026-05-11,ETMoney
Bandhan Large Cap Fund,Large Cap,Bandhan Mutual Fund,3207,Tube Investments Of India Ltd.,Automobile,0.41,7.37 Cr,,,,2026-05-11,ETMoney
Bandhan Large Cap Fund,Large Cap,Bandhan Mutual Fund,3207,Canara HSBC Life Insurance Company Ltd.,Insurance,0.39,7.08 Cr,0.4,,,2026-05-11,ETMoney
Bandhan Large Cap Fund,Large Cap,Bandhan Mutual Fund,3207,Tata Power Company Ltd.,Energy,0.39,7.18 Cr,0.36,0.39,0.52,2026-05-11,ETMoney
Bandhan Large Cap Fund,Large Cap,Bandhan Mutual Fund,3207,JSW Dulux Ltd.,Materials,0.37,6.8 Cr,0.64,0.52,,2026-05-11,ETMoney
Bandhan Large Cap Fund,Large Cap,Bandhan Mutual Fund,3207,Lodha Developers Ltd.,Construction,0.36,6.54 Cr,1.0,0.8,1.47,2026-05-11,ETMoney
Bandhan Large Cap Fund,Large Cap,Bandhan Mutual Fund,3207,Asian Paints Ltd.,Materials,0.35,6.4 Cr,0.46,0.57,,2026-05-11,ETMoney
Bandhan Large Cap Fund,Large Cap,Bandhan Mutual Fund,3207,Sona BLW Precision Forgings Ltd.,Automobile,0.32,5.77 Cr,0.29,0.28,,2026-05-11,ETMoney
Bandhan Large Cap Fund,Large Cap,Bandhan Mutual Fund,3207,Ethos Ltd.,Services,0.32,5.89 Cr,0.52,0.54,,2026-05-11,ETMoney
Bandhan Large Cap Fund,Large Cap,Bandhan Mutual Fund,3207,Vishal Mega Mart Ltd.,Services,0.31,5.62 Cr,,,,2026-05-11,ETMoney
Bandhan Large Cap Fund,Large Cap,Bandhan Mutual Fund,3207,Mphasis Ltd.,Technology,0.29,5.33 Cr,0.86,,,2026-05-11,ETMoney
Bandhan Large Cap Fund,Large Cap,Bandhan Mutual Fund,3207,Indian Oil Corporation Ltd.,Energy,0.24,4.32 Cr,,,,2026-05-11,ETMoney
Bandhan Large Cap Fund,Large Cap,Bandhan Mutual Fund,3207,Prestige Estates Projects Ltd.,Construction,0.23,4.15 Cr,0.51,1.0,0.38,2026-05-11,ETMoney
Bandhan Large Cap Fund,Large Cap,Bandhan Mutual Fund,3207,PG Electroplast Ltd.,Capital Goods,0.17,3.06 Cr,,,,2026-05-11,ETMoney
Bandhan Large Cap Fund,Large Cap,Bandhan Mutual Fund,3207,Tata Motors Passenger Vehicles Ltd.,Automobile,0.09,1.7 Cr,0.54,,,2026-05-11,ETMoney
Invesco India Largecap Fund,Large Cap,Invesco Mutual Fund,10234,ICICI Bank Ltd.,Financial,7.61,116.9 Cr,6.59,6.03,7.58,2026-05-11,ETMoney
Invesco India Largecap Fund,Large Cap,Invesco Mutual Fund,10234,HDFC Bank Ltd.,Financial,6.59,101.3 Cr,7.99,7.69,9.1,2026-05-11,ETMoney
Invesco India Largecap Fund,Large Cap,Invesco Mutual Fund,10234,ICICI Prudential Asset Management Company Ltd.,Unclassified,5.87,90.14 Cr,4.98,,,2026-05-11,ETMoney
Invesco India Largecap Fund,Large Cap,Invesco Mutual Fund,10234,Infosys Ltd.,Technology,5.87,90.23 Cr,5.47,5.52,3.9,2026-05-11,ETMoney
Invesco India Largecap Fund,Large Cap,Invesco Mutual Fund,10234,Larsen & Toubro Ltd.,Construction,3.95,60.77 Cr,4.12,,,2026-05-11,ETMoney
Invesco India Largecap Fund,Large Cap,Invesco Mutual Fund,10234,Bharti Airtel Ltd.,Communication,3.72,57.1 Cr,3.93,3.75,4.37,2026-05-11,ETMoney
Invesco India Largecap Fund,Large Cap,Invesco Mutual Fund,10234,Bajaj Finance Ltd.,Financial,3.5,53.79 Cr,3.85,4.17,3.03,2026-05-11,ETMoney
Invesco India Largecap Fund,Large Cap,Invesco Mutual Fund,10234,Tech Mahindra Ltd.,Technology,3.34,51.28 Cr,3.19,2.75,1.77,2026-05-11,ETMoney
Invesco India Largecap Fund,Large Cap,Invesco Mutual Fund,10234,Eternal Ltd.,Services,3.16,48.55 Cr,2.87,2.78,1.85,2026-05-11,ETMoney
Invesco India Largecap Fund,Large Cap,Invesco Mutual Fund,10234,Interglobe Aviation Ltd.,Services,2.91,44.77 Cr,3.34,3.03,,2026-05-11,ETMoney
Invesco India Largecap Fund,Large Cap,Invesco Mutual Fund,10234,Axis Bank Ltd.,Financial,2.84,43.62 Cr,,,3.81,2026-05-11,ETMoney
Invesco India Largecap Fund,Large Cap,Invesco Mutual Fund,10234,Torrent Pharmaceuticals Ltd.,Healthcare,2.75,42.27 Cr,2.6,2.08,1.94,2026-05-11,ETMoney
Invesco India Largecap Fund,Large Cap,Invesco Mutual Fund,10234,Titan Company Ltd.,Consumer Discretionary,2.58,39.68 Cr,2.37,2.11,2.63,2026-05-11,ETMoney
Invesco India Largecap Fund,Large Cap,Invesco Mutual Fund,10234,Eicher Motors Ltd.,Automobile,2.57,39.51 Cr,2.55,3.25,3.0,2026-05-11,ETMoney
Invesco India Largecap Fund,Large Cap,Invesco Mutual Fund,10234,Ultratech Cement Ltd.,Materials,2.41,36.97 Cr,1.5,,,2026-05-11,ETMoney
Invesco India Largecap Fund,Large Cap,Invesco Mutual Fund,10234,Max Healthcare Institute Ltd.,Healthcare,2.37,36.35 Cr,1.96,,,2026-05-11,ETMoney
Invesco India Largecap Fund,Large Cap,Invesco Mutual Fund,10234,ABB India Ltd.,Capital Goods,2.22,34.18 Cr,1.53,1.21,1.19,2026-05-11,ETMoney
Invesco India Largecap Fund,Large Cap,Invesco Mutual Fund,10234,Asian Paints Ltd.,Materials,2.21,33.95 Cr,2.66,2.63,0.52,2026-05-11,ETMoney
Invesco India Largecap Fund,Large Cap,Invesco Mutual Fund,10234,Ather Energy Ltd.,Automobile,2.21,33.93 Cr,1.98,1.77,,2026-05-11,ETMoney
Invesco India Largecap Fund,Large Cap,Invesco Mutual Fund,10234,Cholamandalam Investment and Finance Company Ltd.,Financial,1.96,30.19 Cr,2.21,1.81,1.81,2026-05-11,ETMoney
Invesco India Largecap Fund,Large Cap,Invesco Mutual Fund,10234,Multi Commodity Exchange Of India Ltd.,Services,1.87,28.67 Cr,1.56,1.3,,2026-05-11,ETMoney
Invesco India Largecap Fund,Large Cap,Invesco Mutual Fund,10234,CG Power and Industrial Solutions Ltd.,Capital Goods,1.75,26.85 Cr,1.55,1.66,,2026-05-11,ETMoney
Invesco India Largecap Fund,Large Cap,Invesco Mutual Fund,10234,Mahindra & Mahindra Ltd.,Automobile,1.5,23.08 Cr,1.69,1.67,1.98,2026-05-11,ETMoney
Invesco India Largecap Fund,Large Cap,Invesco Mutual Fund,10234,Bank Of Baroda,Financial,1.39,21.4 Cr,,,,2026-05-11,ETMoney
Invesco India Largecap Fund,Large Cap,Invesco Mutual Fund,10234,Poly Medicure Ltd.,Healthcare,1.35,20.67 Cr,1.79,1.82,1.06,2026-05-11,ETMoney
Invesco India Largecap Fund,Large Cap,Invesco Mutual Fund,10234,Polycab India Ltd.,Capital Goods,1.28,19.73 Cr,,,,2026-05-11,ETMoney
Invesco India Largecap Fund,Large Cap,Invesco Mutual Fund,10234,Coforge Ltd.,Technology,1.22,18.68 Cr,1.3,1.02,1.4,2026-05-11,ETMoney
Invesco India Largecap Fund,Large Cap,Invesco Mutual Fund,10234,Shriram Finance Ltd,Financial,1.18,18.17 Cr,1.0,,,2026-05-11,ETMoney
Invesco India Largecap Fund,Large Cap,Invesco Mutual Fund,10234,Central Depository Services (India) Ltd.,Financial,1.17,17.91 Cr,1.51,0.98,0.45,2026-05-11,ETMoney
Invesco India Largecap Fund,Large Cap,Invesco Mutual Fund,10234,Divi's Laboratories Ltd.,Healthcare,1.16,17.84 Cr,1.12,1.17,1.9,2026-05-11,ETMoney
Invesco India Largecap Fund,Large Cap,Invesco Mutual Fund,10234,Hindalco Industries Ltd.,Metals & Mining,1.04,15.92 Cr,0.93,1.14,0.41,2026-05-11,ETMoney
Invesco India Largecap Fund,Large Cap,Invesco Mutual Fund,10234,Samvardhana Motherson International Ltd.,Automobile,1.03,15.76 Cr,1.05,0.99,2.85,2026-05-11,ETMoney
Invesco India Largecap Fund,Large Cap,Invesco Mutual Fund,10234,Vishal Mega Mart Ltd.,Services,1.03,15.79 Cr,1.19,1.52,,2026-05-11,ETMoney
Invesco India Largecap Fund,Large Cap,Invesco Mutual Fund,10234,PTC Industries Ltd.,Metals & Mining,0.99,15.14 Cr,1.18,1.23,1.61,2026-05-11,ETMoney
Invesco India Largecap Fund,Large Cap,Invesco Mutual Fund,10234,Hindustan Aeronautics Ltd.,Capital Goods,0.96,14.81 Cr,0.61,0.7,0.87,2026-05-11,ETMoney
Invesco India Largecap Fund,Large Cap,Invesco Mutual Fund,10234,SRF Ltd.,Chemicals,0.95,14.62 Cr,1.07,1.28,2.04,2026-05-11,ETMoney
Invesco India Largecap Fund,Large Cap,Invesco Mutual Fund,10234,PB Fintech Ltd.,Services,0.95,14.57 Cr,0.82,0.92,0.54,2026-05-11,ETMoney
Invesco India Largecap Fund,Large Cap,Invesco Mutual Fund,10234,Tube Investments Of India Ltd.,Automobile,0.94,14.42 Cr,0.87,0.87,,2026-05-11,ETMoney
Invesco India Largecap Fund,Large Cap,Invesco Mutual Fund,10234,Bharat Electronics Ltd.,Capital Goods,0.92,14.19 Cr,1.23,1.34,1.35,2026-05-11,ETMoney
Invesco India Largecap Fund,Large Cap,Invesco Mutual Fund,10234,Delhivery Ltd.,Services,0.81,12.42 Cr,0.7,0.56,0.63,2026-05-11,ETMoney
Invesco India Largecap Fund,Large Cap,Invesco Mutual Fund,10234,Global Health Ltd.,Healthcare,0.76,11.63 Cr,0.84,,,2026-05-11,ETMoney
Invesco India Largecap Fund,Large Cap,Invesco Mutual Fund,10234,Home First Finance Company India Ltd.,Financial,0.71,10.85 Cr,0.77,0.91,1.19,2026-05-11,ETMoney
Invesco India Largecap Fund,Large Cap,Invesco Mutual Fund,10234,DLF Ltd.,Construction,0.66,10.07 Cr,0.8,1.86,,2026-05-11,ETMoney
Invesco India Largecap Fund,Large Cap,Invesco Mutual Fund,10234,Jyoti CNC Automation Ltd.,Capital Goods,0.61,9.34 Cr,0.44,0.41,1.11,2026-05-11,ETMoney
Invesco India Largecap Fund,Large Cap,Invesco Mutual Fund,10234,NTPC Green Energy Ltd.,Energy,0.6,9.23 Cr,0.55,0.91,2.37,2026-05-11,ETMoney
Invesco India Largecap Fund,Large Cap,Invesco Mutual Fund,10234,Dixon Technologies (India) Ltd.,Capital Goods,0.55,8.5 Cr,0.62,1.1,1.6,2026-05-11,ETMoney
Invesco India Largecap Fund,Large Cap,Invesco Mutual Fund,10234,Trent Ltd.,Services,0.46,7.07 Cr,0.53,0.62,1.03,2026-05-11,ETMoney
Invesco India Largecap Fund,Large Cap,Invesco Mutual Fund,10234,Lodha Developers Ltd.,Construction,0.39,5.92 Cr,0.54,1.11,,2026-05-11,ETMoney
Invesco India Largecap Fund,Large Cap,Invesco Mutual Fund,10234,Kwality Wall's (India) Ltd.,Consumer Staples,0.03,40.45L,0.04,,,2026-05-11,ETMoney
Baroda BNP Paribas Large Cap Fund,Large Cap,Baroda BNP Paribas Mutual Fund,2156,Reliance Industries Ltd.,Energy,6.5,152.39 Cr,6.59,6.18,5.66,2026-05-11,ETMoney
Baroda BNP Paribas Large Cap Fund,Large Cap,Baroda BNP Paribas Mutual Fund,2156,HDFC Bank Ltd.,Financial,6.18,144.84 Cr,7.73,8.03,8.32,2026-05-11,ETMoney
Baroda BNP Paribas Large Cap Fund,Large Cap,Baroda BNP Paribas Mutual Fund,2156,ICICI Bank Ltd.,Financial,5.88,137.83 Cr,6.26,7.06,7.48,2026-05-11,ETMoney
Baroda BNP Paribas Large Cap Fund,Large Cap,Baroda BNP Paribas Mutual Fund,2156,Hitachi Energy India Ltd.,Capital Goods,4.37,102.51 Cr,2.93,3.04,2.58,2026-05-11,ETMoney
Baroda BNP Paribas Large Cap Fund,Large Cap,Baroda BNP Paribas Mutual Fund,2156,Bharti Airtel Ltd.,Communication,4.17,97.85 Cr,4.28,4.0,2.89,2026-05-11,ETMoney
Baroda BNP Paribas Large Cap Fund,Large Cap,Baroda BNP Paribas Mutual Fund,2156,Larsen & Toubro Ltd.,Construction,4.04,94.61 Cr,4.49,4.08,3.88,2026-05-11,ETMoney
Baroda BNP Paribas Large Cap Fund,Large Cap,Baroda BNP Paribas Mutual Fund,2156,State Bank of India,Financial,3.23,75.8 Cr,2.65,2.06,1.28,2026-05-11,ETMoney
Baroda BNP Paribas Large Cap Fund,Large Cap,Baroda BNP Paribas Mutual Fund,2156,Infosys Ltd.,Technology,2.88,67.53 Cr,3.12,2.83,2.95,2026-05-11,ETMoney
Baroda BNP Paribas Large Cap Fund,Large Cap,Baroda BNP Paribas Mutual Fund,2156,Kotak Mahindra Bank Ltd.,Financial,2.71,63.61 Cr,3.01,3.7,4.1,2026-05-11,ETMoney
Baroda BNP Paribas Large Cap Fund,Large Cap,Baroda BNP Paribas Mutual Fund,2156,Vedanta Ltd.,Metals & Mining,2.51,58.93 Cr,2.01,1.57,1.91,2026-05-11,ETMoney
Baroda BNP Paribas Large Cap Fund,Large Cap,Baroda BNP Paribas Mutual Fund,2156,NTPC Ltd.,Energy,2.42,56.7 Cr,1.87,2.19,2.51,2026-05-11,ETMoney
Baroda BNP Paribas Large Cap Fund,Large Cap,Baroda BNP Paribas Mutual Fund,2156,Eternal Ltd.,Services,2.37,55.64 Cr,1.53,1.82,1.04,2026-05-11,ETMoney
Baroda BNP Paribas Large Cap Fund,Large Cap,Baroda BNP Paribas Mutual Fund,2156,Tech Mahindra Ltd.,Technology,2.13,49.82 Cr,2.12,1.89,,2026-05-11,ETMoney
Baroda BNP Paribas Large Cap Fund,Large Cap,Baroda BNP Paribas Mutual Fund,2156,Sun Pharmaceutical Industries Ltd.,Healthcare,2.09,49.02 Cr,1.37,1.29,1.6,2026-05-11,ETMoney
Baroda BNP Paribas Large Cap Fund,Large Cap,Baroda BNP Paribas Mutual Fund,2156,Tata Consultancy Services Ltd.,Technology,1.99,46.7 Cr,2.35,2.34,3.78,2026-05-11,ETMoney
Baroda BNP Paribas Large Cap Fund,Large Cap,Baroda BNP Paribas Mutual Fund,2156,Divi's Laboratories Ltd.,Healthcare,1.87,43.88 Cr,1.7,1.54,1.71,2026-05-11,ETMoney
Baroda BNP Paribas Large Cap Fund,Large Cap,Baroda BNP Paribas Mutual Fund,2156,Ultratech Cement Ltd.,Materials,1.79,42.01 Cr,1.88,2.27,2.34,2026-05-11,ETMoney
Baroda BNP Paribas Large Cap Fund,Large Cap,Baroda BNP Paribas Mutual Fund,2156,Tata Capital Ltd.,Financial,1.76,41.17 Cr,1.08,,,2026-05-11,ETMoney
Baroda BNP Paribas Large Cap Fund,Large Cap,Baroda BNP Paribas Mutual Fund,2156,Dr. Reddy's Laboratories Ltd.,Healthcare,1.69,39.52 Cr,1.44,1.57,1.19,2026-05-11,ETMoney
Baroda BNP Paribas Large Cap Fund,Large Cap,Baroda BNP Paribas Mutual Fund,2156,Nestle India Ltd.,Consumer Staples,1.62,38.06 Cr,1.54,1.4,1.0,2026-05-11,ETMoney
Baroda BNP Paribas Large Cap Fund,Large Cap,Baroda BNP Paribas Mutual Fund,2156,ITC Ltd.,Consumer Staples,1.55,36.25 Cr,2.08,2.17,2.65,2026-05-11,ETMoney
Baroda BNP Paribas Large Cap Fund,Large Cap,Baroda BNP Paribas Mutual Fund,2156,Punjab National Bank,Financial,1.54,36.2 Cr,1.65,1.14,,2026-05-11,ETMoney
Baroda BNP Paribas Large Cap Fund,Large Cap,Baroda BNP Paribas Mutual Fund,2156,Eicher Motors Ltd.,Automobile,1.52,35.56 Cr,1.46,1.24,,2026-05-11,ETMoney
Baroda BNP Paribas Large Cap Fund,Large Cap,Baroda BNP Paribas Mutual Fund,2156,Hindustan Unilever Ltd.,Consumer Staples,1.42,33.29 Cr,1.39,1.53,1.0,2026-05-11,ETMoney
Baroda BNP Paribas Large Cap Fund,Large Cap,Baroda BNP Paribas Mutual Fund,2156,Bharat Heavy Electricals Ltd.,Capital Goods,1.41,33.14 Cr,1.44,1.09,1.06,2026-05-11,ETMoney
Baroda BNP Paribas Large Cap Fund,Large Cap,Baroda BNP Paribas Mutual Fund,2156,Bajaj Finance Ltd.,Financial,1.38,32.46 Cr,1.51,1.55,1.32,2026-05-11,ETMoney
Baroda BNP Paribas Large Cap Fund,Large Cap,Baroda BNP Paribas Mutual Fund,2156,Hero Motocorp Ltd.,Automobile,1.36,31.89 Cr,1.35,1.48,1.03,2026-05-11,ETMoney
Baroda BNP Paribas Large Cap Fund,Large Cap,Baroda BNP Paribas Mutual Fund,2156,Tata Motors Ltd.,Automobile,1.36,31.97 Cr,1.25,,,2026-05-11,ETMoney
Baroda BNP Paribas Large Cap Fund,Large Cap,Baroda BNP Paribas Mutual Fund,2156,Titan Company Ltd.,Consumer Discretionary,1.3,30.58 Cr,1.16,,,2026-05-11,ETMoney
Baroda BNP Paribas Large Cap Fund,Large Cap,Baroda BNP Paribas Mutual Fund,2156,Maruti Suzuki India Ltd.,Automobile,1.28,29.9 Cr,1.5,1.46,1.15,2026-05-11,ETMoney
Baroda BNP Paribas Large Cap Fund,Large Cap,Baroda BNP Paribas Mutual Fund,2156,Hyundai Motor India Ltd.,Automobile,1.23,28.8 Cr,1.45,2.1,1.52,2026-05-11,ETMoney
Baroda BNP Paribas Large Cap Fund,Large Cap,Baroda BNP Paribas Mutual Fund,2156,Multi Commodity Exchange Of India Ltd.,Services,1.21,--,,,,2026-05-11,ETMoney
Baroda BNP Paribas Large Cap Fund,Large Cap,Baroda BNP Paribas Mutual Fund,2156,Bosch Ltd.,Automobile,1.19,27.94 Cr,1.33,1.93,1.73,2026-05-11,ETMoney
Baroda BNP Paribas Large Cap Fund,Large Cap,Baroda BNP Paribas Mutual Fund,2156,LG Electronics India Ltd.,Consumer Discretionary,1.16,27.23 Cr,1.01,,,2026-05-11,ETMoney
Baroda BNP Paribas Large Cap Fund,Large Cap,Baroda BNP Paribas Mutual Fund,2156,JSW Steel Ltd.,Metals & Mining,1.16,27.27 Cr,1.05,,,2026-05-11,ETMoney
Baroda BNP Paribas Large Cap Fund,Large Cap,Baroda BNP Paribas Mutual Fund,2156,Bharat Electronics Ltd.,Capital Goods,1.15,27.04 Cr,1.0,1.02,0.64,2026-05-11,ETMoney
Baroda BNP Paribas Large Cap Fund,Large Cap,Baroda BNP Paribas Mutual Fund,2156,Oil India Ltd.,Energy,1.13,26.53 Cr,,0.84,1.0,2026-05-11,ETMoney
Baroda BNP Paribas Large Cap Fund,Large Cap,Baroda BNP Paribas Mutual Fund,2156,Bajaj Finserv Ltd.,Financial,1.13,26.43 Cr,1.22,1.22,1.34,2026-05-11,ETMoney
Baroda BNP Paribas Large Cap Fund,Large Cap,Baroda BNP Paribas Mutual Fund,2156,Axis Bank Ltd.,Financial,1.11,26.12 Cr,1.06,0.96,0.82,2026-05-11,ETMoney
Baroda BNP Paribas Large Cap Fund,Large Cap,Baroda BNP Paribas Mutual Fund,2156,NHPC Ltd.,Energy,1.05,24.54 Cr,0.9,0.76,,2026-05-11,ETMoney
Baroda BNP Paribas Large Cap Fund,Large Cap,Baroda BNP Paribas Mutual Fund,2156,United Spirits Ltd.,Consumer Staples,1.03,24.13 Cr,1.06,0.45,1.3,2026-05-11,ETMoney
Baroda BNP Paribas Large Cap Fund,Large Cap,Baroda BNP Paribas Mutual Fund,2156,Persistent Systems Ltd.,Technology,1.03,24.14 Cr,1.04,0.73,0.86,2026-05-11,ETMoney
Baroda BNP Paribas Large Cap Fund,Large Cap,Baroda BNP Paribas Mutual Fund,2156,Varun Beverages Ltd.,Consumer Staples,0.99,23.16 Cr,1.09,0.97,1.2,2026-05-11,ETMoney
Baroda BNP Paribas Large Cap Fund,Large Cap,Baroda BNP Paribas Mutual Fund,2156,HDFC Life Insurance Co Ltd.,Insurance,0.95,22.32 Cr,1.05,1.02,,2026-05-11,ETMoney
Baroda BNP Paribas Large Cap Fund,Large Cap,Baroda BNP Paribas Mutual Fund,2156,Escorts Kubota Ltd.,Automobile,0.88,20.71 Cr,1.05,0.99,1.02,2026-05-11,ETMoney
Baroda BNP Paribas Large Cap Fund,Large Cap,Baroda BNP Paribas Mutual Fund,2156,Indusind Bank Ltd.,Financial,0.87,20.31 Cr,,,,2026-05-11,ETMoney
Baroda BNP Paribas Large Cap Fund,Large Cap,Baroda BNP Paribas Mutual Fund,2156,Hindustan Zinc Ltd.,Metals & Mining,0.71,16.72 Cr,,,,2026-05-11,ETMoney
Baroda BNP Paribas Large Cap Fund,Large Cap,Baroda BNP Paribas Mutual Fund,2156,Torrent Pharmaceuticals Ltd.,Healthcare,0.65,15.19 Cr,,,,2026-05-11,ETMoney
Baroda BNP Paribas Large Cap Fund,Large Cap,Baroda BNP Paribas Mutual Fund,2156,Tata Power Company Ltd.,Energy,0.58,13.63 Cr,,,0.9,2026-05-11,ETMoney
Baroda BNP Paribas Large Cap Fund,Large Cap,Baroda BNP Paribas Mutual Fund,2156,GMR Airports Ltd.,Construction,0.46,10.67 Cr,0.49,0.41,0.41,2026-05-11,ETMoney
Baroda BNP Paribas Large Cap Fund,Large Cap,Baroda BNP Paribas Mutual Fund,2156,Power Grid Corporation Of India Ltd.,Energy,0.43,31.97 Cr,1.06,1.14,0.97,2026-05-11,ETMoney
