mf_scheme_code,scheme_name_raw,fund_name_base,isin_growth,fund_house,scheme_category,scheme_type,sync_status,nav_rows,first_nav_date,last_nav_date
103490,Quantum Value Fund - Direct Plan Growth Option,Quantum Value Fund,INF082J01036,Quantum Mutual Fund,Equity Scheme - Value Fund,Open Ended Schemes,ok,2808,2015-01-01,2026-05-26
103734,Quantum Liquid Fund - Direct Plan Growth Option,Quantum Liquid Fund,INF082J01127,Quantum Mutual Fund,Debt Scheme - Liquid Fund,Open Ended Schemes,ok,3316,2015-01-01,2026-05-26
111549,Quantum ELSS Tax Saver Fund - Direct Plan Growth Option,Quantum ELSS Tax Saver Fund,INF082J01069,Quantum Mutual Fund,Equity Scheme - ELSS,Open Ended Schemes,ok,2808,2015-01-01,2026-05-26
118267,CANARA ROBECO INFRASTRUCTURE FUND - DIRECT PLAN - GROWTH OPTION,CANARA ROBECO INFRASTRUCTURE FUND,INF760K01FO9,Canara Robeco Mutual Fund,Equity Scheme - Sectoral/ Thematic,Open Ended Schemes,ok,2806,2015-01-01,2026-05-26
118269,CANARA ROBECO LARGE CAP FUND - DIRECT PLAN - GROWTH OPTION,CANARA ROBECO LARGE CAP FUND,INF760K01FR2,Canara Robeco Mutual Fund,Equity Scheme - Large Cap Fund,Open Ended Schemes,ok,2806,2015-01-01,2026-05-26
118272,CANARA ROBECO EQUITY HYBRID FUND - DIRECT PLAN - GROWTH OPTION,CANARA ROBECO EQUITY HYBRID FUND,INF760K01EZ8,Canara Robeco Mutual Fund,Hybrid Scheme - Aggressive Hybrid Fund,Open Ended Schemes,ok,2806,2015-01-01,2026-05-26
118273,CANARA ROBECO CONSUMPTION FUND - DIRECT PLAN - GROWTH OPTION,CANARA ROBECO CONSUMPTION FUND,INF760K01DU1,Canara Robeco Mutual Fund,Equity Scheme - Sectoral/ Thematic,Open Ended Schemes,ok,2806,2015-01-01,2026-05-26
118275,CANARA ROBECO FLEXICAP FUND - DIRECT PLAN - GROWTH OPTION,CANARA ROBECO FLEXICAP FUND,INF760K01EF0,Canara Robeco Mutual Fund,Equity Scheme - Flexi Cap Fund,Open Ended Schemes,ok,2806,2015-01-01,2026-05-26
118278,CANARA ROBECO LARGE AND MID CAP FUND - DIRECT PLAN - GROWTH OPTION,CANARA ROBECO LARGE AND MID CAP FUND,INF760K01EI4,Canara Robeco Mutual Fund,Equity Scheme - Large & Mid Cap Fund,Open Ended Schemes,ok,2806,2015-01-01,2026-05-26
118285,CANARA ROBECO ELSS TAX SAVER - DIRECT PLAN - GROWTH OPTION,CANARA ROBECO ELSS TAX SAVER,INF760K01EL8,Canara Robeco Mutual Fund,Equity Scheme - ELSS,Open Ended Schemes,ok,2806,2015-01-01,2026-05-26
118305,CANARA ROBECO LIQUID FUND - DIRECT PLAN - GROWTH OPTION,CANARA ROBECO LIQUID FUND,INF760K01FU6,Canara Robeco Mutual Fund,Debt Scheme - Liquid Fund,Open Ended Schemes,ok,3396,2015-01-01,2026-05-26
118309,CANARA ROBECO CONSERVATIVE HYBRID FUND - DIRECT PLAN - GROWTH OPTION,CANARA ROBECO CONSERVATIVE HYBRID FUND,INF760K01GB4,Canara Robeco Mutual Fund,Hybrid Scheme - Conservative Hybrid Fund,Open Ended Schemes,ok,2754,2015-01-01,2026-05-26
118344,IDBI India Top 100 Equity Fund Growth Direct,IDBI India Top 100 Equity Fund,nan,IDBI Mutual Fund,Equity Scheme - Large Cap Fund,Open Ended Schemes,ok,2113,2015-01-01,2023-07-27
118345,IDBI Liquid Fund Growth Direct,IDBI Liquid Fund,nan,IDBI Mutual Fund,Formerly Known as IIFL Mutual Fund,360 ONE Mutual Fund,ok,2593,2015-01-01,2023-07-27
118364,BANDHAN LIQUID Fund -Direct Plan-Growth,BANDHAN LIQUID Fund,INF194K01I60,Bandhan Mutual Fund,Debt Scheme - Liquid Fund,Open Ended Schemes,ok,3561,2015-01-01,2026-05-26
118419,Bandhan Large & Mid Cap Fund - Direct Plan - Growth,Bandhan Large & Mid Cap Fund,INF194K01V89,Bandhan Mutual Fund,Equity Scheme - Large & Mid Cap Fund,Open Ended Schemes,ok,2814,2015-01-01,2026-05-26
118421,Bandhan Focused Fund - Direct Plan - Growth,Bandhan Focused Fund,INF194K01W21,Bandhan Mutual Fund,Equity Scheme - Focused Fund,Open Ended Schemes,ok,2814,2015-01-01,2026-05-26
118424,BANDHAN Flexi Cap Fund-Direct Plan-Growth,BANDHAN Flexi Cap Fund,INF194K01W62,Bandhan Mutual Fund,Equity Scheme - Flexi Cap Fund,Open Ended Schemes,ok,2814,2015-01-01,2026-05-26
118452,IDBI Equity Savings Fund Growth Option Direct,IDBI Equity Savings Fund,nan,IDBI Mutual Fund,Hybrid Scheme - Equity Savings,Open Ended Schemes,ok,2097,2015-01-01,2023-07-27
118469,BANDHAN Infrastructure Fund-Direct Plan-Growth,BANDHAN Infrastructure Fund,INF194K01X46,Bandhan Mutual Fund,Equity Scheme - Sectoral/ Thematic,Open Ended Schemes,ok,2814,2015-01-01,2026-05-26
118473,BANDHAN ELSS Tax Saver Fund - Direct Plan - Growth,BANDHAN ELSS Tax Saver Fund,INF194K01Y29,Bandhan Mutual Fund,Equity Scheme - ELSS,Open Ended Schemes,ok,2814,2015-01-01,2026-05-26
118474,BANDHAN Arbitrage Fund-Direct Plan- Growth,BANDHAN Arbitrage Fund,INF194K01Y60,Bandhan Mutual Fund,Hybrid Scheme - Arbitrage Fund,Open Ended Schemes,ok,2814,2015-01-01,2026-05-26
118477,BANDHAN Equity Savings Fund-Direct Plan-Growth,BANDHAN Equity Savings Fund,INF194K01Z02,Bandhan Mutual Fund,Hybrid Scheme - Equity Savings,Open Ended Schemes,ok,2814,2015-01-01,2026-05-26
118479,BANDHAN Large Cap Fund-Direct Plan-Growth,BANDHAN Large Cap Fund,INF194K01Z44,Bandhan Mutual Fund,Equity Scheme - Large Cap Fund,Open Ended Schemes,ok,2814,2015-01-01,2026-05-26
118481,Bandhan Value Fund - Direct Plan - Growth,Bandhan Value Fund,INF194K01Z85,Bandhan Mutual Fund,Equity Scheme - Value Fund,Open Ended Schemes,ok,2814,2015-01-01,2026-05-26
118491,BANDHAN Conservative Hybrid Fund-Direct Plan-Growth,BANDHAN Conservative Hybrid Fund,INF194K015B9,Bandhan Mutual Fund,Hybrid Scheme - Conservative Hybrid Fund,Open Ended Schemes,ok,2762,2015-01-01,2026-05-26
118494,Templeton India Value Fund - Direct - Growth,Templeton India Value Fund,INF090I01GY2,Franklin Templeton Mutual Fund,Equity Scheme - Value Fund,Open Ended Schemes,ok,2805,2015-01-01,2026-05-26
118510,Franklin India Large & Mid Cap Fund - Direct - Growth,Franklin India Large & Mid Cap Fund,INF090I01IN1,Franklin Templeton Mutual Fund,Equity Scheme - Large & Mid Cap Fund,Open Ended Schemes,ok,2805,2015-01-01,2026-05-26
118525,Franklin India Small Cap Fund - Direct - Growth,Franklin India Small Cap Fund,INF090I01IQ4,Franklin Templeton Mutual Fund,Equity Scheme - Small Cap Fund,Open Ended Schemes,ok,2806,2015-01-01,2026-05-26
118531,Franklin India Large Cap Fund- Direct - Growth,Franklin India Large Cap Fund,INF090I01FN7,Franklin Templeton Mutual Fund,Equity Scheme - Large Cap Fund,Open Ended Schemes,ok,2805,2015-01-01,2026-05-26
118533,Franklin India Mid Cap Fund - Direct - Growth,Franklin India Mid Cap Fund,INF090I01FH9,Franklin Templeton Mutual Fund,Equity Scheme - Mid Cap Fund,Open Ended Schemes,ok,2806,2015-01-01,2026-05-26
118535,Franklin India Flexi Cap Fund - Direct - Growth,Franklin India Flexi Cap Fund,INF090I01FK3,Franklin Templeton Mutual Fund,Equity Scheme - Flexi Cap Fund,Open Ended Schemes,ok,2806,2015-01-01,2026-05-26
118537,Franklin India Technology Fund - Direct - Growth,Franklin India Technology Fund,INF090I01FE6,Franklin Templeton Mutual Fund,Equity Scheme - Sectoral/ Thematic,Open Ended Schemes,ok,2803,2015-01-01,2026-05-26
118539,Franklin India Opportunities Fund - Direct - Growth,Franklin India Opportunities Fund,INF090I01GC8,Franklin Templeton Mutual Fund,Equity Scheme - Sectoral/ Thematic,Open Ended Schemes,ok,2805,2015-01-01,2026-05-26
118540,Franklin India ELSS Tax Saver Fund - Direct - Growth,Franklin India ELSS Tax Saver Fund,INF090I01JS8,Franklin Templeton Mutual Fund,Equity Scheme - ELSS,Open Ended Schemes,ok,2806,2015-01-01,2026-05-26
118546,Franklin India Aggressive Hybrid Fund - Direct - Growth,Franklin India Aggressive Hybrid Fund,INF090I01FZ1,Franklin Templeton Mutual Fund,Hybrid Scheme - Aggressive Hybrid Fund,Open Ended Schemes,ok,2806,2015-01-01,2026-05-26
118557,Franklin Build India Fund - Direct - Growth,Franklin Build India Fund,INF090I01JF5,Franklin Templeton Mutual Fund,Equity Scheme - Sectoral/ Thematic,Open Ended Schemes,ok,2806,2015-01-01,2026-05-26
118559,Franklin Asian Equity Fund - Direct - Growth,Franklin Asian Equity Fund,INF090I01IZ5,Franklin Templeton Mutual Fund,Equity Scheme - Sectoral/ Thematic,Open Ended Schemes,ok,2805,2015-01-01,2026-05-26
118564,Franklin India Focused Equity Fund - Direct - Growth,Franklin India Focused Equity Fund,INF090I01IW2,Franklin Templeton Mutual Fund,Equity Scheme - Focused Fund,Open Ended Schemes,ok,2806,2015-01-01,2026-05-26
118574,Franklin India Conservative Hybrid Fund - Direct - GROWTH,Franklin India Conservative Hybrid Fund,INF090I01GF1,Franklin Templeton Mutual Fund,Hybrid Scheme - Conservative Hybrid Fund,Open Ended Schemes,ok,2806,2015-01-01,2026-05-26
118577,Franklin India Liquid Fund - Super Institutional - Direct - Growth,Franklin India Liquid Fund - Super Institutional,INF090I01JV2,Franklin Templeton Mutual Fund,Debt Scheme - Liquid Fund,Open Ended Schemes,ok,3523,2015-01-01,2026-05-26
118585,Nippon India Arbitrage Fund - Direct Plan Growth Plan - Growth Option,Nippon India Arbitrage Fund - Direct Plan Growth Plan,INF204K01XZ7,Nippon India Mutual Fund,Hybrid Scheme - Arbitrage Fund,Open Ended Schemes,ok,2805,2015-01-01,2026-05-26
118589,Nippon India Banking & Financial Services Fund - Direct Plan Growth Plan - Growth Option,Nippon India Banking & Financial Services Fund - Direct Plan Growth Plan,INF204K01XO1,Nippon India Mutual Fund,Equity Scheme - Sectoral/ Thematic,Open Ended Schemes,ok,2806,2015-01-01,2026-05-26
118610,Reliance Liquid Fund - Cash Plan - Direct Plan - Growth Plan - Growth Option,Reliance Liquid Fund - Cash Plan - Direct Plan - Growth Plan,nan,Reliance Mutual Fund,Direct,139259;INF192K01LC8;-;JM Liquid Fund Unclaimed Redemption IEF,ok,1080,2015-01-01,2018-05-20
118615,Edelweiss Balanced Advantage Fund -Direct Plan-Growth Option,Edelweiss Balanced Advantage Fund,INF754K01BS2,Edelweiss Mutual Fund,Hybrid Scheme - Dynamic Asset Allocation or Balanced Advantage,Open Ended Schemes,ok,2807,2015-01-01,2026-05-26
118617,Edelweiss Large Cap Fund - Direct Plan-Growth option,Edelweiss Large Cap Fund,INF754K01BW4,Edelweiss Mutual Fund,Equity Scheme - Large Cap Fund,Open Ended Schemes,ok,2807,2015-01-01,2026-05-26
118620,Edelweiss ELSS Tax Saver Fund - Direct Plan-Growth Option,Edelweiss ELSS Tax Saver Fund,INF754K01CA8,Edelweiss Mutual Fund,Equity Scheme - ELSS,Open Ended Schemes,ok,2808,2015-01-01,2026-05-26
118624,Edelweiss Aggressive Hybrid Fund-Direct Plan-Growth Option,Edelweiss Aggressive Hybrid Fund,INF754K01CE0,Edelweiss Mutual Fund,Hybrid Scheme - Aggressive Hybrid Fund,Open Ended Schemes,ok,2808,2015-01-01,2026-05-26
118632,Nippon India Large Cap Fund - Direct Plan Growth Plan - Growth Option,Nippon India Large Cap Fund - Direct Plan Growth Plan,INF204K01XI3,Nippon India Mutual Fund,Equity Scheme - Large Cap Fund,Open Ended Schemes,ok,2806,2015-01-01,2026-05-26
118636,Edelweiss Liquid Fund-Direct Plan-Growth Option,Edelweiss Liquid Fund,nan,Edelweiss Mutual Fund,Income,Open Ended Schemes,ok,571,2015-01-01,2016-11-25
118650,Nippon India Multi Cap Fund - Direct Plan Growth Plan - Growth Option,Nippon India Multi Cap Fund - Direct Plan Growth Plan,INF204K01XF9,Nippon India Mutual Fund,Equity Scheme - Multi Cap Fund,Open Ended Schemes,ok,2806,2015-01-01,2026-05-26
118668,Nippon India Growth Mid Cap Fund - Direct Plan Growth Plan - Growth Option,Nippon India Growth Mid Cap Fund - Direct Plan Growth Plan,INF204K01E54,Nippon India Mutual Fund,Equity Scheme - Mid Cap Fund,Open Ended Schemes,ok,2806,2015-01-01,2026-05-26
118678,Nippon India Vision Large & Mid Cap Fund - Direct Plan Growth Plan - Growth Option,Nippon India Vision Large & Mid Cap Fund - Direct Plan Growth Plan,INF204K01F20,Nippon India Mutual Fund,Equity Scheme - Large & Mid Cap Fund,Open Ended Schemes,ok,2806,2015-01-01,2026-05-26
118692,Nippon India Focused Fund - Direct Plan Growth Plan - Growth Option,Nippon India Focused Fund - Direct Plan Growth Plan,INF204K01F95,Nippon India Mutual Fund,Equity Scheme - Focused Fund,Open Ended Schemes,ok,2806,2015-01-01,2026-05-26
118701,Nippon India Liquid Fund - Direct Plan Growth Plan - Growth Option,Nippon India Liquid Fund - Direct Plan Growth Plan,INF204K01ZH0,Nippon India Mutual Fund,Debt Scheme - Liquid Fund,Open Ended Schemes,ok,3565,2015-01-01,2026-05-26
118724,Nippon India Consumption Fund - Direct Plan Growth Plan - Growth Option,Nippon India Consumption Fund - Direct Plan Growth Plan,INF204K01G52,Nippon India Mutual Fund,Equity Scheme - Sectoral/ Thematic,Open Ended Schemes,ok,2806,2015-01-01,2026-05-26
118726,Nippon India Conservative Hybrid  Fund - Direct Plan Growth Plan - Growth Option,Nippon India Conservative Hybrid Fund - Direct Plan Growth Plan,INF204K01YV4,Nippon India Mutual Fund,Hybrid Scheme - Conservative Hybrid Fund,Open Ended Schemes,ok,2754,2015-01-01,2026-05-26
118736,Nippon India Balanced Advantage Fund - Direct Plan Growth Plan - Growth Option,Nippon India Balanced Advantage Fund - Direct Plan Growth Plan,INF204K01G94,Nippon India Mutual Fund,Hybrid Scheme - Dynamic Asset Allocation or Balanced Advantage,Open Ended Schemes,ok,2805,2015-01-01,2026-05-26
118759,Nippon India Pharma Fund - Direct Plan Growth Plan - Growth Option,Nippon India Pharma Fund - Direct Plan Growth Plan,INF204K01I50,Nippon India Mutual Fund,Equity Scheme - Sectoral/ Thematic,Open Ended Schemes,ok,2806,2015-01-01,2026-05-26
118763,Nippon India Power & Infra Fund - Direct Plan Growth Plan - Growth Option,Nippon India Power & Infra Fund - Direct Plan Growth Plan,INF204K01I92,Nippon India Mutual Fund,Equity Scheme - Sectoral/ Thematic,Open Ended Schemes,ok,2806,2015-01-01,2026-05-26
118769,Nippon India Quant Fund - Direct Plan Growth Plan - Growth Option,Nippon India Quant Fund - Direct Plan Growth Plan,INF204K01J34,Nippon India Mutual Fund,Equity Scheme - Sectoral/ Thematic,Open Ended Schemes,ok,2806,2015-01-01,2026-05-26
118778,Nippon India Small Cap Fund - Direct Plan Growth Plan - Growth Option,Nippon India Small Cap Fund - Direct Plan Growth Plan,INF204K01K15,Nippon India Mutual Fund,Equity Scheme - Small Cap Fund,Open Ended Schemes,ok,2805,2015-01-01,2026-05-26
118784,Nippon India Value Fund - Direct Plan Growth Plan,Nippon India Value Fund - Direct Plan Growth Plan,INF204K01K49,Nippon India Mutual Fund,Equity Scheme - Value Fund,Open Ended Schemes,ok,2806,2015-01-01,2026-05-26
118794,Nippon India Aggressive Hybrid Fund  - Direct Plan Growth Plan,Nippon India Aggressive Hybrid Fund - Direct Plan Growth Plan,INF204K01B08,Nippon India Mutual Fund,Hybrid Scheme - Aggressive Hybrid Fund,Open Ended Schemes,ok,2805,2015-01-01,2026-05-26
118803,Nippon India ELSS Tax Saver Fund - Direct Plan Growth Plan - Growth Option,Nippon India ELSS Tax Saver Fund - Direct Plan Growth Plan,INF204K01L55,Nippon India Mutual Fund,Equity Scheme - ELSS,Open Ended Schemes,ok,2806,2015-01-01,2026-05-26
118825,Mirae Asset Large Cap Fund - Direct Plan - Growth,Mirae Asset Large Cap Fund,INF769K01AX2,Mirae Asset Mutual Fund,Equity Scheme - Large Cap Fund,Open Ended Schemes,ok,2806,2015-01-01,2026-05-26
118834,Mirae Asset Large & Midcap Fund - Direct Plan - Growth,Mirae Asset Large & Midcap Fund,INF769K01BI1,Mirae Asset Mutual Fund,Equity Scheme - Large & Mid Cap Fund,Open Ended Schemes,ok,2806,2015-01-01,2026-05-26
118837,Mirae Asset Great Consumer Fund - Direct Plan - Growth,Mirae Asset Great Consumer Fund,INF769K01BL5,Mirae Asset Mutual Fund,Equity Scheme - Sectoral/ Thematic,Open Ended Schemes,ok,2806,2015-01-01,2026-05-26
118857,Mirae Asset Liquid Fund - Direct Plan - Growth,Mirae Asset Liquid Fund,nan,Mirae Asset Mutual Fund,Income,Open Ended Schemes,ok,0,,
118859,Mirae Asset Liquid Fund - Direct Plan - Growth,Mirae Asset Liquid Fund,INF769K01CM1,Mirae Asset Mutual Fund,Debt Scheme - Liquid Fund,Open Ended Schemes,ok,3426,2015-01-01,2026-05-26
118866,Taurus ELSS Tax Saver Fund - Direct Plan - Growth,Taurus ELSS Tax Saver Fund,INF044D01CG6,Taurus Mutual Fund,Equity Scheme - ELSS,Open Ended Schemes,ok,2808,2015-01-01,2026-05-26
118868,Taurus Banking & Financial Services Fund - Direct Plan - Growth,Taurus Banking & Financial Services Fund,INF044D01CN2,Taurus Mutual Fund,Equity Scheme - Sectoral/ Thematic,Open Ended Schemes,ok,2808,2015-01-01,2026-05-26
118870,Taurus Large Cap Fund - Direct Plan - Growth,Taurus Large Cap Fund,INF044D01BX3,Taurus Mutual Fund,Equity Scheme - Large Cap Fund,Open Ended Schemes,ok,2808,2015-01-01,2026-05-26
118872,Taurus Mid Cap Fund - Direct Plan - Growth,Taurus Mid Cap Fund,INF044D01CA9,Taurus Mutual Fund,Equity Scheme - Mid Cap Fund,Open Ended Schemes,ok,2808,2015-01-01,2026-05-26
118876,Taurus Ethical Fund - Direct Plan - Growth,Taurus Ethical Fund,INF044D01CJ0,Taurus Mutual Fund,Equity Scheme - Sectoral/ Thematic,Open Ended Schemes,ok,2808,2015-01-01,2026-05-26
118879,Taurus Infrastructure Fund - Direct Plan - Growth,Taurus Infrastructure Fund,INF044D01CD3,Taurus Mutual Fund,Equity Scheme - Sectoral/ Thematic,Open Ended Schemes,ok,2808,2015-01-01,2026-05-26
118883,Taurus Flexi Cap Fund - Direct Plan - Growth,Taurus Flexi Cap Fund,INF044D01BU9,Taurus Mutual Fund,Equity Scheme - Flexi Cap Fund,Open Ended Schemes,ok,2808,2015-01-01,2026-05-26
118893,Taurus Liquid Fund-Direct Plan-SI Growth Option,Taurus Liquid Fund - Direct Plan-SI Growth Option,nan,Taurus Mutual Fund,Debt Scheme - Liquid Fund,Open Ended Schemes,ok,1791,2015-01-01,2020-11-03
118929,HDFC Long Term Advantage Plan - Growth Option - Direct Plan,HDFC Long Term Advantage Plan,nan,HDFC Mutual Fund,Equity Scheme - ELSS,Open Ended Schemes,ok,1735,2015-01-01,2022-01-14
118931,HDFC ARBITRAGE FUND - Growth Option - Direct Plan,HDFC ARBITRAGE FUND,INF179K01UU8,HDFC Mutual Fund,Hybrid Scheme - Arbitrage Fund,Open Ended Schemes,ok,2803,2015-01-01,2026-05-21
118935,HDFC Value Fund - Growth Option - Direct Plan,HDFC Value Fund,INF179K01VC4,HDFC Mutual Fund,Equity Scheme - Value Fund,Open Ended Schemes,ok,2806,2015-01-01,2026-05-26
118950,HDFC Focused Fund - Growth Option - Direct Plan,HDFC Focused Fund,INF179K01VK7,HDFC Mutual Fund,Equity Scheme - Focused Fund,Open Ended Schemes,ok,2806,2015-01-01,2026-05-26
118955,HDFC Flexi Cap Fund - Growth Option - Direct Plan,HDFC Flexi Cap Fund,INF179K01UT0,HDFC Mutual Fund,Equity Scheme - Flexi Cap Fund,Open Ended Schemes,ok,2806,2015-01-01,2026-05-26
118968,HDFC Balanced Advantage Fund - Growth Plan - Direct Plan,HDFC Balanced Advantage Fund - Growth Plan,INF179K01WA6,HDFC Mutual Fund,Hybrid Scheme - Dynamic Asset Allocation or Balanced Advantage,Open Ended Schemes,ok,2806,2015-01-01,2026-05-26
118979,HDFC Infrastructure Fund - Growth Option - Direct Plan,HDFC Infrastructure Fund,INF179K01WQ2,HDFC Mutual Fund,Equity Scheme - Sectoral/ Thematic,Open Ended Schemes,ok,2806,2015-01-01,2026-05-26
118989,HDFC Mid Cap Fund - Growth Option - Direct Plan,HDFC Mid Cap Fund,INF179K01XQ0,HDFC Mutual Fund,Equity Scheme - Mid Cap Fund,Open Ended Schemes,ok,2806,2015-01-01,2026-05-26
119018,HDFC Large Cap Fund - Growth Option - Direct Plan,HDFC Large Cap Fund,INF179K01YV8,HDFC Mutual Fund,Equity Scheme - Large Cap Fund,Open Ended Schemes,ok,2806,2015-01-01,2026-05-26
119019,DSP Aggressive Hybrid Fund - Direct Plan - Growth,DSP Aggressive Hybrid Fund,INF740K01NY4,DSP Mutual Fund,Hybrid Scheme - Aggressive Hybrid Fund,Open Ended Schemes,ok,2809,2015-01-01,2026-05-26
119028,DSP Natural Resources and New Energy Fund - Direct Plan - Growth,DSP Natural Resources and New Energy Fund,INF740K01QA7,DSP Mutual Fund,Equity Scheme - Sectoral/ Thematic,Open Ended Schemes,ok,2727,2015-01-02,2026-05-26
119053,Tata Aggressive Hybrid Fund -Direct Plan- Growth Option,Tata Aggressive Hybrid Fund,INF277K01MN2,Tata Mutual Fund,Hybrid Scheme - Aggressive Hybrid Fund,Open Ended Schemes,ok,2806,2015-01-01,2026-05-26
119060,HDFC ELSS Tax saver - Growth Option - Direct Plan,HDFC ELSS Tax saver,INF179K01YS4,HDFC Mutual Fund,Equity Scheme - ELSS,Open Ended Schemes,ok,2806,2015-01-01,2026-05-26
119062,HDFC Hybrid Equity Fund - Growth Option - Direct Plan,HDFC Hybrid Equity Fund,INF179K01XZ1,HDFC Mutual Fund,Hybrid Scheme - Aggressive Hybrid Fund,Open Ended Schemes,ok,2806,2015-01-01,2026-05-26
119071,DSP Midcap Fund - Direct Plan - Growth,DSP Midcap Fund,INF740K01PX1,DSP Mutual Fund,Equity Scheme - Mid Cap Fund,Open Ended Schemes,ok,2808,2015-01-01,2026-05-26
119076,DSP Flexi Cap Fund - Direct Plan - Growth,DSP Flexi Cap Fund,INF740K01PI2,DSP Mutual Fund,Equity Scheme - Flexi Cap Fund,Open Ended Schemes,ok,2808,2015-01-01,2026-05-26
119091,HDFC Liquid Fund - Growth Option - Direct Plan,HDFC Liquid Fund,INF179KB1HP9,HDFC Mutual Fund,Debt Scheme - Liquid Fund,Open Ended Schemes,ok,3521,2015-01-01,2026-05-26
119096,DSP Focused Fund - Direct Plan - Growth,DSP Focused Fund,INF740K01OB0,DSP Mutual Fund,Equity Scheme - Focused Fund,Open Ended Schemes,ok,2808,2015-01-01,2026-05-26
119118,HDFC Hybrid Debt Fund - Growth Option - Direct Plan,HDFC Hybrid Debt Fund,INF179K01XE6,HDFC Mutual Fund,Hybrid Scheme - Conservative Hybrid Fund,Open Ended Schemes,ok,2755,2015-01-01,2026-05-26
119125,DSP Liquidity Fund - Direct Plan - Growth,DSP Liquidity Fund,INF740K01QL4,DSP Mutual Fund,Debt Scheme - Liquid Fund,Open Ended Schemes,ok,3589,2015-01-01,2026-05-26
119128,HDFC Equity Savings Fund - Growth Option - Direct Plan,HDFC Equity Savings Fund,INF179K01XT4,HDFC Mutual Fund,Hybrid Scheme - Equity Savings,Open Ended Schemes,ok,2802,2015-01-01,2026-05-26
119131,HDFC Multi-Asset Fund - Growth Option - Direct Plan,HDFC Multi-Asset Fund,INF179K01XW8,HDFC Mutual Fund,Hybrid Scheme - Multi Asset Allocation,Open Ended Schemes,ok,2788,2015-01-01,2026-05-26
119133,Groww Largecap Fund (formerly known as Indiabulls Blue Chip Fund) - Direct Plan - Growth Option,Groww Largecap Fund (formerly known as Indiabulls Blue Chip Fund),INF666M01600,Groww Mutual Fund,Equity Scheme - Large Cap Fund,Open Ended Schemes,ok,2807,2015-01-01,2026-05-26
119135,Groww Liquid Fund ( formerly known as Indiabulls Liquid )Fund - Direct Plan - Growth Option,Groww Liquid Fund ( formerly known as Indiabulls Liquid )Fund,INF666M01451,Groww Mutual Fund,Debt Scheme - Liquid Fund,Open Ended Schemes,ok,3597,2015-01-01,2026-05-26
119148,Navi Large Cap Equity Fund-Direct Plan-Growth Option,Navi Large Cap Equity Fund,nan,Navi Mutual Fund,Equity Scheme - Large Cap Fund,Open Ended Schemes,ok,1859,2015-01-01,2022-07-15
119156,Navi Conservative Hybrid Fund-Direct Plan-Growth Option,Navi Conservative Hybrid Fund,nan,Navi Mutual Fund,Hybrid Scheme - Conservative Hybrid Fund,Open Ended Schemes,ok,2392,2015-01-01,2024-11-14
119160,Tata Large Cap Fund -Direct Plan Growth Option,Tata Large Cap Fund,INF277K01QZ7,Tata Mutual Fund,Equity Scheme - Large Cap Fund,Open Ended Schemes,ok,2806,2015-01-01,2026-05-26
119164,Navi Liquid Fund-Direct Plan-Growth Option,Navi Liquid Fund,INF959L01GF1,Navi Mutual Fund,Debt Scheme - Liquid Fund,Open Ended Schemes,ok,3441,2015-01-01,2026-05-26
119172,Tata Ethical Fund -Direct Plan- Growth Option,Tata Ethical Fund,INF277K01NG4,Tata Mutual Fund,Equity Scheme - Sectoral/ Thematic,Open Ended Schemes,ok,2806,2015-01-01,2026-05-26
119173,Morgan Stanley Liquid Fund - Direct Growth Plan,Morgan Stanley Liquid Fund - Direct Growth Plan,nan,Morgan Stanley Mutual Fund,Income,Open Ended Schemes,ok,0,,
119176,Navi 3 in 1 Fund-Direct Plan-Growth Option,Navi 3 in 1 Fund,nan,Navi Mutual Fund,Hybrid Scheme - Multi Asset Allocation,Open Ended Schemes,ok,1840,2015-01-01,2022-07-15
119178,Tata Mid Cap Fund - Direct Plan- Growth Option,Tata Mid Cap Fund,INF277K01PY2,Tata Mutual Fund,Equity Scheme - Mid Cap Fund,Open Ended Schemes,ok,2806,2015-01-01,2026-05-26
119181,Daiwa Liquid Fund - Direct - Growth,Daiwa Liquid Fund,nan,Daiwa Mutual Fund,Income,Open Ended Schemes,ok,0,,
119202,Tata Large & MId Cap Fund -Direct Plan- Growth Option,Tata Large & MId Cap Fund,INF277K01MK8,Tata Mutual Fund,Equity Scheme - Large & Mid Cap Fund,Open Ended Schemes,ok,2806,2015-01-01,2026-05-26
119212,DSP Small Cap Fund - Direct Plan - Growth,DSP Small Cap Fund,INF740K01QD1,DSP Mutual Fund,Equity Scheme - Small Cap Fund,Open Ended Schemes,ok,2808,2015-01-01,2026-05-26
119218,DSP Large & Mid Cap Fund - Direct Plan - Growth,DSP Large & Mid Cap Fund,INF740K01PL6,DSP Mutual Fund,Equity Scheme - Large & Mid Cap Fund,Open Ended Schemes,ok,2808,2015-01-01,2026-05-26
119231,Tata Value Fund -Direct Plan Growth Option,Tata Value Fund,INF277K01ND1,Tata Mutual Fund,Equity Scheme - Value Fund,Open Ended Schemes,ok,2806,2015-01-01,2026-05-26
119242,DSP ELSS Tax Saver Fund - Direct Plan - Growth,DSP ELSS Tax Saver Fund,INF740K01OK1,DSP Mutual Fund,Equity Scheme - ELSS,Open Ended Schemes,ok,2808,2015-01-01,2026-05-26
119243,Tata Infrastructure Fund -Direct Plan -Growth Option,Tata Infrastructure Fund,INF277K01PQ8,Tata Mutual Fund,Equity Scheme - Sectoral/ Thematic,Open Ended Schemes,ok,2806,2015-01-01,2026-05-26
119247,DSP India T.I.G.E.R. Fund - Direct Plan - Growth,DSP India T.I.G.E.R. Fund,INF740K01PU7,DSP Mutual Fund,Equity Scheme - Sectoral/ Thematic,Open Ended Schemes,ok,2808,2015-01-01,2026-05-26
119250,DSP Large Cap Fund - Direct Plan - Growth,DSP Large Cap Fund,INF740K01PR3,DSP Mutual Fund,Equity Scheme - Large Cap Fund,Open Ended Schemes,ok,2808,2015-01-01,2026-05-26
119291,L&T Flexicap Fund-Direct Plan-Growth,L&T Flexicap Fund,nan,L&T Mutual Fund,Equity Scheme - Multi Cap Fund,Open Ended Schemes,ok,1946,2015-01-01,2022-11-24
119292,Union Flexi Cap Fund - Direct Plan - Growth Option,Union Flexi Cap Fund,INF582M01633,Union Mutual Fund,Equity Scheme - Flexi Cap Fund,Open Ended Schemes,ok,2805,2015-01-01,2026-05-26
119298,L&T Balanced Advantage Fund-Direct Plan-Growth,L&T Balanced Advantage Fund,nan,L&T Mutual Fund,Hybrid Scheme - Dynamic Asset Allocation or Balanced Advantage,Open Ended Schemes,ok,1943,2015-01-01,2022-11-24
119303,Union Liquid Fund - Direct Plan - Growth Option,Union Liquid Fund,INF582M01674,Union Mutual Fund,Debt Scheme - Liquid Fund,Open Ended Schemes,ok,3500,2015-01-01,2026-05-26
119307,Union ELSS Tax Saver Fund - Direct Plan - Growth Option,Union ELSS Tax Saver Fund,INF582M01765,Union Mutual Fund,Equity Scheme - ELSS,Open Ended Schemes,ok,2805,2015-01-01,2026-05-26
119308,L&T India Large Cap Fund - Direct Plan - Growth,L&T India Large Cap Fund,nan,L&T Mutual Fund,Equity Scheme - Large Cap Fund,Open Ended Schemes,ok,1946,2015-01-01,2022-11-24
119326,BARODA HYBRID EQUITY FUND - Plan B (Direct) - Growth Option,BARODA HYBRID EQUITY FUND - Plan B,nan,Baroda Mutual Fund,Hybrid Scheme - Aggressive Hybrid Fund,Open Ended Schemes,ok,1773,2015-01-01,2022-03-13
119327,Union Asset Allocation Fund - Direct Plan - Growth Option,Union Asset Allocation Fund,nan,Union Mutual Fund,Hybrid Scheme - Multi Asset Allocation,Open Ended Schemes,ok,1019,2015-01-01,2019-03-20
119333,Baroda BNP Paribas Banking and Financial Services Fund - Direct - Growth Option,Baroda BNP Paribas Banking and Financial Services Fund - Direct,INF955L01971,Baroda BNP Paribas Mutual Fund,Equity Scheme - Sectoral/ Thematic,Open Ended Schemes,ok,2806,2015-01-01,2026-05-26
119347,L&T Hybrid Equity Fund - Direct Plan-Growth,L&T Hybrid Equity Fund,nan,L&T Mutual Fund,Hybrid Scheme - Aggressive Hybrid Fund,Open Ended Schemes,ok,1943,2015-01-01,2022-11-24
119350,BANK OF INDIA Large & Mid Cap Fund Direct Plan-Growth,BANK OF INDIA Large & Mid Cap Fund,INF761K01652,Bank of India Mutual Fund,Equity Scheme - Large & Mid Cap Fund,Open Ended Schemes,ok,2806,2015-01-01,2026-05-26
119351,BANK OF INDIA ELSS Tax Saver -Direct Plan- Growth,BANK OF INDIA ELSS Tax Saver,INF761K01884,Bank of India Mutual Fund,Equity Scheme - ELSS,Open Ended Schemes,ok,2806,2015-01-01,2026-05-26
119354,Baroda BNP Paribas MULTI CAP FUND - Direct Plan - Growth Option,Baroda BNP Paribas MULTI CAP FUND,INF955L01AG0,Baroda BNP Paribas Mutual Fund,Equity Scheme - Multi Cap Fund,Open Ended Schemes,ok,2806,2015-01-01,2026-05-26
119360,PineBridge India Liquid Fund- Direct Plan- Growth Option,PineBridge India Liquid Fund,nan,PineBridge Mutual Fund,Income,Open Ended Schemes,ok,29,2015-01-01,2015-01-29
119364,BANK OF INDIA Manufacturing & Infrastructure Fund-Direct Plan-Growth,BANK OF INDIA Manufacturing & Infrastructure Fund,INF761K01702,Bank of India Mutual Fund,Equity Scheme - Sectoral/ Thematic,Open Ended Schemes,ok,2806,2015-01-01,2026-05-26
119367,Baroda Large cap Fund - Plan B (Direct) - Growth Option,Baroda Large cap Fund - Plan B,nan,Baroda Mutual Fund,Equity Scheme - Large Cap Fund,Open Ended Schemes,ok,1773,2015-01-01,2022-03-13
119369,BANK OF INDIA Liquid Fund- Direct Plan- Growth,BANK OF INDIA Liquid Fund,INF761K01785,Bank of India Mutual Fund,Debt Scheme - Liquid Fund,Open Ended Schemes,ok,3469,2015-01-01,2026-05-26
119389,BARODA CONSERVATIVE HYBRID FUND - Plan B (Direct) - Growth Option,BARODA CONSERVATIVE HYBRID FUND - Plan B,nan,Baroda Mutual Fund,Hybrid Scheme - Conservative Hybrid Fund,Open Ended Schemes,ok,1739,2015-01-01,2022-03-13
119392,Baroda Mid-cap Fund- Plan B (Direct) - Growth Option,Baroda Mid-cap Fund- Plan B,nan,Baroda Mutual Fund,Equity Scheme - Mid Cap Fund,Open Ended Schemes,ok,1773,2015-01-01,2022-03-13
119397,L&T Large and Midcap Fund-Direct Plan-Growth,L&T Large and Midcap Fund,nan,L&T Mutual Fund,Equity Scheme - Large & Mid Cap Fund,Open Ended Schemes,ok,1946,2015-01-01,2022-11-24
119404,L&T India Value Fund-Direct Plan-Growth,L&T India Value Fund,nan,L&T Mutual Fund,Equity Scheme - Value Fund,Open Ended Schemes,ok,1946,2015-01-01,2022-11-24
119413,L&T Infrastructure Fund -Direct Plan-Growth,L&T Infrastructure Fund,nan,L&T Mutual Fund,Equity Scheme - Sectoral/ Thematic,Open Ended Schemes,ok,1946,2015-01-01,2022-11-24
119415,Baroda BNP Paribas LIQUID FUND - DIRECT PLAN - GROWTH OPTION,Baroda BNP Paribas LIQUID FUND,INF955L01AL0,Baroda BNP Paribas Mutual Fund,Debt Scheme - Liquid Fund,Open Ended Schemes,ok,3381,2015-01-01,2026-05-26
119417,L&T  Tax Advantage Fund-Direct Plan-Growth,L&T Tax Advantage Fund,nan,L&T Mutual Fund,Equity Scheme - ELSS,Open Ended Schemes,ok,1946,2015-01-01,2022-11-24
119436,Aditya Birla Sun Life Large & Mid Cap Fund - Growth - Direct Plan,Aditya Birla Sun Life Large & Mid Cap Fund,INF209K01VH8,Aditya Birla Sun Life Mutual Fund,Equity Scheme - Large & Mid Cap Fund,Open Ended Schemes,ok,2805,2015-01-01,2026-05-26
119441,Principal Emerging Bluechip Fund - Direct Plan - Growth Option,Principal Emerging Bluechip Fund,nan,Principal Mutual Fund,Equity Scheme - Large & Mid Cap Fund,Open Ended Schemes,ok,1722,2015-01-01,2021-12-30
119452,Principal Multi Cap Growth Fund-Direct Plan - Growth Option,Principal Multi Cap Growth Fund,nan,Principal Mutual Fund,Equity Scheme - Multi Cap Fund,Open Ended Schemes,ok,1722,2015-01-01,2021-12-30
119464,Principal Focused Multicap Fund- Direct Plan - Growth Option,Principal Focused Multicap Fund,nan,Principal Mutual Fund,Equity Scheme - Focused Fund,Open Ended Schemes,ok,1722,2015-01-01,2021-12-30
119468,Principal Cash Management Fund - Direct Plan - Growth Option,Principal Cash Management Fund,nan,Principal Mutual Fund,Debt Scheme - Liquid Fund,Open Ended Schemes,ok,2013,2015-01-01,2021-12-30
119472,Principal Equity Savings Fund - Direct Plan - Growth Option,Principal Equity Savings Fund,nan,Principal Mutual Fund,Hybrid Scheme - Equity Savings,Open Ended Schemes,ok,1714,2015-01-01,2021-12-30
119482,Principal Balanced Advantage Fund - Direct Plan - Growth Option,Principal Balanced Advantage Fund,nan,Principal Mutual Fund,Hybrid Scheme - Dynamic Asset Allocation or Balanced Advantage,Open Ended Schemes,ok,1722,2015-01-01,2021-12-30
119484,Principal Hybrid Equity Fund- Direct Plan - Growth Option,Principal Hybrid Equity Fund,nan,Principal Mutual Fund,Hybrid Scheme - Aggressive Hybrid Fund,Open Ended Schemes,ok,1722,2015-01-01,2021-12-30
119514,Aditya Birla Sun Life Infrastructure Fund - Growth - Direct Plan,Aditya Birla Sun Life Infrastructure Fund,INF209K01WH6,Aditya Birla Sun Life Mutual Fund,Equity Scheme - Sectoral/ Thematic,Open Ended Schemes,ok,2805,2015-01-01,2026-05-26
119517,Aditya Birla Sun Life International Equity Fund - Growth - Direct Plan,Aditya Birla Sun Life International Equity Fund,INF209K01WS3,Aditya Birla Sun Life Mutual Fund,Equity Scheme - Sectoral/ Thematic,Open Ended Schemes,ok,2804,2015-01-01,2026-05-26
119526,Aditya Birla Sun Life Arbitrage Fund - Growth - Direct Plan,Aditya Birla Sun Life Arbitrage Fund,INF209K01VP1,Aditya Birla Sun Life Mutual Fund,Hybrid Scheme - Arbitrage Fund,Open Ended Schemes,ok,2805,2015-01-01,2026-05-26
119528,Aditya Birla Sun Life Large Cap Fund - Growth - Direct Plan,Aditya Birla Sun Life Large Cap Fund,INF209K01YY7,Aditya Birla Sun Life Mutual Fund,Equity Scheme - Large Cap Fund,Open Ended Schemes,ok,2805,2015-01-01,2026-05-26
119542,Sundaram Equity Hybrid Fund Direct Plan - Growth,Sundaram Equity Hybrid Fund,nan,Sundaram Mutual Fund,Hybrid Scheme - Balanced Hybrid Fund,Open Ended Schemes,ok,1724,2015-01-01,2021-12-31
119544,Aditya Birla Sun Life ELSS Tax Saver Fund - Growth - Direct Plan,Aditya Birla Sun Life ELSS Tax Saver Fund,INF209K01UN8,Aditya Birla Sun Life Mutual Fund,Equity Scheme - ELSS,Open Ended Schemes,ok,2805,2015-01-01,2026-05-26
119549,Sundaram Value Fund Direct Plan - Growth,Sundaram Value Fund,INF903J01NN3,Sundaram Mutual Fund,Equity Scheme - Value Fund,Open Ended Schemes,ok,2805,2015-01-01,2026-05-26
119556,Aditya Birla Sun Life Small Cap Fund - Growth - Direct Plan,Aditya Birla Sun Life Small Cap Fund,INF209K01WN4,Aditya Birla Sun Life Mutual Fund,Equity Scheme - Small Cap Fund,Open Ended Schemes,ok,2805,2015-01-01,2026-05-26
119564,Aditya Birla Sun Life Focused Fund - Growth - Direct Plan,Aditya Birla Sun Life Focused Fund,INF209K01WE3,Aditya Birla Sun Life Mutual Fund,Equity Scheme - Focused Fund,Open Ended Schemes,ok,2805,2015-01-01,2026-05-26
119566,Sundaram Large and Midcap Fund Direct Plan - Growth,Sundaram Large and Midcap Fund,INF903J01PR9,Sundaram Mutual Fund,Equity Scheme - Large & Mid Cap Fund,Open Ended Schemes,ok,2805,2015-01-01,2026-05-26
119568,Aditya Birla Sun Life Liquid Fund - Growth - Direct Plan,Aditya Birla Sun Life Liquid Fund,INF209K01VA3,Aditya Birla Sun Life Mutual Fund,Debt Scheme - Liquid Fund,Open Ended Schemes,ok,3653,2015-01-01,2026-05-26
119572,Sundaram Multi Asset Fund Direct Growth,Sundaram Multi Asset Fund Direct Growth,nan,Sundaram Mutual Fund,Equity Scheme - Multi Cap Fund,Open Ended Schemes,ok,983,2015-01-01,2018-12-28
119574,SBI Arbitrage Opportunities Fund - Direct Plan - Gr,SBI Arbitrage Opportunities Fund - Direct Plan - Gr,INF200K01QU0,SBI Mutual Fund,Hybrid Scheme - Arbitrage Fund,Open Ended Schemes,ok,2817,2015-01-01,2026-05-31
119578,Sundaram Select Focus Direct Plan - Growth,Sundaram Select Focus,nan,Sundaram Mutual Fund,Equity Scheme - Focused Fund,Open Ended Schemes,ok,1719,2015-01-01,2021-12-24
119581,Sundaram Mid Cap Fund Direct Plan - Growth,Sundaram Mid Cap Fund,INF903J01MJ3,Sundaram Mutual Fund,Equity Scheme - Mid Cap Fund,Open Ended Schemes,ok,2805,2015-01-01,2026-05-26
119589,Sundaram Small Cap Fund Direct Plan - Growth,Sundaram Small Cap Fund,INF903J01NK9,Sundaram Mutual Fund,Equity Scheme - Small Cap Fund,Open Ended Schemes,ok,2805,2015-01-01,2026-05-26
119591,Aditya Birla Sun Life Consumption Fund - Growth - Direct Plan,Aditya Birla Sun Life Consumption Fund,INF209K01WC7,Aditya Birla Sun Life Mutual Fund,Equity Scheme - Sectoral/ Thematic,Open Ended Schemes,ok,2805,2015-01-01,2026-05-26
119595,Sundaram Consumption Fund (Formerly Known as Sundaram Rural and Consumption Fund Direct Plan - Growth),Sundaram Consumption Fund (Formerly Known as Sundaram Rural and Consumption Fund Direct Plan - Growth),INF903J01NH5,Sundaram Mutual Fund,Equity Scheme - Sectoral/ Thematic,Open Ended Schemes,ok,2805,2015-01-01,2026-05-26
119597,Sundaram Financial Services Opportunities Fund Direct Plan - Growth,Sundaram Financial Services Opportunities Fund,INF903J01NB8,Sundaram Mutual Fund,Equity Scheme - Sectoral/ Thematic,Open Ended Schemes,ok,2805,2015-01-01,2026-05-26
119598,SBI Large Cap FUND-DIRECT PLAN -GROWTH,SBI Large Cap FUND,INF200K01QX4,SBI Mutual Fund,Equity Scheme - Large Cap Fund,Open Ended Schemes,ok,2814,2015-01-01,2026-05-26
119609,SBI EQUITY HYBRID FUND - DIRECT PLAN - Growth,SBI EQUITY HYBRID FUND,INF200K01RY0,SBI Mutual Fund,Hybrid Scheme - Aggressive Hybrid Fund,Open Ended Schemes,ok,2813,2015-01-01,2026-05-26
119612,Aditya Birla Sun Life Gilt Plus - Liquid Plan - Growth - Direct Plan,Aditya Birla Sun Life Gilt Plus - Liquid Plan,nan,Aditya Birla Sun Life Mutual Fund,Income,Open Ended Schemes,ok,229,2015-01-01,2015-12-11
119620,Aditya Birla Sun Life Midcap Fund - Growth - Direct Plan,Aditya Birla Sun Life Midcap Fund,INF209K01Q30,Aditya Birla Sun Life Mutual Fund,Equity Scheme - Mid Cap Fund,Open Ended Schemes,ok,2805,2015-01-01,2026-05-26
119635,Sundaram Conservative Hybrid Fund (Formerly Known as Sundaram Debt Oriented Hybrid Fund) Direct Plan - Growth,Sundaram Conservative Hybrid Fund (Formerly Known as Sundaram Debt Oriented Hybrid Fund),INF903J01OP6,Sundaram Mutual Fund,Hybrid Scheme - Conservative Hybrid Fund,Open Ended Schemes,ok,2753,2015-01-01,2026-05-26
119646,Aditya Birla Sun Life MNC Fund - Growth - Direct Plan,Aditya Birla Sun Life MNC Fund,INF209K01VT3,Aditya Birla Sun Life Mutual Fund,Equity Scheme - Sectoral/ Thematic,Open Ended Schemes,ok,2805,2015-01-01,2026-05-26
119659,Aditya Birla Sun Life Value Fund - Growth - Direct Plan,Aditya Birla Sun Life Value Fund,INF209K01WQ7,Aditya Birla Sun Life Mutual Fund,Equity Scheme - Value Fund,Open Ended Schemes,ok,2805,2015-01-01,2026-05-26
119661,Aditya Birla Sun Life Tax Plan - Direct Plan - Growth Option,Aditya Birla Sun Life Tax Plan,nan,Aditya Birla Sun Life Mutual Fund,Equity Scheme - ELSS,Open Ended Schemes,ok,2040,2015-01-01,2023-04-13
119686,Sundaram Money Fund Direct Plan - Growth,Sundaram Money Fund,nan,Sundaram Mutual Fund,Debt Scheme - Liquid Fund,Open Ended Schemes,ok,2397,2015-01-01,2021-12-31
119700,SBI INFRASTRUCTURE FUND -  DIRECT PLAN - GROWTH,SBI INFRASTRUCTURE FUND,INF200K01RS2,SBI Mutual Fund,Equity Scheme - Sectoral/ Thematic,Open Ended Schemes,ok,2814,2015-01-01,2026-05-26
119705,SBI COMMA Fund - DIRECT PLAN - Growth,SBI COMMA Fund,INF200K01SB6,SBI Mutual Fund,Equity Scheme - Sectoral/ Thematic,Open Ended Schemes,ok,2814,2015-01-01,2026-05-26
119709,SBI ESG Exclusionary Strategy Fund - Direct Plan -Growth,SBI ESG Exclusionary Strategy Fund,INF200K01SE0,SBI Mutual Fund,Equity Scheme - Sectoral/ Thematic,Open Ended Schemes,ok,2813,2015-01-01,2026-05-26
119711,SBI MNC FUND - DIRECT PLAN -GROWTH,SBI MNC FUND,INF200K01SN1,SBI Mutual Fund,Equity Scheme - Sectoral/ Thematic,Open Ended Schemes,ok,2813,2015-01-01,2026-05-26
119716,SBI MIDCAP FUND - DIRECT PLAN - GROWTH,SBI MIDCAP FUND,INF200K01TP4,SBI Mutual Fund,Equity Scheme - Mid Cap Fund,Open Ended Schemes,ok,2814,2015-01-01,2026-05-26
119718,SBI Flexicap Fund - DIRECT PLAN - Growth Option,SBI Flexicap Fund,INF200K01UG1,SBI Mutual Fund,Equity Scheme - Flexi Cap Fund,Open Ended Schemes,ok,2812,2015-01-01,2026-05-26
119721,SBI LARGE & MIDCAP FUND -DIRECT PLAN -Growth,SBI LARGE & MIDCAP FUND,INF200K01UJ5,SBI Mutual Fund,Equity Scheme - Large & Mid Cap Fund,Open Ended Schemes,ok,2812,2015-01-01,2026-05-26
119723,SBI ELSS Tax Saver FUND - DIRECT PLAN -GROWTH,SBI ELSS Tax Saver FUND,INF200K01UM9,SBI Mutual Fund,Equity Scheme - ELSS,Open Ended Schemes,ok,2814,2015-01-01,2026-05-26
119727,SBI FOCUSED FUND - DIRECT PLAN -GROWTH,SBI FOCUSED FUND,INF200K01RJ1,SBI Mutual Fund,Equity Scheme - Focused Fund,Open Ended Schemes,ok,2812,2015-01-01,2026-05-26
119732,SBI PSU Fund - DIRECT PLAN - GROWTH,SBI PSU Fund,INF200K01UY4,SBI Mutual Fund,Equity Scheme - Sectoral/ Thematic,Open Ended Schemes,ok,2814,2015-01-01,2026-05-26
119766,Kotak Liquid Fund - Direct Plan - Growth,Kotak Liquid Fund,INF174K01NE8,Kotak Mahindra Mutual Fund,Debt Scheme - Liquid Fund,Open Ended Schemes,ok,3476,2015-01-01,2026-05-26
119769,Kotak Contra Fund - Direct Plan - Growth,Kotak Contra Fund,INF174K01KZ9,Kotak Mahindra Mutual Fund,Equity Scheme - Contra Fund,Open Ended Schemes,ok,2805,2015-01-01,2026-05-26
119771,Kotak Arbitrage Fund - Direct Plan - Growth,Kotak Arbitrage Fund,INF174K01LC6,Kotak Mahindra Mutual Fund,Hybrid Scheme - Arbitrage Fund,Open Ended Schemes,ok,2804,2015-01-01,2026-05-26
119773,Kotak ELSS Tax Saver Fund-Growth - Direct,Kotak ELSS Tax Saver Fund-Growth - Direct,INF174K01LI3,Kotak Mahindra Mutual Fund,Equity Scheme - ELSS,Open Ended Schemes,ok,2806,2015-01-01,2026-05-26
119775,Kotak Midcap Fund - Direct Plan - Growth,Kotak Midcap Fund,INF174K01LT0,Kotak Mahindra Mutual Fund,Equity Scheme - Mid Cap Fund,Open Ended Schemes,ok,2805,2015-01-01,2026-05-26
119783,SBI HEALTHCARE OPPORTUNITIES FUND - DIRECT PLAN -GROWTH,SBI HEALTHCARE OPPORTUNITIES FUND,INF200K01UP2,SBI Mutual Fund,Equity Scheme - Sectoral/ Thematic,Open Ended Schemes,ok,2813,2015-01-01,2026-05-26
119790,L&T Liquid Fund - Direct Plan -Growth,L&T Liquid Fund,nan,L&T Mutual Fund,Debt Scheme - Liquid Fund,Open Ended Schemes,ok,2398,2015-01-01,2022-11-24
119800,SBI Liquid Fund - DIRECT PLAN -Growth,SBI Liquid Fund,INF200K01UT4,SBI Mutual Fund,Debt Scheme - Liquid Fund,Open Ended Schemes,ok,3806,2015-01-01,2026-05-26
119802,L&T Equity Savings Fund - Direct Plan-Growth,L&T Equity Savings Fund,nan,L&T Mutual Fund,Hybrid Scheme - Equity Savings,Open Ended Schemes,ok,1946,2015-01-01,2022-11-24
119807,L&T Mid Cap Fund-Direct Plan-Growth,L&T Mid Cap Fund,nan,L&T Mutual Fund,Equity Scheme - Mid Cap Fund,Open Ended Schemes,ok,1946,2015-01-01,2022-11-24
119835,SBI CONTRA FUND - DIRECT PLAN - GROWTH,SBI CONTRA FUND,INF200K01RA0,SBI Mutual Fund,Equity Scheme - Contra Fund,Open Ended Schemes,ok,2812,2015-01-01,2026-05-26
119839,SBI Conservative Hybrid Fund - Direct Plan - Growth,SBI Conservative Hybrid Fund,INF200K01TS8,SBI Mutual Fund,Hybrid Scheme - Conservative Hybrid Fund,Open Ended Schemes,ok,2762,2015-01-01,2026-05-26
119843,SBI MULTI ASSET ALLOCATION FUND - DIRECT PLAN - GROWTH,SBI MULTI ASSET ALLOCATION FUND,INF200K01TZ3,SBI Mutual Fund,Hybrid Scheme - Multi Asset Allocation,Open Ended Schemes,ok,2762,2015-01-01,2026-05-26
119852,L&T Conservative Hybrid Fund -Direct Plan- Growth,L&T Conservative Hybrid Fund,nan,L&T Mutual Fund,Hybrid Scheme - Conservative Hybrid Fund,Open Ended Schemes,ok,1909,2015-01-01,2022-11-24
119861,Tata Liquid Fund- Direct Plan-Growth Option,Tata Liquid Fund,INF277K01YE6,Tata Mutual Fund,Debt Scheme - Liquid Fund,Open Ended Schemes,ok,3707,2015-01-01,2026-05-26
119893,BNP Paribas LARGE CAP Fund - Direct Plan - Growth Option,BNP Paribas LARGE CAP Fund,nan,BNP Paribas Mutual Fund,Equity Scheme - Large Cap Fund,Open Ended Schemes,ok,1775,2015-01-01,2022-03-13
119905,JPMorgan India Liquid Fund - Direct Plan - Growth Option,JPMorgan India Liquid Fund,nan,JPMorgan Mutual Fund,Income,Open Ended Schemes,ok,570,2015-01-01,2016-11-24
119935,ING Liquid Fund - Super Institutional Plan - Direct Plan - Growth Option,ING Liquid Fund - Super Institutional Plan,nan,ING Mutual Fund,Income,Open Ended Schemes,ok,0,,
119960,Tata Equity Savings Fund- Direct Plan- Growth Option,Tata Equity Savings Fund,INF277K01QH5,Tata Mutual Fund,Hybrid Scheme - Equity Savings,Open Ended Schemes,ok,2740,2015-01-01,2026-02-20
119988,BNP Paribas MULTI CAP Fund - Direct Plan - Growth Option,BNP Paribas MULTI CAP Fund,nan,BNP Paribas Mutual Fund,Equity Scheme - Multi Cap Fund,Open Ended Schemes,ok,1775,2015-01-01,2022-03-13
120002,BNP Paribas Mid Cap Fund - Direct Plan - Growth Option,BNP Paribas Mid Cap Fund,nan,BNP Paribas Mutual Fund,Equity Scheme - Mid Cap Fund,Open Ended Schemes,ok,1775,2015-01-01,2022-03-13
120030,HSBC Large Cap Fund - Direct Growth,HSBC Large Cap Fund - Direct Growth,INF336L01CM7,HSBC Mutual Fund,Equity Scheme - Large Cap Fund,Open Ended Schemes,ok,2806,2015-01-01,2026-05-26
120034,HSBC Infrastructure Equity Fund - Growth Direct,HSBC Infrastructure Equity Fund,nan,HSBC Mutual Fund,Equity Scheme - Sectoral/ Thematic,Open Ended Schemes,ok,1947,2015-01-01,2022-11-25
120038,HSBC Liquid Fund -  Growth Direct,HSBC Liquid Fund,INF336L01CC8,HSBC Mutual Fund,Debt Scheme - Liquid Fund,Open Ended Schemes,ok,3338,2015-01-01,2026-05-26
120042,HSBC Dynamic Asset Allocation Fund-Growth Direct,HSBC Dynamic Asset Allocation Fund-Growth Direct,nan,HSBC Mutual Fund,Hybrid Scheme - Dynamic Asset Allocation or Balanced Advantage,Open Ended Schemes,ok,983,2015-01-01,2018-12-28
120046,HSBC Flexi Cap Fund - Direct Growth,HSBC Flexi Cap Fund - Direct Growth,INF336L01DH5,HSBC Mutual Fund,Equity Scheme - Flexi Cap Fund,Open Ended Schemes,ok,2806,2015-01-01,2026-05-26
120069,HSBC Small Cap Equity Fund - Growth Direct,HSBC Small Cap Equity Fund,nan,HSBC Mutual Fund,Equity Scheme - Small Cap Fund,Open Ended Schemes,ok,1947,2015-01-01,2022-11-25
120073,HSBC Conservative Hybrid Fund - Direct Growth,HSBC Conservative Hybrid Fund - Direct Growth,INF336L01DW4,HSBC Mutual Fund,Hybrid Scheme - Conservative Hybrid Fund,Open Ended Schemes,ok,2755,2015-01-01,2026-05-26
120079,HSBC Tax Saver Equity Fund - Growth Direct,HSBC Tax Saver Equity Fund,INF336L01EE0,HSBC Mutual Fund,Equity Scheme - ELSS,Open Ended Schemes,ok,2725,2015-01-01,2026-01-23
120082,BNP Paribas Conservative Hybrid Fund - Direct Plan - Growth Option,BNP Paribas Conservative Hybrid Fund,nan,BNP Paribas Mutual Fund,Hybrid Scheme - Conservative Hybrid Fund,Open Ended Schemes,ok,1742,2015-01-01,2022-03-13
120104,DHFL Pramerica Liquid Fund - Direct Plan-Growth Option,DHFL Pramerica Liquid Fund,nan,DHFL Pramerica Mutual Fund,Income,Open Ended Schemes,ok,432,2015-01-01,2016-03-07
120123,BNP Paribas LIQUID Fund - Direct Plan - Growth Option,BNP Paribas LIQUID Fund,nan,BNP Paribas Mutual Fund,Income,Open Ended Schemes,ok,0,,
120147,BNP Paribas Long Term Equity Fund - Direct Plan - Growth Option,BNP Paribas Long Term Equity Fund,nan,BNP Paribas Mutual Fund,Equity Scheme - ELSS,Open Ended Schemes,ok,1775,2015-01-01,2022-03-13
120152,Kotak Large Cap  Fund - Growth - Direct,Kotak Large Cap Fund - Growth - Direct,INF174K01KW6,Kotak Mahindra Mutual Fund,Equity Scheme - Large Cap Fund,Open Ended Schemes,ok,2805,2015-01-01,2026-05-26
120154,Kotak Debt Hybrid - Growth - Direct,Kotak Debt Hybrid - Growth - Direct,INF174K01JZ1,Kotak Mahindra Mutual Fund,Hybrid Scheme - Conservative Hybrid Fund,Open Ended Schemes,ok,2754,2015-01-01,2026-05-26
120158,Kotak Large & Midcap Fund - Direct- Growth,Kotak Large & Midcap Fund,INF174K01LF9,Kotak Mahindra Mutual Fund,Equity Scheme - Large & Mid Cap Fund,Open Ended Schemes,ok,2805,2015-01-01,2026-05-26
120164,Kotak-Small Cap Fund - Growth - Direct,Kotak-Small Cap Fund - Growth - Direct,INF174K01KT2,Kotak Mahindra Mutual Fund,Equity Scheme - Small Cap Fund,Open Ended Schemes,ok,2806,2015-01-01,2026-05-26
120166,Kotak Flexicap Fund - Growth - Direct,Kotak Flexicap Fund - Growth - Direct,INF174K01LS2,Kotak Mahindra Mutual Fund,Equity Scheme - Flexi Cap Fund,Open Ended Schemes,ok,2805,2015-01-01,2026-05-26
120186,ICICI Prudential US Bluechip Equity Fund - Direct Plan -  Growth,ICICI Prudential US Bluechip Equity Fund,INF109K01Z71,ICICI Prudential Mutual Fund,Equity Scheme - Sectoral/ Thematic,Open Ended Schemes,ok,2714,2015-01-02,2026-05-26
120197,ICICI Prudential Liquid Fund - Direct Plan - Growth,ICICI Prudential Liquid Fund,INF109K01Q49,ICICI Prudential Mutual Fund,Debt Scheme - Liquid Fund,Open Ended Schemes,ok,3610,2015-01-01,2026-05-26
120244,ICICI Prudential Banking and Financial Services Fund - Direct Plan -  Growth,ICICI Prudential Banking and Financial Services Fund,INF109K013J1,ICICI Prudential Mutual Fund,Equity Scheme - Sectoral/ Thematic,Open Ended Schemes,ok,2806,2015-01-01,2026-05-26
120249,LIC MF Liquid Fund-Direct Plan-Growth,LIC MF Liquid Fund,INF767K01DN1,LIC Mutual Fund,Debt Scheme - Liquid Fund,Open Ended Schemes,ok,3582,2015-01-01,2026-05-26
120251,ICICI Prudential Equity & Debt Fund - Direct Plan - Growth,ICICI Prudential Equity & Debt Fund,INF109K01Y07,ICICI Prudential Mutual Fund,Hybrid Scheme - Aggressive Hybrid Fund,Open Ended Schemes,ok,2806,2015-01-01,2026-05-26
120261,LIC MF Aggressive Hybrid Fund-Direct Plan-Growth,LIC MF Aggressive Hybrid Fund,INF767K01ED0,LIC Mutual Fund,Hybrid Scheme - Aggressive Hybrid Fund,Open Ended Schemes,ok,2804,2015-01-01,2026-05-26
120262,Sahara Liquid Fund-Fixed Pricing - Direct -Growth option,Sahara Liquid Fund-Fixed Pricing - Direct,nan,Sahara Mutual Fund,Liquid,Open Ended Schemes,ok,1825,2015-01-01,2020-03-27
120264,LIC MF Flexi Cap Fund-Direct Plan-Growth,LIC MF Flexi Cap Fund,INF767K01EG3,LIC Mutual Fund,Equity Scheme - Flexi Cap Fund,Open Ended Schemes,ok,2804,2015-01-01,2026-05-26
120267,LIC MF Large Cap Fund-Direct Plan-Growth,LIC MF Large Cap Fund,INF767K01EJ7,LIC Mutual Fund,Equity Scheme - Large Cap Fund,Open Ended Schemes,ok,2804,2015-01-01,2026-05-26
120270,LIC MF ELSS Tax Saver-Direct Plan-Growth,LIC MF ELSS Tax Saver,INF767K01EM1,LIC Mutual Fund,Equity Scheme - ELSS,Open Ended Schemes,ok,2804,2015-01-01,2026-05-26
120276,LIC MF Conservative Hybrid Fund-Direct Plan-Growth,LIC MF Conservative Hybrid Fund,INF767K01EO7,LIC Mutual Fund,Hybrid Scheme - Conservative Hybrid Fund,Open Ended Schemes,ok,2755,2015-01-01,2026-05-26
120280,Sahara Liquid Fund-Variable Pricing -Direct - Growth option,Sahara Liquid Fund-Variable Pricing,nan,Sahara Mutual Fund,Liquid,Open Ended Schemes,ok,1825,2015-01-01,2020-03-27
120304,UTI-  Liquid Cash Plan - Direct Plan - Growth Option,UTI- Liquid Cash Plan,INF789F01XQ6,UTI Mutual Fund,Debt Scheme - Liquid Fund,Open Ended Schemes,ok,3689,2015-01-01,2026-05-26
120323,ICICI Prudential Value Fund (erstwhile Value Discovery Fund) - Direct Plan - Growth,ICICI Prudential Value Fund (erstwhile Value Discovery Fund),INF109K012K1,ICICI Prudential Mutual Fund,Equity Scheme - Value Fund,Open Ended Schemes,ok,2805,2015-01-01,2026-05-26
120333,Invesco India Balanced Advantage Fund - Direct Plan - Growth,Invesco India Balanced Advantage Fund,INF205K01LN5,Invesco Mutual Fund,Hybrid Scheme - Dynamic Asset Allocation or Balanced Advantage,Open Ended Schemes,ok,2806,2015-01-01,2026-05-26
120334,ICICI Prudential Multi-Asset Fund - Direct Plan - Growth,ICICI Prudential Multi-Asset Fund,INF109K015K4,ICICI Prudential Mutual Fund,Hybrid Scheme - Multi Asset Allocation,Open Ended Schemes,ok,2804,2015-01-01,2026-05-26
120348,Invesco India Contra Fund - Direct Plan - Growth,Invesco India Contra Fund,INF205K01LE4,Invesco Mutual Fund,Equity Scheme - Contra Fund,Open Ended Schemes,ok,2806,2015-01-01,2026-05-26
120351,LIC MF Infrastructure Fund-Direct Plan-Growth,LIC MF Infrastructure Fund,INF767K01GW5,LIC Mutual Fund,Equity Scheme - Sectoral/ Thematic,Open Ended Schemes,ok,2804,2015-01-01,2026-05-26
120357,Invesco India Large & Mid Cap Fund - Direct Plan - Growth,Invesco India Large & Mid Cap Fund,INF205K01MA0,Invesco Mutual Fund,Equity Scheme - Large & Mid Cap Fund,Open Ended Schemes,ok,2806,2015-01-01,2026-05-26
120364,ICICI Prudential Equity Arbitrage Fund - Direct Plan - Growth,ICICI Prudential Equity Arbitrage Fund,INF109K016O4,ICICI Prudential Mutual Fund,Hybrid Scheme - Arbitrage Fund,Open Ended Schemes,ok,2806,2015-01-01,2026-05-26
120377,ICICI Prudential Balanced Advantage Fund - Direct Plan -  Growth,ICICI Prudential Balanced Advantage Fund,INF109K012B0,ICICI Prudential Mutual Fund,Hybrid Scheme - Dynamic Asset Allocation or Balanced Advantage,Open Ended Schemes,ok,2806,2015-01-01,2026-05-26
120381,ICICI Prudential MidCap Fund - Direct Plan -  Growth,ICICI Prudential MidCap Fund,INF109K011N7,ICICI Prudential Mutual Fund,Equity Scheme - Mid Cap Fund,Open Ended Schemes,ok,2806,2015-01-01,2026-05-26
120385,Invesco India Financial Services Fund - Direct Plan - Growth,Invesco India Financial Services Fund,INF205K01KY4,Invesco Mutual Fund,Equity Scheme - Sectoral/ Thematic,Open Ended Schemes,ok,2806,2015-01-01,2026-05-26
120389,Axis Liquid Fund - Direct Plan - Growth Option,Axis Liquid Fund,INF846K01CX4,Axis Mutual Fund,Debt Scheme - Liquid Fund,Open Ended Schemes,ok,3695,2015-01-01,2026-05-26
120392,Invesco India Largecap Fund - Direct Plan - Growth,Invesco India Largecap Fund,INF205K01LB0,Invesco Mutual Fund,Equity Scheme - Large Cap Fund,Open Ended Schemes,ok,2806,2015-01-01,2026-05-26
120395,Invesco India PSU Equity Fund - Direct Plan - Growth,Invesco India PSU Equity Fund,INF205K01NG5,Invesco Mutual Fund,Equity Scheme - Sectoral/ Thematic,Open Ended Schemes,ok,2806,2015-01-01,2026-05-26
120401,Invesco India Arbitrage Fund - Direct Plan - Growth Option,Invesco India Arbitrage Fund,INF205K01KR8,Invesco Mutual Fund,Hybrid Scheme - Arbitrage Fund,Open Ended Schemes,ok,2806,2015-01-01,2026-05-26
120403,Invesco India Midcap Fund - Direct Plan - Growth Option,Invesco India Midcap Fund,INF205K01MV6,Invesco Mutual Fund,Equity Scheme - Mid Cap Fund,Open Ended Schemes,ok,2806,2015-01-01,2026-05-26
120405,Invesco India Infrastructure Fund - Direct Plan - Growth Option,Invesco India Infrastructure Fund,INF205K01MD4,Invesco Mutual Fund,Equity Scheme - Sectoral/ Thematic,Open Ended Schemes,ok,2806,2015-01-01,2026-05-26
120406,JM Liquid Fund (Direct) - Growth Option,JM Liquid Fund,INF192K01CM6,JM Financial Mutual Fund,Debt Scheme - Liquid Fund,Open Ended Schemes,ok,3480,2015-01-01,2026-05-26
120413,Invesco India Multicap Fund - Direct Plan - Growth Option,Invesco India Multicap Fund,INF205K01MS2,Invesco Mutual Fund,Equity Scheme - Multi Cap Fund,Open Ended Schemes,ok,2806,2015-01-01,2026-05-26
120415,JM Floater Short Term Fund (Direct) - Growth Option,JM Floater Short Term Fund,nan,JM Financial Mutual Fund,Liquid,Open Ended Schemes,ok,704,2015-01-01,2017-04-27
120416,Invesco India ELSS Tax Saver Fund - Direct Plan - Growth,Invesco India ELSS Tax Saver Fund,INF205K01NT8,Invesco Mutual Fund,Equity Scheme - ELSS,Open Ended Schemes,ok,2806,2015-01-01,2026-05-26
120465,Axis Large Cap Fund - Direct Plan - Growth,Axis Large Cap Fund,INF846K01DP8,Axis Mutual Fund,Equity Scheme - Large Cap Fund,Open Ended Schemes,ok,2813,2015-01-01,2026-05-26
120468,Axis Focused Fund - Direct Plan - Growth Option,Axis Focused Fund,INF846K01CQ8,Axis Mutual Fund,Equity Scheme - Focused Fund,Open Ended Schemes,ok,2813,2015-01-01,2026-05-26
120480,Axis Conservative Hybrid Fund - Direct Plan - Growth Option,Axis Conservative Hybrid Fund,INF846K01EA8,Axis Mutual Fund,Hybrid Scheme - Conservative Hybrid Fund,Open Ended Schemes,ok,2761,2015-01-01,2026-05-26
120482,JM Arbitrage Fund (Direct) - Growth Option,JM Arbitrage Fund,INF192K01BN6,JM Financial Mutual Fund,Hybrid Scheme - Arbitrage Fund,Open Ended Schemes,ok,2810,2015-01-01,2026-05-26
120484,JM Aggressive Hybrid Fund (Direct) - Growth Option,JM Aggressive Hybrid Fund,INF192K01BQ9,JM Financial Mutual Fund,Hybrid Scheme - Aggressive Hybrid Fund,Open Ended Schemes,ok,2812,2015-01-01,2026-05-26
120486,JM Value Fund (Direct) - Growth Option,JM Value Fund,INF192K01BT3,JM Financial Mutual Fund,Equity Scheme - Value Fund,Open Ended Schemes,ok,2806,2015-01-01,2026-05-26
120488,JM Focused Fund (Direct)  - Growth Option,JM Focused Fund,INF192K01BW7,JM Financial Mutual Fund,Equity Scheme - Focused Fund,Open Ended Schemes,ok,2806,2015-01-01,2026-05-26
120490,JM Large Cap Fund (Direct) - Growth Option,JM Large Cap Fund,INF192K01BZ0,JM Financial Mutual Fund,Equity Scheme - Large Cap Fund,Open Ended Schemes,ok,2810,2015-01-01,2026-05-26
120492,JM Flexicap Fund (Direct) - Growth Option,JM Flexicap Fund,INF192K01CC7,JM Financial Mutual Fund,Equity Scheme - Flexi Cap Fund,Open Ended Schemes,ok,2806,2015-01-01,2026-05-26
120494,JM ELSS Tax Saver Fund (Direct) - Growth Option,JM ELSS Tax Saver Fund,INF192K01CE3,JM Financial Mutual Fund,Equity Scheme - ELSS,Open Ended Schemes,ok,2806,2015-01-01,2026-05-26
120503,Axis ELSS Tax Saver Fund - Direct Plan - Growth Option,Axis ELSS Tax Saver Fund,INF846K01EW2,Axis Mutual Fund,Equity Scheme - ELSS,Open Ended Schemes,ok,2813,2015-01-01,2026-05-26
120505,Axis Midcap Fund - Direct Plan - Growth,Axis Midcap Fund,INF846K01EH3,Axis Mutual Fund,Equity Scheme - Mid Cap Fund,Open Ended Schemes,ok,2813,2015-01-01,2026-05-26
120517,Aditya Birla Sun Life Equity Hybrid'95 Fund - Direct Plan-Growth,Aditya Birla Sun Life Equity Hybrid'95 Fund,INF209K01ZC0,Aditya Birla Sun Life Mutual Fund,Hybrid Scheme - Aggressive Hybrid Fund,Open Ended Schemes,ok,2806,2015-01-01,2026-05-26
120524,Axis Multi Asset Allocation Fund - Direct Plan - Growth Option,Axis Multi Asset Allocation Fund,INF846K01EV4,Axis Mutual Fund,Hybrid Scheme - Multi Asset Allocation,Open Ended Schemes,ok,2812,2015-01-01,2026-05-26
120537,Invesco India Liquid Fund - Direct Plan - Growth,Invesco India Liquid Fund,INF205K01MF9,Invesco Mutual Fund,Debt Scheme - Liquid Fund,Open Ended Schemes,ok,3490,2015-01-01,2026-05-26
120539,Aditya Birla Sun Life Digital India Fund - Growth - Direct Plan,Aditya Birla Sun Life Digital India Fund,INF209K01VF2,Aditya Birla Sun Life Mutual Fund,Equity Scheme - Sectoral/ Thematic,Open Ended Schemes,ok,2804,2015-01-01,2026-05-26
120564,Aditya Birla Sun Life Flexi Cap Fund - Growth - Direct Plan,Aditya Birla Sun Life Flexi Cap Fund,INF209K01XX1,Aditya Birla Sun Life Mutual Fund,Equity Scheme - Flexi Cap Fund,Open Ended Schemes,ok,2805,2015-01-01,2026-05-26
120575,SBI CONSUMPTION OPPORTUNITIES FUND - DIRECT PLAN - GROWTH,SBI CONSUMPTION OPPORTUNITIES FUND,INF200K01RM5,SBI Mutual Fund,Equity Scheme - Sectoral/ Thematic,Open Ended Schemes,ok,2814,2015-01-01,2026-05-26
120578,SBI TECHNOLOGY OPPORTUNITIES FUND - DIRECT PLAN - GROWTH,SBI TECHNOLOGY OPPORTUNITIES FUND,INF200K01RV6,SBI Mutual Fund,Equity Scheme - Sectoral/ Thematic,Open Ended Schemes,ok,2812,2015-01-01,2026-05-26
120586,ICICI Prudential Large Cap Fund (erstwhile Bluechip Fund) - Direct Plan - Growth,ICICI Prudential Large Cap Fund (erstwhile Bluechip Fund),INF109K016L0,ICICI Prudential Mutual Fund,Equity Scheme - Large Cap Fund,Open Ended Schemes,ok,2806,2015-01-01,2026-05-26
120587,ICICI Prudential FMCG Fund - Direct Plan -  Growth,ICICI Prudential FMCG Fund,INF109K01Z14,ICICI Prudential Mutual Fund,Equity Scheme - Sectoral/ Thematic,Open Ended Schemes,ok,2805,2015-01-01,2026-05-26
120591,ICICI Prudential Smallcap Fund - Direct Plan - Growth,ICICI Prudential Smallcap Fund,INF109K015M0,ICICI Prudential Mutual Fund,Equity Scheme - Small Cap Fund,Open Ended Schemes,ok,2788,2015-01-01,2026-05-26
120592,ICICI Prudential ELSS Tax Saver Fund - Direct Plan - Growth,ICICI Prudential ELSS Tax Saver Fund,INF109K01Y31,ICICI Prudential Mutual Fund,Equity Scheme - ELSS,Open Ended Schemes,ok,2806,2015-01-01,2026-05-26
120594,ICICI Prudential Technology Fund - Direct Plan -  Growth,ICICI Prudential Technology Fund,INF109K01Z48,ICICI Prudential Mutual Fund,Equity Scheme - Sectoral/ Thematic,Open Ended Schemes,ok,2805,2015-01-01,2026-05-26
120596,ICICI Prudential Large & Mid Cap Fund - Direct Plan - Growth,ICICI Prudential Large & Mid Cap Fund,INF109K011O5,ICICI Prudential Mutual Fund,Equity Scheme - Large & Mid Cap Fund,Open Ended Schemes,ok,2806,2015-01-01,2026-05-26
120599,ICICI Prudential Multicap Fund - Direct Plan -  Growth,ICICI Prudential Multicap Fund,INF109K014O9,ICICI Prudential Mutual Fund,Equity Scheme - Multi Cap Fund,Open Ended Schemes,ok,2806,2015-01-01,2026-05-26
120621,ICICI Prudential Infrastructure Fund - Direct Plan -  Growth,ICICI Prudential Infrastructure Fund,INF109K018M4,ICICI Prudential Mutual Fund,Equity Scheme - Sectoral/ Thematic,Open Ended Schemes,ok,2806,2015-01-01,2026-05-26
120656,UTI Large Cap Fund - Direct Plan - Growth Option,UTI Large Cap Fund,INF789F01US8,UTI Mutual Fund,Equity Scheme - Large Cap Fund,Open Ended Schemes,ok,2806,2015-01-01,2026-05-26
120662,UTI - Flexi Cap Fund-Growth Option - Direct,UTI - Flexi Cap Fund-Growth Option - Direct,INF789F01TC4,UTI Mutual Fund,Equity Scheme - Flexi Cap Fund,Open Ended Schemes,ok,2805,2015-01-01,2026-05-26
120665,UTI Large & Mid Cap Fund - Direct Plan - Growth Option,UTI Large & Mid Cap Fund,INF789F01UG3,UTI Mutual Fund,Equity Scheme - Large & Mid Cap Fund,Open Ended Schemes,ok,2806,2015-01-01,2026-05-26
120674,UTI Aggressive Hybrid Fund -Direct Plan - Growth,UTI Aggressive Hybrid Fund,INF789F01SK9,UTI Mutual Fund,Hybrid Scheme - Aggressive Hybrid Fund,Open Ended Schemes,ok,2806,2015-01-01,2026-05-26
120682,UTI - MNC Fund - Growth Option - Direct,UTI - MNC Fund - Growth Option - Direct,INF789F01UD0,UTI Mutual Fund,Equity Scheme - Sectoral/ Thematic,Open Ended Schemes,ok,2806,2015-01-01,2026-05-26
120688,ICICI Prudential Exports & Services Fund - Direct Plan - Growth,ICICI Prudential Exports & Services Fund,INF109K01W25,ICICI Prudential Mutual Fund,Equity Scheme - Sectoral/ Thematic,Open Ended Schemes,ok,2805,2015-01-01,2026-05-26
120715,UTI ELSS Tax Saver Fund - Direct Plan - Growth Option,UTI ELSS Tax Saver Fund,INF789F01TF7,UTI Mutual Fund,Equity Scheme - ELSS,Open Ended Schemes,ok,2806,2015-01-01,2026-05-26
120722,ICICI Prudential Focused Equity Fund - Direct Plan - Growth,ICICI Prudential Focused Equity Fund,INF109K018N2,ICICI Prudential Mutual Fund,Equity Scheme - Focused Fund,Open Ended Schemes,ok,2806,2015-01-01,2026-05-26
120726,UTI Mid Cap Fund-Growth Option- Direct,UTI Mid Cap Fund-Growth Option- Direct,INF789F01UA6,UTI Mutual Fund,Equity Scheme - Mid Cap Fund,Open Ended Schemes,ok,2806,2015-01-01,2026-05-26
120728,UTI Infrastructure Fund-Growth Option- Direct,UTI Infrastructure Fund-Growth Option- Direct,INF789F01TU6,UTI Mutual Fund,Equity Scheme - Sectoral/ Thematic,Open Ended Schemes,ok,2806,2015-01-01,2026-05-26
120731,UTI-Transportation and Logistics  Fund-Growth Option- Direct,UTI-Transportation and Logistics Fund-Growth Option- Direct,INF789F01SH5,UTI Mutual Fund,Equity Scheme - Sectoral/ Thematic,Open Ended Schemes,ok,2806,2015-01-01,2026-05-26
120733,UTI Banking and Financial Services Fund - Direct Plan - Growth Option,UTI Banking and Financial Services Fund,INF789F01SN3,UTI Mutual Fund,Equity Scheme - Sectoral/ Thematic,Open Ended Schemes,ok,2806,2015-01-01,2026-05-26
120751,UTI Value Fund - Direct Plan - Growth Option,UTI Value Fund,INF789F01VB2,UTI Mutual Fund,Equity Scheme - Value Fund,Open Ended Schemes,ok,2805,2015-01-01,2026-05-26
120760,UTI Multi Asset Allocation Fund - Direct Plan - Growth Option,UTI Multi Asset Allocation Fund,INF789F01VE6,UTI Mutual Fund,Hybrid Scheme - Multi Asset Allocation,Open Ended Schemes,ok,2806,2015-01-01,2026-05-26
120779,UTI Conservative Hybrid Fund - Direct Plan - Growth Option,UTI Conservative Hybrid Fund,INF789F01UJ7,UTI Mutual Fund,Hybrid Scheme - Conservative Hybrid Fund,Open Ended Schemes,ok,2753,2015-01-01,2026-05-26
120780,UTI India Consumer Fund - Direct Plan - Growth Option,UTI India Consumer Fund,INF789F01VF3,UTI Mutual Fund,Equity Scheme - Sectoral/ Thematic,Open Ended Schemes,ok,2806,2015-01-01,2026-05-26
120782,UTI Healthcare Fund - Direct Plan - Growth Option,UTI Healthcare Fund,INF789F01TO9,UTI Mutual Fund,Equity Scheme - Sectoral/ Thematic,Open Ended Schemes,ok,2806,2015-01-01,2026-05-26
120795,UTI Arbitrage Fund - Direct Plan - Growth Option,UTI Arbitrage Fund,INF789FB1RG6,UTI Mutual Fund,Hybrid Scheme - Arbitrage Fund,Open Ended Schemes,ok,2806,2015-01-01,2026-05-26
120819,quant Aggressive Hybrid Fund-Growth Option-Direct Plan,quant Aggressive Hybrid Fund,INF966L01556,quant Mutual Fund,Hybrid Scheme - Aggressive Hybrid Fund,Open Ended Schemes,ok,2805,2015-01-01,2026-05-26
120821,quant Multi Asset Allocation Fund-GROWTH OPTION-Direct Plan,quant Multi Asset Allocation Fund,INF966L01580,quant Mutual Fund,Hybrid Scheme - Multi Asset Allocation,Open Ended Schemes,ok,2799,2015-01-01,2026-05-26
120823,quant Multi Cap Fund-GROWTH OPTION-Direct Plan,quant Multi Cap Fund,INF966L01614,quant Mutual Fund,Equity Scheme - Multi Cap Fund,Open Ended Schemes,ok,2805,2015-01-01,2026-05-26
120826,quant Large & Mid Cap Fund - Growth Option-Direct Plan,quant Large & Mid Cap Fund,INF966L01648,quant Mutual Fund,Equity Scheme - Large & Mid Cap Fund,Open Ended Schemes,ok,2805,2015-01-01,2026-05-26
120828,quant Small Cap Fund - Growth Option - Direct Plan,quant Small Cap Fund,INF966L01689,quant Mutual Fund,Equity Scheme - Small Cap Fund,Open Ended Schemes,ok,2801,2015-01-01,2026-05-26
120833,quant Infrastructure Fund - Growth Option-Direct Plan,quant Infrastructure Fund,INF966L01721,quant Mutual Fund,Equity Scheme - Sectoral/ Thematic,Open Ended Schemes,ok,2805,2015-01-01,2026-05-26
120834,quant Focused Fund - Growth Option-Direct Plan,quant Focused Fund,INF966L01853,quant Mutual Fund,Equity Scheme - Focused Fund,Open Ended Schemes,ok,2806,2015-01-01,2026-05-26
120837,quant Liquid Fund - Growth Option - Direct Plan,quant Liquid Fund,INF966L01820,quant Mutual Fund,Debt Scheme - Liquid Fund,Open Ended Schemes,ok,3471,2015-01-01,2026-05-26
120841,quant Mid Cap Fund - Growth Option - Direct Plan,quant Mid Cap Fund,INF966L01887,quant Mutual Fund,Equity Scheme - Mid Cap Fund,Open Ended Schemes,ok,2805,2015-01-01,2026-05-26
120843,quant Flexi Cap Fund - Growth Option-Direct Plan,quant Flexi Cap Fund,INF966L01911,quant Mutual Fund,Equity Scheme - Flexi Cap Fund,Open Ended Schemes,ok,2805,2015-01-01,2026-05-26
120847,quant ELSS Tax Saver Fund - Growth Option - Direct Plan,quant ELSS Tax Saver Fund,INF966L01986,quant Mutual Fund,Equity Scheme - ELSS,Open Ended Schemes,ok,2805,2015-01-01,2026-05-26
122389,Motilal Oswal Focused Fund - Direct Plan Growth Option,Motilal Oswal Focused Fund,INF247L01189,Motilal Oswal Mutual Fund,Equity Scheme - Focused Fund,Open Ended Schemes,ok,2806,2015-01-01,2026-05-26
122639,Parag Parikh Flexi Cap Fund - Direct Plan - Growth,Parag Parikh Flexi Cap Fund,INF879O01027,PPFAS Mutual Fund,Equity Scheme - Flexi Cap Fund,Open Ended Schemes,ok,2805,2015-01-01,2026-05-26
125307,PGIM India Midcap Fund - Direct Plan - Growth Option,PGIM India Midcap Fund,INF663L01DV3,PGIM India Mutual Fund,Equity Scheme - Mid Cap Fund,Open Ended Schemes,ok,2807,2015-01-01,2026-05-26
125345,360 ONE LIQUID FUND DIRECT PLAN  GROWTH,360 ONE LIQUID FUND DIRECT PLAN GROWTH,INF579M01621,360 ONE Mutual Fund,Debt Scheme - Liquid Fund,Open Ended Schemes,ok,3237,2015-01-01,2026-05-26
125354,Axis Small Cap Fund - Direct Plan - Growth,Axis Small Cap Fund,INF846K01K35,Axis Mutual Fund,Equity Scheme - Small Cap Fund,Open Ended Schemes,ok,2813,2015-01-01,2026-05-26
125497,SBI Small Cap Fund - Direct Plan - Growth,SBI Small Cap Fund,INF200K01T51,SBI Mutual Fund,Equity Scheme - Small Cap Fund,Open Ended Schemes,ok,2814,2015-01-01,2026-05-26
125597,Aditya Birla Sun Life Banking and Financial Services Fund - Direct Plan - Growth,Aditya Birla Sun Life Banking and Financial Services Fund,INF209K014W1,Aditya Birla Sun Life Mutual Fund,Equity Scheme - Sectoral/ Thematic,Open Ended Schemes,ok,2805,2015-01-01,2026-05-26
125711,Shriram Aggressive Hybrid Fund- Direct Growth,Shriram Aggressive Hybrid Fund- Direct Growth,INF680P01042,Shriram Mutual Fund,Hybrid Scheme - Aggressive Hybrid Fund,Open Ended Schemes,ok,2806,2015-01-01,2026-05-26
126393,DSP Dynamic Asset Allocation Fund - Direct Plan - Growth,DSP Dynamic Asset Allocation Fund,INF740K01K81,DSP Mutual Fund,Hybrid Scheme - Dynamic Asset Allocation or Balanced Advantage,Open Ended Schemes,ok,2793,2015-01-01,2026-05-26
127042,Motilal Oswal Midcap Fund-Direct Plan-Growth Option,Motilal Oswal Midcap Fund,INF247L01445,Motilal Oswal Mutual Fund,Equity Scheme - Mid Cap Fund,Open Ended Schemes,ok,2806,2015-01-01,2026-05-26
127850,BANK OF INDIA BALANCED ADVANTAGE FUND DIRECT PLAN  GROWTH,BANK OF INDIA BALANCED ADVANTAGE FUND DIRECT PLAN GROWTH,INF761K01BO6,Bank of India Mutual Fund,Hybrid Scheme - Dynamic Asset Allocation or Balanced Advantage,Open Ended Schemes,ok,2798,2015-01-01,2026-05-26
129046,Motilal Oswal Flexi cap Fund Direct Plan-Growth Option,Motilal Oswal Flexi cap Fund,INF247L01502,Motilal Oswal Mutual Fund,Equity Scheme - Flexi Cap Fund,Open Ended Schemes,ok,2806,2015-01-01,2026-05-26
129052,HDFC ARBITRAGE FUND -Direct Plan - Growth Option,HDFC ARBITRAGE FUND,INF179KA1KT6,HDFC Mutual Fund,Hybrid Scheme - Arbitrage Fund,Open Ended Schemes,ok,2806,2015-01-01,2026-05-26
129212,Sundaram Infrastructure Advantage Fund Direct Plan - Growth,Sundaram Infrastructure Advantage Fund,INF903J01F92,Sundaram Mutual Fund,Equity Scheme - Sectoral/ Thematic,Open Ended Schemes,ok,2805,2015-01-01,2026-05-26
129220,L&T Emerging Businesses Fund - Direct Plan - Growth,L&T Emerging Businesses Fund,nan,L&T Mutual Fund,Equity Scheme - Small Cap Fund,Open Ended Schemes,ok,1946,2015-01-01,2022-11-24
129649,Union Small Cap Fund - Direct Plan - Growth Option,Union Small Cap Fund,INF582M01BU9,Union Mutual Fund,Equity Scheme - Small Cap Fund,Open Ended Schemes,ok,2805,2015-01-01,2026-05-26
130206,Edelweiss Arbitrage Fund- Direct Plan- Growth Option,Edelweiss Arbitrage Fund,INF754K01EA4,Edelweiss Mutual Fund,Hybrid Scheme - Arbitrage Fund,Open Ended Schemes,ok,2807,2015-01-01,2026-05-26
130450,L&T Arbitrage Opportunities Fund - Direct Plan - Growth,L&T Arbitrage Opportunities Fund,nan,L&T Mutual Fund,Hybrid Scheme - Arbitrage Fund,Open Ended Schemes,ok,1946,2015-01-01,2022-11-24
130479,BNP PARIBAS LIQUID FUND -- DIRECT PLAN - GROWTH OPTION,BNP PARIBAS LIQUID FUND,nan,BNP Paribas Mutual Fund,Debt Scheme - Liquid Fund,Open Ended Schemes,ok,2118,2015-01-01,2022-03-13
130498,HDFC Large and Mid Cap Fund - Growth Option - Direct Plan,HDFC Large and Mid Cap Fund,INF179KA1RQ7,HDFC Mutual Fund,Equity Scheme - Large & Mid Cap Fund,Open Ended Schemes,ok,2806,2015-01-01,2026-05-26
130503,HDFC Small Cap Fund - Growth Option - Direct Plan,HDFC Small Cap Fund,INF179KA1RW5,HDFC Mutual Fund,Equity Scheme - Small Cap Fund,Open Ended Schemes,ok,2806,2015-01-01,2026-05-26
130773,Axis Arbitrage Fund - Direct Plan - Growth,Axis Arbitrage Fund,INF846K01PZ1,Axis Mutual Fund,Hybrid Scheme - Arbitrage Fund,Open Ended Schemes,ok,2813,2015-01-01,2026-05-26
130825,L&T Business Cycles Fund - Direct Plan - Growth,L&T Business Cycles Fund,nan,L&T Mutual Fund,Equity Scheme - Sectoral/ Thematic,Open Ended Schemes,ok,1946,2015-01-01,2022-11-24
130860,Nippon India Japan Equity Fund- Direct Plan- Growth Plan- Growth Option,Nippon India Japan Equity Fund- Direct Plan- Growth Plan,INF204KA1SI1,Nippon India Mutual Fund,Equity Scheme - Sectoral/ Thematic,Open Ended Schemes,ok,2649,2015-01-01,2026-05-26
131355,BANDHAN Balanced Advantage Fund Direct Plan Growth,BANDHAN Balanced Advantage Fund Direct Plan Growth,INF194KA1UH1,Bandhan Mutual Fund,Hybrid Scheme - Dynamic Asset Allocation or Balanced Advantage,Open Ended Schemes,ok,2814,2015-01-01,2026-05-26
131373,Kotak Equity Savings Fund - Direct - Growth,Kotak Equity Savings Fund,INF174K01D28,Kotak Mahindra Mutual Fund,Hybrid Scheme - Equity Savings,Open Ended Schemes,ok,2804,2015-01-01,2026-05-26
131580,360 ONE Focused Fund-Direct Plan-Growth,360 ONE Focused Fund,INF579M01902,360 ONE Mutual Fund,Equity Scheme - Focused Fund,Open Ended Schemes,ok,2806,2015-01-01,2026-05-26
131670,Aditya Birla Sun Life Balanced Advantage Fund - Direct Plan - Growth Option,Aditya Birla Sun Life Balanced Advantage Fund,INF084M01DJ5,Aditya Birla Sun Life Mutual Fund,Hybrid Scheme - Dynamic Asset Allocation or Balanced Advantage,Open Ended Schemes,ok,2806,2015-01-01,2026-05-26
132756,Tata ELSS Fund-Growth-Direct Plan,Tata ELSS Fund,INF277K01I86,Tata Mutual Fund,Equity Scheme - ELSS,Open Ended Schemes,ok,2806,2015-01-01,2026-05-26
132995,Aditya Birla Sun Life Equity Savings Fund - Direct Plan - Growth,Aditya Birla Sun Life Equity Savings Fund,INF209KA1TP9,Aditya Birla Sun Life Mutual Fund,Hybrid Scheme - Equity Savings,Open Ended Schemes,ok,2805,2015-01-01,2026-05-26
133035,Kotak Aggressive Hybrid Fund - Direct Plan -Growth,Kotak Aggressive Hybrid Fund,INF174K01F00,Kotak Mahindra Mutual Fund,Hybrid Scheme - Aggressive Hybrid Fund,Open Ended Schemes,ok,2805,2015-01-01,2026-05-26
133181,Groww Arbitrage Fund (formerly known as Indiabulls Arbitrage Fund) - Direct Plan - Growth Option,Groww Arbitrage Fund (formerly known as Indiabulls Arbitrage Fund),nan,Groww Mutual Fund,Hybrid Scheme - Arbitrage Fund,Open Ended Schemes,ok,2174,2015-01-01,2023-10-27
133386,Motilal Oswal ELSS Tax Saver Fund - Direct Plan - Growth Option,Motilal Oswal ELSS Tax Saver Fund,INF247L01569,Motilal Oswal Mutual Fund,Equity Scheme - ELSS,Open Ended Schemes,ok,2791,2015-01-22,2026-05-26
133516,Aditya Birla Sun Life Manufacturing Equity Fund - Direct Plan - Growth,Aditya Birla Sun Life Manufacturing Equity Fund,INF209KA1YK0,Aditya Birla Sun Life Mutual Fund,Equity Scheme - Sectoral/ Thematic,Open Ended Schemes,ok,2783,2015-02-03,2026-05-26
133710,LIC MF Large & Mid Cap Fund-Direct Plan-Growth,LIC MF Large & Mid Cap Fund,INF767K01NE9,LIC Mutual Fund,Equity Scheme - Large & Mid Cap Fund,Open Ended Schemes,ok,2767,2015-02-26,2026-05-26
133801,Kotak Infrastructure & Economic Reform Fund- Direct Plan- Growth Option,Kotak Infrastructure & Economic Reform Fund,INF178L01AL9,Kotak Mahindra Mutual Fund,Equity Scheme - Sectoral/ Thematic,Open Ended Schemes,ok,2785,2015-02-02,2026-05-26
133839,PGIM India Flexi Cap Fund - Direct Plan - Growth Option,PGIM India Flexi Cap Fund,INF663L01FF1,PGIM India Mutual Fund,Equity Scheme - Flexi Cap Fund,Open Ended Schemes,ok,2763,2015-03-09,2026-05-26
133859,SBI BANKING & FINANCIAL SERVICES FUND - DIRECT PLAN - GROWTH,SBI BANKING & FINANCIAL SERVICES FUND,INF200KA1507,SBI Mutual Fund,Equity Scheme - Sectoral/ Thematic,Open Ended Schemes,ok,2771,2015-03-05,2026-05-26
134017,LIC MF Banking and Financial Services Fund-Direct Plan-Growth,LIC MF Banking and Financial Services Fund,INF767K01NK6,LIC Mutual Fund,Equity Scheme - Sectoral/ Thematic,Open Ended Schemes,ok,2746,2015-03-30,2026-05-26
134045,Baroda ELSS 96 Plan B(Direct) -Growth Option,Baroda ELSS 96 Plan B,nan,Baroda Mutual Fund,Equity Scheme - ELSS,Open Ended Schemes,ok,1730,2015-03-05,2022-03-13
134110,SBI Dynamic Asset Allocation Fund - Direct Plan - Growth,SBI Dynamic Asset Allocation Fund,nan,SBI Mutual Fund,Hybrid Scheme - Dynamic Asset Allocation or Balanced Advantage,Open Ended Schemes,ok,1517,2015-04-07,2021-07-02
134594,Nippon India Equity Savings Fund- Direct Plan- Growth Plan-Growth Option,Nippon India Equity Savings Fund- Direct Plan- Growth Plan,INF204KA1W77,Nippon India Mutual Fund,Hybrid Scheme - Equity Savings,Open Ended Schemes,ok,2702,2015-06-04,2026-05-26
134643,SBI Equity Savings Fund - Direct Plan - Growth,SBI Equity Savings Fund,INF200KA1DF3,SBI Mutual Fund,Hybrid Scheme - Equity Savings,Open Ended Schemes,ok,2712,2015-06-03,2026-05-26
134813,Mirae Asset Aggressive Hybrid Fund - Direct Plan - Growth,Mirae Asset Aggressive Hybrid Fund,INF769K01DH9,Mirae Asset Mutual Fund,Hybrid Scheme - Aggressive Hybrid Fund,Open Ended Schemes,ok,2663,2015-07-30,2026-05-26
134923,Nippon India US Equity Opportunities Fund- Direct Plan- Growth Plan- Growth Option,Nippon India US Equity Opportunities Fund- Direct Plan- Growth Plan,INF204KA15G5,Nippon India Mutual Fund,Equity Scheme - Sectoral/ Thematic,Open Ended Schemes,ok,2581,2015-07-28,2026-05-26
135120,Axis Equity Savings Fund - Direct Plan - Growth,Axis Equity Savings Fund,INF846K01VJ3,Axis Mutual Fund,Hybrid Scheme - Equity Savings,Open Ended Schemes,ok,2655,2015-08-20,2026-05-26
135341,Groww Value Fund (formerly known as Indiabulls Value Fund) - Direct Plan - Growth Option,Groww Value Fund (formerly known as Indiabulls Value Fund),INF666M01BE4,Groww Mutual Fund,Equity Scheme - Value Fund,Open Ended Schemes,ok,2634,2015-09-09,2026-05-26
135601,PGIM India ELSS Tax Saver Fund - Direct Plan - Growth Option,PGIM India ELSS Tax Saver Fund,INF663L01FN5,PGIM India Mutual Fund,Equity Scheme - ELSS,Open Ended Schemes,ok,2574,2015-12-14,2026-05-26
135654,Navi ELSS Tax Saver Fund- Direct Plan- Growth Option,Navi ELSS Tax Saver Fund,INF959L01CD5,Navi Mutual Fund,Equity Scheme - ELSS,Open Ended Schemes,ok,2532,2015-12-31,2026-04-10
135677,Navi Large & Midcap Fund- Direct Plan- Growth Option,Navi Large & Midcap Fund,INF959L01CH6,Navi Mutual Fund,Equity Scheme - Large & Mid Cap Fund,Open Ended Schemes,ok,2578,2015-12-08,2026-05-26
135689,Indiabulls Savings Income Fund-Direct Plan-Growth Option,Indiabulls Savings Income Fund,nan,Indiabulls Mutual Fund,Hybrid Scheme - Conservative Hybrid Fund,Open Ended Schemes,ok,1397,2015-12-03,2021-09-13
135781,Mirae Asset ELSS Tax Saver Fund - Direct Plan - Growth,Mirae Asset ELSS Tax Saver Fund,INF769K01DM9,Mirae Asset Mutual Fund,Equity Scheme - ELSS,Open Ended Schemes,ok,2563,2015-12-29,2026-05-26
135793,Tata Banking And Financial Services Fund-Direct Plan-Growth,Tata Banking And Financial Services Fund,INF277K01Z10,Tata Mutual Fund,Equity Scheme - Sectoral/ Thematic,Open Ended Schemes,ok,2563,2015-12-29,2026-05-26
135800,Tata Digital India Fund-Direct Plan-Growth,Tata Digital India Fund,INF277K01Z77,Tata Mutual Fund,Equity Scheme - Sectoral/ Thematic,Open Ended Schemes,ok,2562,2015-12-29,2026-05-26
135805,Tata India Consumer Fund-Direct Plan-Growth,Tata India Consumer Fund,INF277K013A6,Tata Mutual Fund,Equity Scheme - Sectoral/ Thematic,Open Ended Schemes,ok,2563,2015-12-29,2026-05-26
135810,Tata India Pharma & Healthcare Fund-Direct Plan-Growth,Tata India Pharma & Healthcare Fund,INF277K019A3,Tata Mutual Fund,Equity Scheme - Sectoral/ Thematic,Open Ended Schemes,ok,2563,2015-12-29,2026-05-26
135813,Tata Resources & Energy Fund-Direct Plan-Growth,Tata Resources & Energy Fund,INF277K015B9,Tata Mutual Fund,Equity Scheme - Sectoral/ Thematic,Open Ended Schemes,ok,2563,2015-12-29,2026-05-26
136567,DSP Equity Savings Fund - Direct Plan - Growth,DSP Equity Savings Fund,INF740KA1504,DSP Mutual Fund,Hybrid Scheme - Equity Savings,Open Ended Schemes,ok,2504,2016-03-30,2026-05-26
138299,PGIM India Liquid Fund - Direct Plan - Growth,PGIM India Liquid Fund,INF223J01NS5,PGIM India Mutual Fund,Debt Scheme - Liquid Fund,Open Ended Schemes,ok,3252,2016-03-08,2026-05-26
138312,PGIM India Large Cap Fund - Direct Plan - Growth,PGIM India Large Cap Fund,INF663L01GR4,PGIM India Mutual Fund,Equity Scheme - Large Cap Fund,Open Ended Schemes,ok,2516,2016-03-08,2026-05-26
138376,PGIM India Equity Savings Fund - Direct Plan - Growth,PGIM India Equity Savings Fund,INF223J01QD0,PGIM India Mutual Fund,Hybrid Scheme - Equity Savings,Open Ended Schemes,ok,2515,2016-03-08,2026-05-26
138386,PGIM India Aggressive Hybrid Equity Fund - Direct Plan - Growth,PGIM India Aggressive Hybrid Equity Fund,INF663L01GX2,PGIM India Mutual Fund,Hybrid Scheme - Aggressive Hybrid Fund,Open Ended Schemes,ok,2515,2016-03-08,2026-05-26
138394,DHFL Pramerica Tax Plan - Direct Plan - Growth,DHFL Pramerica Tax Plan,nan,DHFL Pramerica Mutual Fund,Equity Scheme - ELSS,Open Ended Schemes,ok,836,2016-03-08,2019-07-28
138464,DHFL Pramerica Hybrid Debt Fund - Direct Plan - Growth,DHFL Pramerica Hybrid Debt Fund,nan,DHFL Pramerica Mutual Fund,Hybrid Scheme - Conservative Hybrid Fund,Open Ended Schemes,ok,820,2016-03-08,2019-07-28
138875,PGIM India Arbitrage Fund - Direct Plan - Growth,PGIM India Arbitrage Fund,INF223J013N7,PGIM India Mutual Fund,Hybrid Scheme - Arbitrage Fund,Open Ended Schemes,ok,2515,2016-03-08,2026-05-26
139221,Principal Arbitrage Fund - Direct Plan - Growth,Principal Arbitrage Fund,nan,Principal Mutual Fund,Hybrid Scheme - Arbitrage Fund,Open Ended Schemes,ok,1402,2016-04-25,2021-12-30
139257,JM Liquid Fund Unclaimed Redemption (Direct) Growth Plan,JM Liquid Fund Unclaimed Redemption (Direct) Growth Plan,nan,JM Financial Mutual Fund,Debt Scheme - Liquid Fund,Open Ended Schemes,ok,1755,2016-04-05,2022-01-24
139259,JM Liquid Fund Unclaimed Redemption IEF (Direct) Growth Plan,JM Liquid Fund Unclaimed Redemption IEF (Direct) Growth Plan,nan,JM Financial Mutual Fund,Debt Scheme - Liquid Fund,Open Ended Schemes,ok,1755,2016-04-05,2022-01-24
139527,BANK OF INDIA MID & SMALL CAP EQUITY & DEBT FUND - DIRECT PLAN GROWTH,BANK OF INDIA MID & SMALL CAP EQUITY & DEBT FUND - DIRECT PLAN GROWTH,INF761K01DM6,Bank of India Mutual Fund,Hybrid Scheme - Aggressive Hybrid Fund,Open Ended Schemes,ok,2420,2016-07-27,2026-05-26
139538,Mahindra Manulife Liquid Fund - Direct Plan -Growth,Mahindra Manulife Liquid Fund,INF174V01044,Mahindra Manulife Mutual Fund,Debt Scheme - Liquid Fund,Open Ended Schemes,ok,2833,2016-07-04,2026-05-26
139781,Mahindra Manulife ELSS Tax Saver Fund - Direct Plan -Growth,Mahindra Manulife ELSS Tax Saver Fund,INF174V01093,Mahindra Manulife Mutual Fund,Equity Scheme - ELSS,Open Ended Schemes,ok,2366,2016-10-19,2026-05-26
139872,Motilal Oswal Balanced Advantage Fund  (MOFDYNAMIC) - Direct Plan - Growth Option,Motilal Oswal Balanced Advantage Fund (MOFDYNAMIC),INF247L01635,Motilal Oswal Mutual Fund,Hybrid Scheme - Dynamic Asset Allocation or Balanced Advantage,Open Ended Schemes,ok,2378,2016-09-28,2026-05-26
139971,IDBI Hybrid Equity Fund Growth Direct,IDBI Hybrid Equity Fund,nan,IDBI Mutual Fund,Hybrid Scheme - Aggressive Hybrid Fund,Open Ended Schemes,ok,1665,2016-10-28,2023-07-27
140175,Edelweiss Large & Mid Cap Fund - Direct Plan - Growth Option,Edelweiss Large & Mid Cap Fund,INF843K01AL0,Edelweiss Mutual Fund,Equity Scheme - Large & Mid Cap Fund,Open Ended Schemes,ok,2341,2016-11-28,2026-05-26
140196,Edelweiss Liquid Fund - Direct Plan - Growth Option,Edelweiss Liquid Fund,INF754K01GM4,Edelweiss Mutual Fund,Debt Scheme - Liquid Fund,Open Ended Schemes,ok,2974,2016-11-27,2026-05-26
140228,Edelweiss Mid Cap Fund - Direct Plan - Growth Option,Edelweiss Mid Cap Fund,INF843K01AO4,Edelweiss Mutual Fund,Equity Scheme - Mid Cap Fund,Open Ended Schemes,ok,2341,2016-11-28,2026-05-26
140241,Edelweiss Tax Advantage Fund - Direct Plan - Growth Option,Edelweiss Tax Advantage Fund,nan,Edelweiss Mutual Fund,Equity Scheme - ELSS,Open Ended Schemes,ok,802,2016-11-28,2020-02-26
140347,Edelweiss Equity Savings Fund - Direct Plan - Growth Option,Edelweiss Equity Savings Fund,INF843K01KC8,Edelweiss Mutual Fund,Hybrid Scheme - Equity Savings,Open Ended Schemes,ok,2340,2016-11-28,2026-05-26
140353,Edelweiss Flexi Cap Fund - Direct Plan - Growth Option,Edelweiss Flexi Cap Fund,INF843K01KK1,Edelweiss Mutual Fund,Equity Scheme - Flexi Cap Fund,Open Ended Schemes,ok,2341,2016-11-28,2026-05-26
140382,Bandhan Aggressive Hybrid Fund-Direct Plan Growth,Bandhan Aggressive Hybrid Fund - Direct Plan Growth,INF194KA1U56,Bandhan Mutual Fund,Hybrid Scheme - Aggressive Hybrid Fund,Open Ended Schemes,ok,2322,2017-01-02,2026-05-26
140386,BNP PARIBAS ARBITRAGE FUND-DIRECT PLAN-GROWTH OPTION,BNP PARIBAS ARBITRAGE FUND,nan,BNP Paribas Mutual Fund,Hybrid Scheme - Arbitrage Fund,Open Ended Schemes,ok,1285,2016-12-29,2022-03-13
140444,Mahindra Manulife Equity Savings Fund - Direct Plan -Growth,Mahindra Manulife Equity Savings Fund,INF174V01184,Mahindra Manulife Mutual Fund,Hybrid Scheme - Equity Savings,Open Ended Schemes,ok,2289,2017-02-08,2026-05-26
140461,IDBI Midcap Fund Growth Direct,IDBI Midcap Fund,nan,IDBI Mutual Fund,Equity Scheme - Mid Cap Fund,Open Ended Schemes,ok,1599,2017-02-02,2023-07-27
141006,BNP PARIBAS SUBSTANTIAL EQUITY HYBRID FUND- DIRECT PLAN - GROWTH OPTION,BNP PARIBAS SUBSTANTIAL EQUITY HYBRID FUND,nan,BNP Paribas Mutual Fund,Hybrid Scheme - Aggressive Hybrid Fund,Open Ended Schemes,ok,1217,2017-04-10,2022-03-13
141226,Mahindra Manulife Multi Cap Fund - Direct Plan -Growth,Mahindra Manulife Multi Cap Fund,INF174V01341,Mahindra Manulife Mutual Fund,Equity Scheme - Multi Cap Fund,Open Ended Schemes,ok,2223,2017-05-18,2026-05-26
141248,Union Largecap Fund - Direct Plan - Growth Option,Union Largecap Fund,INF582M01CU7,Union Mutual Fund,Equity Scheme - Large Cap Fund,Open Ended Schemes,ok,2221,2017-05-18,2026-05-26
141475,IDBI Small Cap Fund - Growth Direct,IDBI Small Cap Fund,nan,IDBI Mutual Fund,Equity Scheme - Small Cap Fund,Open Ended Schemes,ok,1500,2017-06-29,2023-07-27
141642,Axis Balanced Advantage Fund - Direct Plan - Growth,Axis Balanced Advantage Fund,INF846K01A29,Axis Mutual Fund,Hybrid Scheme - Dynamic Asset Allocation or Balanced Advantage,Open Ended Schemes,ok,2173,2017-08-07,2026-05-26
141808,Groww ELSS Tax Saver Fund (formerly known as Indiabulls Tax Savings Fund)- Direct Plan- Growth Option,Groww ELSS Tax Saver Fund (formerly known as Indiabulls Tax Savings Fund),INF666M01DK7,Groww Mutual Fund,Equity Scheme - ELSS,Open Ended Schemes,ok,2068,2017-12-29,2026-05-26
141813,BNP Paribas Focused 25 Equity Fund - Direct Plan - Growth Option,BNP Paribas Focused 25 Equity Fund,nan,BNP Paribas Mutual Fund,Equity Scheme - Focused Fund,Open Ended Schemes,ok,1092,2017-10-10,2022-03-13
141924,HDFC Housing Opportunities Fund  - Growth Option - Direct Plan,HDFC Housing Opportunities Fund,INF179KC1AU3,HDFC Mutual Fund,Equity Scheme - Sectoral/ Thematic,Open Ended Schemes,ok,2083,2017-12-07,2026-05-26
141925,Axis Flexi Cap Fund - Direct Plan - Growth,Axis Flexi Cap Fund,INF846K01B28,Axis Mutual Fund,Equity Scheme - Flexi Cap Fund,Open Ended Schemes,ok,2099,2017-11-24,2026-05-26
142038,Union Balanced Advantage Fund - Direct Plan - Growth Option,Union Balanced Advantage Fund,INF582M01DE9,Union Mutual Fund,Hybrid Scheme - Dynamic Asset Allocation or Balanced Advantage,Open Ended Schemes,ok,2061,2018-01-05,2026-05-26
142110,Mahindra Manulife Mid Cap Fund - Direct Plan -Growth,Mahindra Manulife Mid Cap Fund,INF174V01507,Mahindra Manulife Mutual Fund,Equity Scheme - Mid Cap Fund,Open Ended Schemes,ok,2043,2018-02-06,2026-05-26
142283,DSP Arbitrage Fund - Direct - Growth,DSP Arbitrage Fund,INF740KA1DN4,DSP Mutual Fund,Hybrid Scheme - Arbitrage Fund,Open Ended Schemes,ok,2048,2018-01-29,2026-05-26
142388,Edelweiss Recently Listed IPO Fund Direct Plan Growth,Edelweiss Recently Listed IPO Fund Direct Plan Growth,INF754K01ML4,Edelweiss Mutual Fund,Equity Scheme - Sectoral/ Thematic,Open Ended Schemes,ok,2029,2018-02-27,2026-05-26
143163,Navi Aggressive Hybrid Fund - Direct Plan - Growth,Navi Aggressive Hybrid Fund,INF959L01CX3,Navi Mutual Fund,Hybrid Scheme - Aggressive Hybrid Fund,Open Ended Schemes,ok,1987,2018-05-02,2026-05-26
143269,Parag Parikh Liquid Fund- Direct Plan- Growth,Parag Parikh Liquid Fund,INF879O01068,PPFAS Mutual Fund,Debt Scheme - Liquid Fund,Open Ended Schemes,ok,2254,2018-05-14,2026-05-26
143537,Invesco India Aggressive Hybrid Fund - Direct Plan - Growth,Invesco India Aggressive Hybrid Fund,INF205K014Q7,Invesco Mutual Fund,Hybrid Scheme - Aggressive Hybrid Fund,Open Ended Schemes,ok,1941,2018-07-04,2026-05-26
143614,BANK OF INDIA Arbitrage Fund Direct Plan Growth,BANK OF INDIA Arbitrage Fund Direct Plan Growth,INF761K01ED3,Bank of India Mutual Fund,Hybrid Scheme - Arbitrage Fund,Open Ended Schemes,ok,1951,2018-06-20,2026-05-26
143783,Mirae Asset Healthcare Fund Direct Growth,Mirae Asset Healthcare Fund Direct Growth,INF769K01ED6,Mirae Asset Mutual Fund,Equity Scheme - Sectoral/ Thematic,Open Ended Schemes,ok,1942,2018-07-03,2026-05-26
143793,Navi Flexi Cap Fund - Direct Plan - Growth,Navi Flexi Cap Fund,INF959L01DT9,Navi Mutual Fund,Equity Scheme - Flexi Cap Fund,Open Ended Schemes,ok,1938,2018-07-10,2026-05-26
144312,Union Equity Savings Fund - Direct Plan - Growth Option,Union Equity Savings Fund,INF582M01EC1,Union Mutual Fund,Hybrid Scheme - Equity Savings,Open Ended Schemes,ok,1908,2018-08-17,2026-05-26
144335,Kotak Balanced Advantage Fund  - Direct Plan -Growth Option,Kotak Balanced Advantage Fund,INF174KA1210,Kotak Mahindra Mutual Fund,Hybrid Scheme - Dynamic Asset Allocation or Balanced Advantage,Open Ended Schemes,ok,1913,2018-08-10,2026-05-26
144394,Axis Aggressive Hybrid Fund - Direct Plan - Growth Option,Axis Aggressive Hybrid Fund,INF846K01E25,Axis Mutual Fund,Hybrid Scheme - Aggressive Hybrid Fund,Open Ended Schemes,ok,1918,2018-08-16,2026-05-26
144455,IDBI Long Term Value Fund-Direct Plan- Growth,IDBI Long Term Value Fund,nan,IDBI Mutual Fund,Equity Scheme - Value Fund,Open Ended Schemes,ok,1211,2018-08-28,2023-07-27
144466,Franklin India Equity Savings Fund- Growth Direct,Franklin India Equity Savings Fund,INF090I01PD7,Franklin Templeton Mutual Fund,Hybrid Scheme - Equity Savings,Open Ended Schemes,ok,1901,2018-08-27,2026-05-26
144490,UTI Equity Savings Fund - Direct Plan - Growth Option,UTI Equity Savings Fund,INF789F1A777,UTI Mutual Fund,Hybrid Scheme - Equity Savings,Open Ended Schemes,ok,1901,2018-08-31,2026-05-26
144546,Tata Flexi Cap Fund-Direct Plan-Growth,Tata Flexi Cap Fund,INF277K015K0,Tata Mutual Fund,Equity Scheme - Flexi Cap Fund,Open Ended Schemes,ok,1895,2018-09-10,2026-05-26
144634,BNP Paribas India Consumption Fund - Direct Plan - Growth Option,BNP Paribas India Consumption Fund,nan,BNP Paribas Mutual Fund,Equity Scheme - Sectoral/ Thematic,Open Ended Schemes,ok,864,2018-09-10,2022-03-13
144658,Navi Arbitrage Fund - Direct Plan - Growth,Navi Arbitrage Fund,nan,Navi Mutual Fund,Hybrid Scheme - Arbitrage Fund,Open Ended Schemes,ok,711,2018-08-29,2021-07-22
144681,Motilal Oswal Equity Hybrid Fund (MOFEH) - Direct Plan Growth Option,Motilal Oswal Equity Hybrid Fund (MOFEH),nan,Motilal Oswal Mutual Fund,Hybrid Scheme - Aggressive Hybrid Fund,Open Ended Schemes,ok,1315,2018-09-18,2024-01-19
144835,Sundaram Services Fund Direct Plan - Growth,Sundaram Services Fund,INF903JA1FA2,Sundaram Mutual Fund,Equity Scheme - Sectoral/ Thematic,Open Ended Schemes,ok,1884,2018-09-25,2026-05-26
144905,Shriram Flexi Cap Fund - Direct Growth,Shriram Flexi Cap Fund - Direct Growth,INF680P01109,Shriram Mutual Fund,Equity Scheme - Flexi Cap Fund,Open Ended Schemes,ok,1878,2018-10-08,2026-05-26
145110,Axis Large & Mid Cap Fund - Direct Plan - Growth,Axis Large & Mid Cap Fund,INF846K01J46,Axis Mutual Fund,Equity Scheme - Large & Mid Cap Fund,Open Ended Schemes,ok,1870,2018-10-26,2026-05-26
145137,Invesco India Smallcap Fund - Direct Plan - Growth,Invesco India Smallcap Fund,INF205K013T3,Invesco Mutual Fund,Equity Scheme - Small Cap Fund,Open Ended Schemes,ok,1860,2018-11-02,2026-05-26
145206,Tata Small Cap Fund-Direct Plan-Growth,Tata Small Cap Fund,INF277K011O1,Tata Mutual Fund,Equity Scheme - Small Cap Fund,Open Ended Schemes,ok,1855,2018-11-13,2026-05-26
145228,HSBC Equity Hybrid Fund - Growth Direct,HSBC Equity Hybrid Fund,nan,HSBC Mutual Fund,Hybrid Scheme - Aggressive Hybrid Fund,Open Ended Schemes,ok,1006,2018-10-26,2022-11-25
145356,Mahindra Manulife Consumption Fund - Direct Plan -Growth,Mahindra Manulife Consumption Fund,INF174V01663,Mahindra Manulife Mutual Fund,Equity Scheme - Sectoral/ Thematic,Open Ended Schemes,ok,1853,2018-11-16,2026-05-26
145376,L&T Focused Equity Fund - Direct Plan - Growth Option,L&T Focused Equity Fund,nan,L&T Mutual Fund,Equity Scheme - Focused Fund,Open Ended Schemes,ok,996,2018-11-12,2022-11-24
145396,Baroda BNP Paribas Balanced Advantage Fund-Direct Plan-Growth Option,Baroda BNP Paribas Balanced Advantage Fund,INF955L01HF7,Baroda BNP Paribas Mutual Fund,Hybrid Scheme - Dynamic Asset Allocation or Balanced Advantage,Open Ended Schemes,ok,1851,2018-11-20,2026-05-26
145454,DSP Healthcare Fund - Direct Plan - Growth,DSP Healthcare Fund,INF740KA1LG1,DSP Mutual Fund,Equity Scheme - Sectoral/ Thematic,Open Ended Schemes,ok,1820,2018-12-03,2026-05-26
145473,Union Value Fund - Direct Plan - Growth Option,Union Value Fund,INF582M01EK4,Union Mutual Fund,Equity Scheme - Value Fund,Open Ended Schemes,ok,1834,2018-12-12,2026-05-26
145478,Sundaram Equity Savings Fund Direct Plan - Growth,Sundaram Equity Savings Fund,nan,Sundaram Mutual Fund,Hybrid Scheme - Equity Savings,Open Ended Schemes,ok,754,2018-12-11,2021-12-31
145599,Groww Aggressive Hybrid Fund (formerly known as Indiabulls Equity Hybrid Fund) - Direct Plan - Growth option,Groww Aggressive Hybrid Fund (formerly known as Indiabulls Equity Hybrid Fund),INF666M01FA3,Groww Mutual Fund,Hybrid Scheme - Aggressive Hybrid Fund,Open Ended Schemes,ok,1832,2018-12-14,2026-05-26
145678,BANK OF INDIA Small Cap Fund Direct Plan Growth,BANK OF INDIA Small Cap Fund Direct Plan Growth,INF761K01EP7,Bank of India Mutual Fund,Equity Scheme - Small Cap Fund,Open Ended Schemes,ok,1825,2018-12-27,2026-05-26
145693,Mirae Asset Equity Savings Fund- Direct Plan- Growth,Mirae Asset Equity Savings Fund,INF769K01EK1,Mirae Asset Mutual Fund,Hybrid Scheme - Equity Savings,Open Ended Schemes,ok,1831,2018-12-18,2026-05-26
145724,Tata Arbitrage Fund-Direct Plan-Growth,Tata Arbitrage Fund,INF277K017Q3,Tata Mutual Fund,Hybrid Scheme - Arbitrage Fund,Open Ended Schemes,ok,1830,2018-12-19,2026-05-26
145819,Shriram ELSS Tax Saver Fund - Direct Growth,Shriram ELSS Tax Saver Fund - Direct Growth,INF680P01158,Shriram Mutual Fund,Equity Scheme - ELSS,Open Ended Schemes,ok,1799,2019-02-01,2026-05-26
145834,Motilal Oswal Liquid Fund - Direct Growth,Motilal Oswal Liquid Fund - Direct Growth,INF247L01734,Motilal Oswal Mutual Fund,Debt Scheme - Liquid Fund,Open Ended Schemes,ok,2102,2018-12-20,2026-05-26
145895,LIC MF Arbitrage Fund-Direct Plan-Growth,LIC MF Arbitrage Fund,INF767K01PP0,LIC Mutual Fund,Hybrid Scheme - Arbitrage Fund,Open Ended Schemes,ok,1802,2019-01-28,2026-05-26
145971,WhiteOak Capital Liquid Fund- Direct plan-Growth Option,WhiteOak Capital Liquid Fund,INF03VN01043,WhiteOak Capital Mutual Fund,Debt Scheme - Liquid Fund,Open Ended Schemes,ok,2070,2019-01-17,2026-05-26
146010,Tata Balanced Advantage Fund-Direct Plan-Growth,Tata Balanced Advantage Fund,INF277K013S8,Tata Mutual Fund,Hybrid Scheme - Dynamic Asset Allocation or Balanced Advantage,Open Ended Schemes,ok,1801,2019-01-29,2026-05-26
146130,CANARA ROBECO SMALL CAP FUND - DIRECT PLAN - GROWTH OPTION,CANARA ROBECO SMALL CAP FUND,INF760K01JC6,Canara Robeco Mutual Fund,Equity Scheme - Small Cap Fund,Open Ended Schemes,ok,1787,2019-02-19,2026-05-26
146196,Edelweiss Small Cap Fund - Direct Plan - Growth,Edelweiss Small Cap Fund,INF754K01JN6,Edelweiss Mutual Fund,Equity Scheme - Small Cap Fund,Open Ended Schemes,ok,1792,2019-02-14,2026-05-26
146297,Union Arbitrage Fund - Direct Plan - Growth Option,Union Arbitrage Fund,INF582M01ES7,Union Mutual Fund,Hybrid Scheme - Arbitrage Fund,Open Ended Schemes,ok,1779,2019-02-27,2026-05-26
146402,BNP Paribas Dynamic Equity Fund - Direct Plan-Growth Option,BNP Paribas Dynamic Equity Fund,nan,BNP Paribas Mutual Fund,Hybrid Scheme - Dynamic Asset Allocation or Balanced Advantage,Open Ended Schemes,ok,743,2019-03-11,2022-03-13
146457,Invesco India Equity Savings Fund - Direct Plan - Growth,Invesco India Equity Savings Fund,INF205KA1049,Invesco Mutual Fund,Hybrid Scheme - Equity Savings,Open Ended Schemes,ok,1775,2019-03-08,2026-05-26
146549,Mahindra Manulife Large Cap Fund - Direct Plan -Growth,Mahindra Manulife Large Cap Fund,INF174V01721,Mahindra Manulife Mutual Fund,Equity Scheme - Large Cap Fund,Open Ended Schemes,ok,1769,2019-03-19,2026-05-26
146643,SBI Equity Minimum Variance Fund - Direct Plan - Growth,SBI Equity Minimum Variance Fund,INF200KA1A71,SBI Mutual Fund,Equity Scheme - Sectoral/ Thematic,Open Ended Schemes,ok,1771,2019-03-27,2026-05-26
146772,HSBC Large & Mid Cap Fund - Direct Growth,HSBC Large & Mid Cap Fund - Direct Growth,INF336L01NV5,HSBC Mutual Fund,Equity Scheme - Large & Mid Cap Fund,Open Ended Schemes,ok,1757,2019-04-04,2026-05-26
146951,ICICI Prudential Bharat Consumption Fund - Direct Plan - Growth Option,ICICI Prudential Bharat Consumption Fund,INF109KC1YD4,ICICI Prudential Mutual Fund,Equity Scheme - Sectoral/ Thematic,Open Ended Schemes,ok,1750,2019-04-15,2026-05-26
147131,Principal Small Cap Fund - Direct Plan - Growth Option,Principal Small Cap Fund,nan,Principal Mutual Fund,Equity Scheme - Small Cap Fund,Open Ended Schemes,ok,650,2019-05-14,2021-12-30
147157,ITI Liquid Fund - Direct Plan - Growth Option,ITI Liquid Fund,INF00XX01283,ITI Mutual Fund,Debt Scheme - Liquid Fund,Open Ended Schemes,ok,2143,2019-04-24,2026-05-26
147183,ITI Multi Cap Fund - Direct Plan - Growth Option,ITI Multi Cap Fund,INF00XX01168,ITI Mutual Fund,Equity Scheme - Multi Cap Fund,Open Ended Schemes,ok,1730,2019-05-16,2026-05-26
147206,Mirae Asset Focused Fund Direct Plan Growth,Mirae Asset Focused Fund Direct Plan Growth,INF769K01EU0,Mirae Asset Mutual Fund,Equity Scheme - Focused Fund,Open Ended Schemes,ok,1732,2019-05-15,2026-05-26
147306,DSP Quant Fund - Direct Plan - Growth,DSP Quant Fund,INF740KA1NQ6,DSP Mutual Fund,Equity Scheme - Sectoral/ Thematic,Open Ended Schemes,ok,1714,2019-06-11,2026-05-26
147346,ICICI Prudential MNC Fund - Direct Plan - Growth Option,ICICI Prudential MNC Fund,INF109KC1D93,ICICI Prudential Mutual Fund,Equity Scheme - Sectoral/ Thematic,Open Ended Schemes,ok,1708,2019-06-18,2026-05-26
147372,QUANTUM ESG BEST IN CLASS STRATEGY FUND - DIRECT PLAN - GROWTH OPTION,QUANTUM ESG BEST IN CLASS STRATEGY FUND,INF082J01382,Quantum Mutual Fund,Equity Scheme - Sectoral/ Thematic,Open Ended Schemes,ok,1691,2019-07-12,2026-05-26
147406,Shriram Balanced Advantage Fund - Direct Growth,Shriram Balanced Advantage Fund - Direct Growth,INF680P01208,Shriram Mutual Fund,Hybrid Scheme - Dynamic Asset Allocation or Balanced Advantage,Open Ended Schemes,ok,1691,2019-07-12,2026-05-26
147409,Aditya Birla Sun Life Pharma and Healthcare Fund-Direct-Growth,Aditya Birla Sun Life Pharma and Healthcare Fund,INF209KB1O25,Aditya Birla Sun Life Mutual Fund,Equity Scheme - Sectoral/ Thematic,Open Ended Schemes,ok,1692,2019-07-11,2026-05-26
147445,Mirae Asset Midcap Fund- Direct Growth Option,Mirae Asset Midcap Fund- Direct Growth Option,INF769K01FA9,Mirae Asset Mutual Fund,Equity Scheme - Mid Cap Fund,Open Ended Schemes,ok,1679,2019-07-30,2026-05-26
147446,Mahindra Manulife Aggressive Hybrid Fund - Direct Plan -Growth,Mahindra Manulife Aggressive Hybrid Fund,INF174V01788,Mahindra Manulife Mutual Fund,Hybrid Scheme - Aggressive Hybrid Fund,Open Ended Schemes,ok,1684,2019-07-23,2026-05-26
147473,Kotak Focused Fund- Direct Plan- Growth option,Kotak Focused Fund,INF174KA1EN7,Kotak Mahindra Mutual Fund,Equity Scheme - Focused Fund,Open Ended Schemes,ok,1684,2019-07-23,2026-05-26
147481,Parag Parikh ELSS Tax Saver Fund- Direct Growth,Parag Parikh ELSS Tax Saver Fund- Direct Growth,INF879O01100,PPFAS Mutual Fund,Equity Scheme - ELSS,Open Ended Schemes,ok,1681,2019-07-26,2026-05-26
147492,Union Focused Fund - Direct Plan - Growth Option,Union Focused Fund,INF582M01FS4,Union Mutual Fund,Equity Scheme - Focused Fund,Open Ended Schemes,ok,1669,2019-08-13,2026-05-26
147496,Baroda BNP Paribas Equity Savings Fund - Direct Plan - Growth,Baroda BNP Paribas Equity Savings Fund,INF955L01IL3,Baroda BNP Paribas Mutual Fund,Hybrid Scheme - Equity Savings,Open Ended Schemes,ok,1680,2019-07-30,2026-05-26
147541,ITI ELSS Tax Saver Fund - Direct Plan - Growth Option,ITI ELSS Tax Saver Fund,INF00XX01390,ITI Mutual Fund,Equity Scheme - ELSS,Open Ended Schemes,ok,1622,2019-10-25,2026-05-26
147587,Sundaram Equity Fund Direct Plan - Growth,Sundaram Equity Fund,nan,Sundaram Mutual Fund,Equity Scheme - Multi Cap Fund,Open Ended Schemes,ok,570,2019-09-11,2021-12-31
147617,ITI Arbitrage Fund - Direct Plan - Growth Option,ITI Arbitrage Fund,INF00XX01440,ITI Mutual Fund,Hybrid Scheme - Arbitrage Fund,Open Ended Schemes,ok,1650,2019-09-12,2026-05-26
147662,ICICI Prudential Commodities Fund - Direct Plan - Growth Option,ICICI Prudential Commodities Fund,INF109KC1F91,ICICI Prudential Mutual Fund,Equity Scheme - Sectoral/ Thematic,Open Ended Schemes,ok,1629,2019-10-16,2026-05-26
147689,Nippon India Equity Hybrid Fund - Segregated Portfolio 1 - Direct Plan - Growth Plan,Nippon India Equity Hybrid Fund - Segregated Portfolio 1 - Direct Plan - Growth Plan,INF204KB16F3,Nippon India Mutual Fund,Hybrid Scheme - Aggressive Hybrid Fund,Open Ended Schemes,ok,1354,2019-09-25,2025-03-21
147697,Nippon India Equity Savings Fund - Segregated Portfolio 1 - Direct Plan - Growth Plan - Growth Option,Nippon India Equity Savings Fund - Segregated Portfolio 1 - Direct Plan - Growth Plan,INF204KB11E7,Nippon India Mutual Fund,Hybrid Scheme - Equity Savings,Open Ended Schemes,ok,1354,2019-09-25,2025-03-21
147704,Motilal Oswal Large and Midcap Fund - Direct Plan Growth,Motilal Oswal Large and Midcap Fund - Direct Plan Growth,INF247L01999,Motilal Oswal Mutual Fund,Equity Scheme - Large & Mid Cap Fund,Open Ended Schemes,ok,1626,2019-10-22,2026-05-26
147727,Kotak Pioneer Fund- Direct Plan- Growth Option,Kotak Pioneer Fund,INF174KA1EZ1,Kotak Mahindra Mutual Fund,Equity Scheme - Sectoral/ Thematic,Open Ended Schemes,ok,1612,2019-11-06,2026-05-25
147750,Union Large & Midcap Fund - Direct Plan - Growth Option,Union Large & Midcap Fund,INF582M01GA0,Union Mutual Fund,Equity Scheme - Large & Mid Cap Fund,Open Ended Schemes,ok,1589,2019-12-13,2026-05-26
147757,Tata Focused Fund-Direct Plan-Growth,Tata Focused Fund,INF277K017X9,Tata Mutual Fund,Equity Scheme - Focused Fund,Open Ended Schemes,ok,1595,2019-12-06,2026-05-26
147778,Principal Midcap Fund - Direct Plan- Growth,Principal Midcap Fund,nan,Principal Mutual Fund,Equity Scheme - Mid Cap Fund,Open Ended Schemes,ok,496,2019-12-31,2021-12-30
147789,ITI Balanced Advantage Fund - Direct Plan - Growth Option,ITI Balanced Advantage Fund,INF00XX01689,ITI Mutual Fund,Hybrid Scheme - Dynamic Asset Allocation or Balanced Advantage,Open Ended Schemes,ok,1575,2020-01-03,2026-05-26
147840,Mahindra Manulife Large & Mid Cap Fund - Direct Plan -Growth,Mahindra Manulife Large & Mid Cap Fund,INF174V01945,Mahindra Manulife Mutual Fund,Equity Scheme - Large & Mid Cap Fund,Open Ended Schemes,ok,1578,2020-01-01,2026-05-26
147844,Aditya Birla Sun Life PSU Equity Fund-Direct Plan-Growth,Aditya Birla Sun Life PSU Equity Fund,INF209KB1O82,Aditya Birla Sun Life Mutual Fund,Equity Scheme - Sectoral/ Thematic,Open Ended Schemes,ok,1578,2020-01-01,2026-05-26
147919,ITI Small Cap Fund - Direct Plan - Growth Option,ITI Small Cap Fund,INF00XX01747,ITI Mutual Fund,Equity Scheme - Small Cap Fund,Open Ended Schemes,ok,1542,2020-02-19,2026-05-26
147927,Sundaram Arbitrage Fund Direct Plan - Growth,Sundaram Arbitrage Fund,nan,Sundaram Mutual Fund,Hybrid Scheme - Arbitrage Fund,Open Ended Schemes,ok,471,2020-02-05,2021-12-31
147928,Axis ESG Integration Strategy Fund - Direct Plan - Growth Option,Axis ESG Integration Strategy Fund,INF846K01W23,Axis Mutual Fund,Equity Scheme - Sectoral/ Thematic,Open Ended Schemes,ok,1550,2020-02-18,2026-05-26
147937,Indiabulls Liquid Fund- Direct Plan- Growth -Unclaimed Redemption < 3 Yrs,Indiabulls Liquid Fund- Direct Plan- Growth -Unclaimed Redemption < 3 Yrs,nan,Indiabulls Mutual Fund,Debt Scheme - Liquid Fund,Open Ended Schemes,ok,568,2020-01-20,2021-11-29
147939,Indiabulls Liquid Fund- Direct Plan- Growth- Unclaimed Redemption> 3Yrs,Indiabulls Liquid Fund- Direct Plan- Growth- Unclaimed Redemption> 3Yrs,nan,Indiabulls Mutual Fund,Debt Scheme - Liquid Fund,Open Ended Schemes,ok,568,2020-01-20,2021-11-29
147946,BANDHAN SMALL CAP FUND - DIRECT PLAN GROWTH,BANDHAN SMALL CAP FUND - DIRECT PLAN GROWTH,INF194KB1AL4,Bandhan Mutual Fund,Equity Scheme - Small Cap Fund,Open Ended Schemes,ok,1546,2020-02-26,2026-05-26
148026,Sundaram Balanced Advantage Fund Direct Plan - Growth,Sundaram Balanced Advantage Fund,nan,Sundaram Mutual Fund,Hybrid Scheme - Dynamic Asset Allocation or Balanced Advantage,Open Ended Schemes,ok,449,2020-03-09,2021-12-31
148053,Tata Multi Asset Allocation Fund-Direct Plan-Growth,Tata Multi Asset Allocation Fund,INF277K019Y3,Tata Mutual Fund,Hybrid Scheme - Multi Asset Allocation,Open Ended Schemes,ok,1528,2020-03-12,2026-05-26
148073,Union Midcap Fund - Direct Plan - Growth Option,Union Midcap Fund,INF582M01GI3,Union Mutual Fund,Equity Scheme - Mid Cap Fund,Open Ended Schemes,ok,1516,2020-03-30,2026-05-26
148143,Nippon India Hybrid Bond Fund - Segregated Portfolio 1 - Direct Plan Growth Plan - Growth Option,Nippon India Hybrid Bond Fund - Segregated Portfolio 1 - Direct Plan Growth Plan,nan,Nippon India Mutual Fund,Hybrid Scheme - Conservative Hybrid Fund,Open Ended Schemes,ok,93,2020-02-17,2020-07-10
148265,Nippon India Aggressive  Hybrid Fund - Segregated Portfolio 2 - Direct Plan - Growth Plan,Nippon India Aggressive Hybrid Fund - Segregated Portfolio 2 - Direct Plan - Growth Plan,INF204KB13T1,Nippon India Mutual Fund,Hybrid Scheme - Aggressive Hybrid Fund,Open Ended Schemes,ok,1532,2020-03-06,2026-05-26
148274,Nippon India Equity Savings Fund - Segregated Portfolio 2 - Direct Plan - Growth Plan - Growth Option,Nippon India Equity Savings Fund - Segregated Portfolio 2 - Direct Plan - Growth Plan,INF204KB18R4,Nippon India Mutual Fund,Hybrid Scheme - Equity Savings,Open Ended Schemes,ok,1532,2020-03-06,2026-05-26
148296,Nippon India Conservative Hybrid  Fund - Segregated Portfolio 2 - Direct Plan - Growth Plan - Growth Option,Nippon India Conservative Hybrid Fund - Segregated Portfolio 2 - Direct Plan - Growth Plan,INF204KB14O0,Nippon India Mutual Fund,Hybrid Scheme - Conservative Hybrid Fund,Open Ended Schemes,ok,1503,2020-03-06,2026-05-26
148302,Franklin India Debt Hybrid Fund - Segregated Portfolio 1 (10.25% Yes Bank ltd CO 05Mar20) - Direct Growth Plan,Franklin India Debt Hybrid Fund - Segregated Portfolio 1 (10.25% Yes Bank ltd CO 05Mar20) - Direct Growth Plan,nan,Franklin Templeton Mutual Fund,Hybrid Scheme - Conservative Hybrid Fund,Open Ended Schemes,ok,211,2020-03-06,2021-01-11
148353,ITI Large Cap Fund - Direct Plan - Growth Option,ITI Large Cap Fund,INF00XX01804,ITI Mutual Fund,Equity Scheme - Large Cap Fund,Open Ended Schemes,ok,1330,2020-12-29,2026-05-26
148401,Mirae Asset Arbitrage Fund Direct Growth,Mirae Asset Arbitrage Fund Direct Growth,INF769K01FS1,Mirae Asset Mutual Fund,Hybrid Scheme - Arbitrage Fund,Open Ended Schemes,ok,1463,2020-06-22,2026-05-26
148404,BANK OF INDIA Flexi Cap Fund Direct Plan -Growth,BANK OF INDIA Flexi Cap Fund,INF761K01FF5,Bank of India Mutual Fund,Equity Scheme - Flexi Cap Fund,Open Ended Schemes,ok,1456,2020-07-01,2026-05-26
148411,HSBC Focused Fund - Direct Growth,HSBC Focused Fund - Direct Growth,INF336L01PB2,HSBC Mutual Fund,Equity Scheme - Focused Fund,Open Ended Schemes,ok,1436,2020-07-29,2026-05-26
148413,JM Liquid Fund - Unclaimed Brokerage I.E.F. (Direct) - Growth Plan,JM Liquid Fund - Unclaimed Brokerage I.E.F. (Direct) - Growth Plan,nan,JM Financial Mutual Fund,Debt Scheme - Liquid Fund,Open Ended Schemes,ok,1822,2020-06-30,2026-05-26
148414,JM Liquid Fund - Unclaimed Application Refund Amount I.E.F. (Direct) - Growth Plan,JM Liquid Fund - Unclaimed Application Refund Amount I.E.F. (Direct) - Growth Plan,nan,JM Financial Mutual Fund,Debt Scheme - Liquid Fund,Open Ended Schemes,ok,1822,2020-06-30,2026-05-26
148415,JM Liquid Fund - Withheld Brokerage I.E.F. (Direct) - Growth Plan,JM Liquid Fund - Withheld Brokerage I.E.F. (Direct) - Growth Plan,nan,JM Financial Mutual Fund,Formerly Known as IIFL Mutual Fund,360 ONE Mutual Fund,ok,1437,2020-06-29,2025-03-27
148454,Motilal Oswal Multi Asset Fund - Direct Plan - Growth Option,Motilal Oswal Multi Asset Fund,INF247L01AI8,Motilal Oswal Mutual Fund,Hybrid Scheme - Multi Asset Allocation,Open Ended Schemes,ok,1221,2020-08-10,2025-07-18
148457,Nippon India Multi Asset Allocation Fund - Direct Plan - Growth Option,Nippon India Multi Asset Allocation Fund,INF204KB19V4,Nippon India Mutual Fund,Hybrid Scheme - Multi Asset Allocation,Open Ended Schemes,ok,1411,2020-08-31,2026-05-26
148468,Mahindra Manulife Arbitrage Fund - Direct Plan -Growth,Mahindra Manulife Arbitrage Fund,INF174V01AA0,Mahindra Manulife Mutual Fund,Hybrid Scheme - Arbitrage Fund,Open Ended Schemes,ok,1417,2020-08-25,2026-05-26
148474,Baroda BNP Paribas Large and Mid Cap Fund- Direct Plan -Growth Option,Baroda BNP Paribas Large and Mid Cap Fund,INF955L01JU2,Baroda BNP Paribas Mutual Fund,Equity Scheme - Large & Mid Cap Fund,Open Ended Schemes,ok,1405,2020-09-11,2026-05-26
148481,Invesco India Focused Fund - Direct Plan - Growth,Invesco India Focused Fund,INF205KA1213,Invesco Mutual Fund,Equity Scheme - Focused Fund,Open Ended Schemes,ok,1390,2020-10-01,2026-05-26
148507,Sundaram Large Cap Fund (Formerly Known as Sundaram Blue Chip Fund)Direct Plan - Growth,Sundaram Large Cap Fund (Formerly Known as Sundaram Blue Chip Fund),INF903JA1JC0,Sundaram Mutual Fund,Equity Scheme - Large Cap Fund,Open Ended Schemes,ok,1383,2020-10-12,2026-05-26
148516,ICICI Prudential ESG Exclusionary Strategy Fund - Direct Plan - Growth,ICICI Prudential ESG Exclusionary Strategy Fund,INF109KC1O09,ICICI Prudential Mutual Fund,Equity Scheme - Sectoral/ Thematic,Open Ended Schemes,ok,1383,2020-10-12,2026-05-26
148524,Principal Large Cap Fund - Direct Growth,Principal Large Cap Fund - Direct Growth,nan,Principal Mutual Fund,Equity Scheme - Large Cap Fund,Open Ended Schemes,ok,295,2020-10-20,2021-12-30
148539,Aditya Birla Sun Life Special Opportunities Fund-Direct-Growth,Aditya Birla Sun Life Special Opportunities Fund,INF209KB1T79,Aditya Birla Sun Life Mutual Fund,Equity Scheme - Sectoral/ Thematic,Open Ended Schemes,ok,1373,2020-10-27,2026-05-26
148564,quant ESG Integration Strategy Fund - Growth Option - Direct Plan,quant ESG Integration Strategy Fund,INF966L01AD4,quant Mutual Fund,Equity Scheme - Sectoral/ Thematic,Open Ended Schemes,ok,1365,2020-11-06,2026-05-26
148567,Mahindra Manulife Focused Fund - Direct Plan -Growth,Mahindra Manulife Focused Fund,INF174V01AG7,Mahindra Manulife Mutual Fund,Equity Scheme - Focused Fund,Open Ended Schemes,ok,1357,2020-11-19,2026-05-26
148592,Union Aggressive Hybrid Fund - Direct Plan - Growth Option,Union Aggressive Hybrid Fund,INF582M01GY0,Union Mutual Fund,Hybrid Scheme - Aggressive Hybrid Fund,Open Ended Schemes,ok,1331,2020-12-28,2026-05-26
148595,DSP Value Fund - Direct Plan - Growth,DSP Value Fund,INF740KA1PP3,DSP Mutual Fund,Equity Scheme - Value Fund,Open Ended Schemes,ok,1264,2020-12-11,2026-05-22
148600,ICICI Prudential Quant Fund Direct Plan Growth,ICICI Prudential Quant Fund Direct Plan Growth,INF109KC1O66,ICICI Prudential Mutual Fund,Equity Scheme - Sectoral/ Thematic,Open Ended Schemes,ok,1341,2020-12-14,2026-05-26
148606,Kotak ESG Exclusionary Strategy Fund - Direct Plan - Growth Option,Kotak ESG Exclusionary Strategy Fund,INF174KA1FI4,Kotak Mahindra Mutual Fund,Equity Scheme - Sectoral/ Thematic,Open Ended Schemes,ok,1337,2020-12-18,2026-05-26
148618,UTI Small Cap Fund - Direct Plan - Growth Option,UTI Small Cap Fund,INF789F1AUQ1,UTI Mutual Fund,Equity Scheme - Small Cap Fund,Open Ended Schemes,ok,1334,2020-12-23,2026-05-26
148623,Mirae Asset Banking and Financial Services Fund Direct Growth,Mirae Asset Banking and Financial Services Fund Direct Growth,INF769K01GX9,Mirae Asset Mutual Fund,Equity Scheme - Sectoral/ Thematic,Open Ended Schemes,ok,1341,2020-12-14,2026-05-26
148634,Axis Innovation Fund - Direct Plan - Growth Option,Axis Innovation Fund,INF846K01X71,Axis Mutual Fund,Equity Scheme - Sectoral/ Thematic,Open Ended Schemes,ok,1337,2020-12-28,2026-05-26
148637,Aditya Birla Sun Life ESG Integration Strategy Fund-Direct Plan-Growth,Aditya Birla Sun Life ESG Integration Strategy Fund,INF209KB1U76,Aditya Birla Sun Life Mutual Fund,Equity Scheme - Sectoral/ Thematic,Open Ended Schemes,ok,1331,2020-12-29,2026-05-26
148651,ICICI Prudential Business Cycle Fund Direct Plan Growth,ICICI Prudential Business Cycle Fund Direct Plan Growth,INF109KC1P24,ICICI Prudential Mutual Fund,Equity Scheme - Sectoral/ Thematic,Open Ended Schemes,ok,1315,2021-01-19,2026-05-26
148658,PGIM India Balanced Advantage Fund -  Direct Plan - Growth Option,PGIM India Balanced Advantage Fund,INF663L01V49,PGIM India Mutual Fund,Hybrid Scheme - Dynamic Asset Allocation or Balanced Advantage,Open Ended Schemes,ok,1303,2021-02-08,2026-05-26
148733,ITI Mid Cap Fund - Direct Plan - Growth Option,ITI Mid Cap Fund,INF00XX01929,ITI Mutual Fund,Equity Scheme - Mid Cap Fund,Open Ended Schemes,ok,1280,2021-03-10,2026-05-26
148751,Invesco India ESG Integration Strategy Fund - Direct Plan - Growth,Invesco India ESG Integration Strategy Fund,INF205KA1338,Invesco Mutual Fund,Equity Scheme - Sectoral/ Thematic,Open Ended Schemes,ok,1274,2021-03-22,2026-05-26
148841,TRUSTMF Liquid Fund-Direct Plan-Growth,TRUSTMF Liquid Fund,INF0GCD01255,Trust Mutual Fund,Debt Scheme - Liquid Fund,Open Ended Schemes,ok,1544,2021-04-25,2026-05-26
148883,Canara Robeco Focused Fund - Direct Plan - Growth Option,Canara Robeco Focused Fund,INF760K01JQ6,Canara Robeco Mutual Fund,Equity Scheme - Focused Fund,Open Ended Schemes,ok,1238,2021-05-18,2026-05-26
148921,Aditya Birla Sun Life Multi-Cap Fund-Direct Growth,Aditya Birla Sun Life Multi-Cap Fund-Direct Growth,INF209KB1Y49,Aditya Birla Sun Life Mutual Fund,Equity Scheme - Multi Cap Fund,Open Ended Schemes,ok,1243,2021-05-10,2026-05-26
148925,quant Quantamental Fund - Growth Option - Direct Plan,quant Quantamental Fund,INF966L01AK9,quant Mutual Fund,Equity Scheme - Sectoral/ Thematic,Open Ended Schemes,ok,1248,2021-05-03,2026-05-26
148958,Parag Parikh Conservative Hybrid Fund - Direct Plan - Growth,Parag Parikh Conservative Hybrid Fund,INF879O01175,PPFAS Mutual Fund,Hybrid Scheme - Conservative Hybrid Fund,Open Ended Schemes,ok,1209,2021-05-28,2026-05-26
148972,ITI Value Fund - Direct Plan - Growth Option,ITI Value Fund,INF00XX01AQ6,ITI Mutual Fund,Equity Scheme - Value Fund,Open Ended Schemes,ok,1215,2021-06-17,2026-05-26
148980,BANK OF INDIA Large Cap Fund Direct Plan Growth,BANK OF INDIA Large Cap Fund Direct Plan Growth,INF761K01FL3,Bank of India Mutual Fund,Equity Scheme - Large Cap Fund,Open Ended Schemes,ok,1206,2021-07-01,2026-05-26
148986,HDFC Banking & Financial Services Fund - Growth Option - Direct Plan,HDFC Banking & Financial Services Fund,INF179KC1BG0,HDFC Mutual Fund,Equity Scheme - Sectoral/ Thematic,Open Ended Schemes,ok,1206,2021-07-01,2026-05-26
148990,ICICI Prudential Flexicap Fund - Direct Plan - Growth,ICICI Prudential Flexicap Fund,INF109KC1R14,ICICI Prudential Mutual Fund,Equity Scheme - Flexi Cap Fund,Open Ended Schemes,ok,1194,2021-07-19,2026-05-26
148993,Axis Quant Fund - Direct Plan - Growth,Axis Quant Fund,INF846K01Z87,Axis Mutual Fund,Equity Scheme - Sectoral/ Thematic,Open Ended Schemes,ok,1209,2021-07-07,2026-05-26
149019,PGIM India Small Cap Fund - Direct Plan- Growth Option,PGIM India Small Cap Fund,INF663L01W06,PGIM India Mutual Fund,Equity Scheme - Small Cap Fund,Open Ended Schemes,ok,1185,2021-08-02,2026-05-26
149071,Tata Business Cycle Fund-Direct Plan-Growth,Tata Business Cycle Fund,INF277KA1166,Tata Mutual Fund,Equity Scheme - Sectoral/ Thematic,Open Ended Schemes,ok,1178,2021-08-11,2026-05-26
149085,Canara Robeco Value Fund - Direct Plan - Growth Option,Canara Robeco Value Fund,INF760K01JW4,Canara Robeco Mutual Fund,Equity Scheme - Value Fund,Open Ended Schemes,ok,1161,2021-09-06,2026-05-26
149091,UTI Focused Fund - Direct Plan - Growth Option,UTI Focused Fund,INF789F1AVA3,UTI Mutual Fund,Equity Scheme - Focused Fund,Open Ended Schemes,ok,1168,2021-08-26,2026-05-26
149094,Nippon India Flexi Cap Fund - Direct Plan - Growth Plan - Growth Option,Nippon India Flexi Cap Fund - Direct Plan - Growth Plan,INF204KC1121,Nippon India Mutual Fund,Equity Scheme - Flexi Cap Fund,Open Ended Schemes,ok,1173,2021-08-18,2026-05-26
149104,Mahindra Manulife Flexi Cap Fund - Direct Plan -Growth,Mahindra Manulife Flexi Cap Fund,INF174V01AS2,Mahindra Manulife Mutual Fund,Equity Scheme - Flexi Cap Fund,Open Ended Schemes,ok,1169,2021-08-25,2026-05-26
149134,SBI Balanced Advantage Fund - Direct Plan - Growth,SBI Balanced Advantage Fund,INF200KA1Y73,SBI Mutual Fund,Hybrid Scheme - Dynamic Asset Allocation or Balanced Advantage,Open Ended Schemes,ok,1167,2021-09-07,2026-05-26
149141,Baroda BNP Paribas Business Cycle Fund - Direct Plan - Growth,Baroda BNP Paribas Business Cycle Fund,INF955L01KK1,Baroda BNP Paribas Mutual Fund,Equity Scheme - Sectoral/ Thematic,Open Ended Schemes,ok,1152,2021-09-21,2026-05-26
149154,HSBC Mid Cap Fund - Direct - Growth,HSBC Mid Cap Fund,nan,HSBC Mutual Fund,Equity Scheme - Mid Cap Fund,Open Ended Schemes,ok,286,2021-09-29,2022-11-25
149166,Axis Value Fund - Direct Plan - Growth,Axis Value Fund,INF846K010C0,Axis Mutual Fund,Equity Scheme - Value Fund,Open Ended Schemes,ok,1153,2021-09-28,2026-05-26
149185,Kotak Multicap Fund-Direct Plan-Growth,Kotak Multicap Fund,INF174KA1HV3,Kotak Mahindra Mutual Fund,Equity Scheme - Multi Cap Fund,Open Ended Schemes,ok,1140,2021-10-06,2026-05-26
149261,LIC MF Balanced Advantage Fund-Direct Plan-Growth,LIC MF Balanced Advantage Fund,INF767K01QY0,LIC Mutual Fund,Hybrid Scheme - Dynamic Asset Allocation or Balanced Advantage,Open Ended Schemes,ok,1115,2021-11-15,2026-05-26
149264,NJ Balanced Advantage Fund - Direct Plan - Growth Option,NJ Balanced Advantage Fund,INF0J8L01040,NJ Mutual Fund,Hybrid Scheme - Dynamic Asset Allocation or Balanced Advantage,Open Ended Schemes,ok,1123,2021-11-01,2026-05-26
149268,ITI Pharma and Healthcare Fund - Direct Plan - Growth Option,ITI Pharma and Healthcare Fund,INF00XX01BO9,ITI Mutual Fund,Equity Scheme - Sectoral/ Thematic,Open Ended Schemes,ok,1116,2021-11-11,2026-05-26
149295,Aditya Birla Sun Life Business Cycle Fund-Direct Growth,Aditya Birla Sun Life Business Cycle Fund-Direct Growth,INF209KB14D2,Aditya Birla Sun Life Mutual Fund,Equity Scheme - Sectoral/ Thematic,Open Ended Schemes,ok,1099,2021-12-08,2026-05-26
149303,BANDHAN MULTI CAP FUND - GROWTH - DIRECT PLAN,BANDHAN MULTI CAP FUND,INF194KB1CL0,Bandhan Mutual Fund,Equity Scheme - Multi Cap Fund,Open Ended Schemes,ok,1110,2021-12-03,2026-05-26
149318,360 ONE QUANT FUND DIRECT GROWTH,360 ONE QUANT FUND DIRECT GROWTH,INF579M01AI2,360 ONE Mutual Fund,Equity Scheme - Sectoral/ Thematic,Open Ended Schemes,ok,1105,2021-11-30,2026-05-26
149321,ITI Banking and Financial Services Fund - Direct Plan - Growth Option,ITI Banking and Financial Services Fund,INF00XX01BU6,ITI Mutual Fund,Equity Scheme - Sectoral/ Thematic,Open Ended Schemes,ok,1098,2021-12-08,2026-05-26
149329,Nippon India Taiwan Equity Fund- Direct Plan- Growth Option,Nippon India Taiwan Equity Fund,INF204KC1303,Nippon India Mutual Fund,Equity Scheme - Sectoral/ Thematic,Open Ended Schemes,ok,1033,2021-12-14,2026-05-26
149335,Quant Value Fund - Growth Option  - Direct Plan,Quant Value Fund,INF966L01AN3,quant Mutual Fund,Equity Scheme - Value Fund,Open Ended Schemes,ok,1104,2021-12-01,2026-05-26
149368,HDFC Multi Cap Fund - Growth Option - Direct Plan,HDFC Multi Cap Fund,INF179KC1BS5,HDFC Mutual Fund,Equity Scheme - Multi Cap Fund,Open Ended Schemes,ok,1097,2021-12-10,2026-05-26
149383,Axis Multicap Fund - Direct Growth,Axis Multicap Fund - Direct Growth,INF846K013E0,Axis Mutual Fund,Equity Scheme - Multi Cap Fund,Open Ended Schemes,ok,1095,2021-12-23,2026-05-26
149406,Mahindra Manulife Balanced Advantage Fund - Direct Plan - Growth,Mahindra Manulife Balanced Advantage Fund,INF174V01BE0,Mahindra Manulife Mutual Fund,Hybrid Scheme - Dynamic Asset Allocation or Balanced Advantage,Open Ended Schemes,ok,1081,2022-01-03,2026-05-26
149450,Samco Flexi Cap Fund - Direct Plan - Growth Option,Samco Flexi Cap Fund,INF0K1H01024,Samco Mutual Fund,Equity Scheme - Flexi Cap Fund,Open Ended Schemes,ok,1053,2022-02-09,2026-05-26
149533,Sundaram Focused Fund (Formerly Known as Principal Focused Multicap Fund)- Direct Plan - Growth Option,Sundaram Focused Fund (Formerly Known as Principal Focused Multicap Fund),INF173K01EK6,Sundaram Mutual Fund,Equity Scheme - Focused Fund,Open Ended Schemes,ok,1081,2022-01-03,2026-05-26
149550,Sundaram Arbitrage Fund (Formerly Known as Prinicpal Arbitrage Fund) - Direct Plan - Growth,Sundaram Arbitrage Fund (Formerly Known as Prinicpal Arbitrage Fund),INF173K01NF7,Sundaram Mutual Fund,Hybrid Scheme - Arbitrage Fund,Open Ended Schemes,ok,1081,2022-01-03,2026-05-26
149570,Sundaram ELSS Tax Saver Fund Direct Plan Growth,Sundaram ELSS Tax Saver Fund Direct Plan Growth,INF173K01HZ7,Sundaram Mutual Fund,Equity Scheme - ELSS,Open Ended Schemes,ok,1081,2022-01-03,2026-05-26
149601,Sundaram Aggressive Hybrid Fund (Formerly Known as Principal Hybrid Equity Fund)- Direct Plan - Growth Option,Sundaram Aggressive Hybrid Fund (Formerly Known as Principal Hybrid Equity Fund),INF173K01FE6,Sundaram Mutual Fund,Hybrid Scheme - Aggressive Hybrid Fund,Open Ended Schemes,ok,1081,2022-01-03,2026-05-26
149664,Sundaram Liquid Fund (Formerly Known as Principal Cash Management Fund) - Direct Plan - Growth Option,Sundaram Liquid Fund (Formerly Known as Principal Cash Management Fund),INF173K01GU0,Sundaram Mutual Fund,Debt Scheme - Liquid Fund,Open Ended Schemes,ok,1397,2022-01-01,2026-05-26
149669,Sundaram Multi Cap Fund (Formerly Known as Principal Multi Cap Growth Fund)-Direct Plan - Growth Option,Sundaram Multi Cap Fund (Formerly Known as Principal Multi Cap Growth Fund),INF173K01FQ0,Sundaram Mutual Fund,Equity Scheme - Multi Cap Fund,Open Ended Schemes,ok,1081,2022-01-03,2026-05-26
149679,Sundaram Equity Savings Fund (Formerly Known as Principal Equity Savings Fund) - Direct Plan - Growth Option,Sundaram Equity Savings Fund (Formerly Known as Principal Equity Savings Fund),INF173K01GZ9,Sundaram Mutual Fund,Hybrid Scheme - Equity Savings,Open Ended Schemes,ok,1081,2022-01-03,2026-05-26
149717,Sundaram Balanced Advantage Fund ( Formerly Known as Principal Balanced Advantage Fund) - Direct Plan - Growth Option,Sundaram Balanced Advantage Fund ( Formerly Known as Principal Balanced Advantage Fund),INF173K01FI7,Sundaram Mutual Fund,Hybrid Scheme - Dynamic Asset Allocation or Balanced Advantage,Open Ended Schemes,ok,1081,2022-01-03,2026-05-26
149763,Invesco India Flexi Cap Fund - Direct Plan - Growth,Invesco India Flexi Cap Fund,INF205KA1494,Invesco Mutual Fund,Equity Scheme - Flexi Cap Fund,Open Ended Schemes,ok,1050,2022-02-16,2026-05-26
149841,Kotak Manufacture in India Fund - Direct Plan Growth,Kotak Manufacture in India Fund - Direct Plan Growth,INF174KA1IF4,Kotak Mahindra Mutual Fund,Equity Scheme - Sectoral/ Thematic,Open Ended Schemes,ok,1041,2022-03-02,2026-05-26
149882,SBI Multicap Fund- Direct Plan- Growth option,SBI Multicap Fund,INF200KA18E2,SBI Mutual Fund,Equity Scheme - Multi Cap Fund,Open Ended Schemes,ok,1040,2022-03-15,2026-05-26
150159,BARODA BNP PARIBAS ELSS Tax Saver Fund - Direct Plan - Growth Option,BARODA BNP PARIBAS ELSS Tax Saver Fund,INF251K01HF3,Baroda BNP Paribas Mutual Fund,Equity Scheme - ELSS,Open Ended Schemes,ok,1033,2022-03-14,2026-05-26
150187,BARODA BNP PARIBAS LARGE CAP Fund - Direct Plan - Growth Option,BARODA BNP PARIBAS LARGE CAP Fund,INF251K01HN7,Baroda BNP Paribas Mutual Fund,Equity Scheme - Large Cap Fund,Open Ended Schemes,ok,1033,2022-03-14,2026-05-26
150206,BARODA BNP PARIBAS Conservative Hybrid Fund - Direct Plan - Growth Option,BARODA BNP PARIBAS Conservative Hybrid Fund,INF251K01HR8,Baroda BNP Paribas Mutual Fund,Hybrid Scheme - Conservative Hybrid Fund,Open Ended Schemes,ok,1015,2022-03-14,2026-05-26
150212,BARODA BNP PARIBAS Mid Cap Fund - Direct Plan - Growth Option,BARODA BNP PARIBAS Mid Cap Fund,INF251K01HQ0,Baroda BNP Paribas Mutual Fund,Equity Scheme - Mid Cap Fund,Open Ended Schemes,ok,1033,2022-03-14,2026-05-26
150251,BARODA BNP PARIBAS ARBITRAGE FUND-DIRECT PLAN-GROWTH OPTION,BARODA BNP PARIBAS ARBITRAGE FUND,INF251K01OT0,Baroda BNP Paribas Mutual Fund,Hybrid Scheme - Arbitrage Fund,Open Ended Schemes,ok,1033,2022-03-14,2026-05-26
150260,Baroda BNP Paribas Aggressive Hybrid Fund- DIRECT PLAN - GROWTH OPTION,Baroda BNP Paribas Aggressive Hybrid Fund,INF251K01OZ7,Baroda BNP Paribas Mutual Fund,Hybrid Scheme - Aggressive Hybrid Fund,Open Ended Schemes,ok,1033,2022-03-14,2026-05-26
150264,BARODA BNP PARIBAS Focused Fund - Direct Plan - Growth Option,BARODA BNP PARIBAS Focused Fund,INF251K01PN0,Baroda BNP Paribas Mutual Fund,Equity Scheme - Focused Fund,Open Ended Schemes,ok,1033,2022-03-14,2026-05-26
150266,BARODA BNP PARIBAS India Consumption Fund - Direct Plan - Growth Option,BARODA BNP PARIBAS India Consumption Fund,INF251K01PT7,Baroda BNP Paribas Mutual Fund,Equity Scheme - Sectoral/ Thematic,Open Ended Schemes,ok,1033,2022-03-14,2026-05-26
150310,ICICI PRUDENTIAL HOUSING OPPORTUNITIES FUND - Direct Plan Growth,ICICI PRUDENTIAL HOUSING OPPORTUNITIES FUND - Direct Plan Growth,INF109KC10C2,ICICI Prudential Mutual Fund,Equity Scheme - Sectoral/ Thematic,Open Ended Schemes,ok,1010,2022-04-19,2026-05-26
150346,WhiteOak Capital Flexi Cap Fund Direct Plan-Growth,WhiteOak Capital Flexi Cap Fund,INF03VN01530,WhiteOak Capital Mutual Fund,Equity Scheme - Flexi Cap Fund,Open Ended Schemes,ok,935,2022-08-03,2026-05-26
150367,NJ Arbitrage Fund - Direct Plan - Growth Option,NJ Arbitrage Fund,INF0J8L01065,NJ Mutual Fund,Hybrid Scheme - Arbitrage Fund,Open Ended Schemes,ok,936,2022-08-02,2026-05-26
150376,Edelweiss Focused Fund - Direct Plan - Growth,Edelweiss Focused Fund,INF754K01OP1,Edelweiss Mutual Fund,Equity Scheme - Focused Fund,Open Ended Schemes,ok,936,2022-08-03,2026-05-26
150387,Baroda BNP Paribas Flexi Cap Fund - Direct Plan - Growth Option,Baroda BNP Paribas Flexi Cap Fund,INF251K01QZ2,Baroda BNP Paribas Mutual Fund,Equity Scheme - Flexi Cap Fund,Open Ended Schemes,ok,924,2022-08-22,2026-05-26
150404,BANDHAN MIDCAP FUND - GROWTH - DIRECT PLAN,BANDHAN MIDCAP FUND,INF194KB1DJ2,Bandhan Mutual Fund,Equity Scheme - Mid Cap Fund,Open Ended Schemes,ok,933,2022-08-19,2026-05-26
150440,quant Large Cap Fund - Growth Option - Direct Plan,quant Large Cap Fund,INF966L01AT0,quant Mutual Fund,Equity Scheme - Large Cap Fund,Open Ended Schemes,ok,929,2022-08-12,2026-05-26
150470,Mirae Asset Balanced Advantage Fund Direct Plan- Growth,Mirae Asset Balanced Advantage Fund,INF769K01IN6,Mirae Asset Mutual Fund,Hybrid Scheme - Dynamic Asset Allocation or Balanced Advantage,Open Ended Schemes,ok,929,2022-08-12,2026-05-26
150481,Franklin India Balanced Advantage Fund- Growth- Direct,Franklin India Balanced Advantage Fund- Growth- Direct,INF090I01WQ5,Franklin Templeton Mutual Fund,Hybrid Scheme - Dynamic Asset Allocation or Balanced Advantage,Open Ended Schemes,ok,913,2022-09-06,2026-05-26
150532,Tata Housing Opportunities Fund - Direct Plan - Growth,Tata Housing Opportunities Fund,INF277KA1497,Tata Mutual Fund,Equity Scheme - Sectoral/ Thematic,Open Ended Schemes,ok,911,2022-09-09,2026-05-26
150539,ICICI Prudential PSU Equity Fund - Direct Plan - Growth,ICICI Prudential PSU Equity Fund,INF109KC12I5,ICICI Prudential Mutual Fund,Equity Scheme - Sectoral/ Thematic,Open Ended Schemes,ok,909,2022-09-13,2026-05-26
150571,Sundaram Flexicap Fund Direct Growth,Sundaram Flexicap Fund Direct Growth,INF903JA1LE2,Sundaram Mutual Fund,Equity Scheme - Flexi Cap Fund,Open Ended Schemes,ok,913,2022-09-07,2026-05-26
150584,WhiteOak Capital Mid Cap Fund Direct Plan Growth,WhiteOak Capital Mid Cap Fund Direct Plan Growth,INF03VN01597,WhiteOak Capital Mutual Fund,Equity Scheme - Mid Cap Fund,Open Ended Schemes,ok,912,2022-09-08,2026-05-26
150587,WhiteOak Capital ELSS Tax Saver Fund Direct Plan Growth,WhiteOak Capital ELSS Tax Saver Fund Direct Plan Growth,INF03VN01621,WhiteOak Capital Mutual Fund,Equity Scheme - ELSS,Open Ended Schemes,ok,886,2022-10-17,2026-05-26
150624,Kotak Business Cycle - Direct Plan - Growth,Kotak Business Cycle,INF174KA1JN6,Kotak Mahindra Mutual Fund,Equity Scheme - Sectoral/ Thematic,Open Ended Schemes,ok,893,2022-10-06,2026-05-26
150659,LIC MF Multi Cap Fund-Direct Plan-Growth,LIC MF Multi Cap Fund,INF767K01RK7,LIC Mutual Fund,Equity Scheme - Multi Cap Fund,Open Ended Schemes,ok,876,2022-11-02,2026-05-26
150685,ICICI PRUDENTIAL TRANSPORTATION AND LOGISTICS FUND - Direct Plan - Growth,ICICI PRUDENTIAL TRANSPORTATION AND LOGISTICS FUND,INF109KC12K1,ICICI Prudential Mutual Fund,Equity Scheme - Sectoral/ Thematic,Open Ended Schemes,ok,878,2022-10-31,2026-05-26
150716,BANDHAN TRANSPORTATION AND LOGISTICS FUND - GROWTH - DIRECT PLAN,BANDHAN TRANSPORTATION AND LOGISTICS FUND,INF194KB1EB7,Bandhan Mutual Fund,Equity Scheme - Sectoral/ Thematic,Open Ended Schemes,ok,888,2022-10-27,2026-05-26
150797,WhiteOak Capital Large Cap Fund Direct Plan Growth,WhiteOak Capital Large Cap Fund Direct Plan Growth,INF03VN01696,WhiteOak Capital Mutual Fund,Equity Scheme - Large Cap Fund,Open Ended Schemes,ok,855,2022-12-02,2026-05-26
150805,HDFC Business Cycle Fund - Growth Option - Direct Plan,HDFC Business Cycle Fund,INF179KC1DY9,HDFC Mutual Fund,Equity Scheme - Sectoral/ Thematic,Open Ended Schemes,ok,857,2022-11-30,2026-05-26
150815,JM Midcap Fund (Direct) - Growth,JM Midcap Fund,INF192K01MV6,JM Financial Mutual Fund,Equity Scheme - Mid Cap Fund,Open Ended Schemes,ok,860,2022-11-25,2026-05-26
150817,Canara Robeco Mid Cap Fund- Direct Plan- Growth Option,Canara Robeco Mid Cap Fund,INF760K01KI1,Canara Robeco Mutual Fund,Equity Scheme - Mid Cap Fund,Open Ended Schemes,ok,853,2022-12-06,2026-05-26
150838,Samco ELSS Tax Saver Fund - Direct Plan - Growth Option,Samco ELSS Tax Saver Fund,INF0K1H01065,Samco Mutual Fund,Equity Scheme - ELSS,Open Ended Schemes,ok,836,2022-12-29,2026-05-26
150858,Union Multicap Fund - Direct Plan - Growth Option,Union Multicap Fund,INF582M01IO7,Union Mutual Fund,Equity Scheme - Multi Cap Fund,Open Ended Schemes,ok,839,2022-12-26,2026-05-26
150865,Baroda BNP Paribas Multi Asset Fund - Direct Plan - Growth Option,Baroda BNP Paribas Multi Asset Fund,INF251K01RF2,Baroda BNP Paribas Mutual Fund,Hybrid Scheme - Multi Asset Allocation,Open Ended Schemes,ok,839,2022-12-26,2026-05-26
150915,Mahindra Manulife Small Cap Fund - Direct Plan - Growth,Mahindra Manulife Small Cap Fund,INF174V01BK7,Mahindra Manulife Mutual Fund,Equity Scheme - Small Cap Fund,Open Ended Schemes,ok,847,2022-12-14,2026-05-26
151036,HSBC Midcap Fund - Direct Growth,HSBC Midcap Fund - Direct Growth,INF917K01FZ1,HSBC Mutual Fund,Equity Scheme - Mid Cap Fund,Open Ended Schemes,ok,859,2022-11-28,2026-05-26
151040,HSBC Infrastructure Fund - Direct Growth,HSBC Infrastructure Fund - Direct Growth,INF917K01FW8,HSBC Mutual Fund,Equity Scheme - Sectoral/ Thematic,Open Ended Schemes,ok,859,2022-11-28,2026-05-26
151060,HSBC Equity Savings Fund - Direct Growth,HSBC Equity Savings Fund - Direct Growth,INF917K01GE4,HSBC Mutual Fund,Hybrid Scheme - Equity Savings,Open Ended Schemes,ok,859,2022-11-28,2026-05-26
151078,HSBC ELSS Tax saver Fund - Direct Growth,HSBC ELSS Tax saver Fund - Direct Growth,INF917K01GP0,HSBC Mutual Fund,Equity Scheme - ELSS,Open Ended Schemes,ok,859,2022-11-28,2026-05-26
151113,HSBC Value Fund - Direct Growth,HSBC Value Fund - Direct Growth,INF917K01HD4,HSBC Mutual Fund,Equity Scheme - Value Fund,Open Ended Schemes,ok,859,2022-11-28,2026-05-26
151122,HSBC Aggressive Hybrid Fund - Direct Growth,HSBC Aggressive Hybrid Fund - Direct Growth,INF917K01LE4,HSBC Mutual Fund,Hybrid Scheme - Aggressive Hybrid Fund,Open Ended Schemes,ok,859,2022-11-28,2026-05-26
151129,HSBC Balanced Advantage Fund - Direct Growth,HSBC Balanced Advantage Fund - Direct Growth,INF917K01IN1,HSBC Mutual Fund,Hybrid Scheme - Dynamic Asset Allocation or Balanced Advantage,Open Ended Schemes,ok,859,2022-11-28,2026-05-26
151130,HSBC Small Cap Fund - Direct Growth,HSBC Small Cap Fund - Direct Growth,INF917K01QA1,HSBC Mutual Fund,Equity Scheme - Small Cap Fund,Open Ended Schemes,ok,859,2022-11-28,2026-05-26
151138,HSBC Arbitrage Fund - Direct Growth,HSBC Arbitrage Fund - Direct Growth,INF917K01QR5,HSBC Mutual Fund,Hybrid Scheme - Arbitrage Fund,Open Ended Schemes,ok,859,2022-11-28,2026-05-26
151142,HSBC Business Cycles Fund - Direct Growth,HSBC Business Cycles Fund - Direct Growth,INF917K01RI2,HSBC Mutual Fund,Equity Scheme - Sectoral/ Thematic,Open Ended Schemes,ok,859,2022-11-28,2026-05-26
151165,360 ONE ELSS Tax Saver Nifty 50 Index Fund - Direct Plan - Growth,360 ONE ELSS Tax Saver Nifty 50 Index Fund,INF579M01AN2,360 ONE Mutual Fund,Equity Scheme - ELSS,Open Ended Schemes,ok,834,2023-01-02,2026-05-26
151232,Tata Multicap Fund - Direct Plan - Growth,Tata Multicap Fund,INF277KA1679,Tata Mutual Fund,Equity Scheme - Multi Cap Fund,Open Ended Schemes,ok,807,2023-02-09,2026-05-26
151267,WhiteOak Capital Balanced Advantage Fund Direct Plan Growth,WhiteOak Capital Balanced Advantage Fund Direct Plan Growth,INF03VN01738,WhiteOak Capital Mutual Fund,Hybrid Scheme - Dynamic Asset Allocation or Balanced Advantage,Open Ended Schemes,ok,805,2023-02-13,2026-05-26
151290,HSBC Multi Cap Fund - Direct - Growth,HSBC Multi Cap Fund,INF336L01QN5,HSBC Mutual Fund,Equity Scheme - Multi Cap Fund,Open Ended Schemes,ok,811,2023-02-03,2026-05-26
151307,Aditya Birla Sun Life Multi Asset Allocation Fund-Direct Growth,Aditya Birla Sun Life Multi Asset Allocation Fund-Direct Growth,INF209KB15R9,Aditya Birla Sun Life Mutual Fund,Hybrid Scheme - Multi Asset Allocation,Open Ended Schemes,ok,812,2023-02-02,2026-05-26
151368,Axis Business Cycles Fund - Direct Plan - Growth,Axis Business Cycles Fund,INF846K016N4,Axis Mutual Fund,Equity Scheme - Sectoral/ Thematic,Open Ended Schemes,ok,802,2023-02-27,2026-05-26
151379,ITI Flexi Cap Fund- Direct Plan- Growth,ITI Flexi Cap Fund,INF00XX01CO7,ITI Mutual Fund,Equity Scheme - Flexi Cap Fund,Open Ended Schemes,ok,797,2023-02-22,2026-05-26
151384,Kotak Banking & Financial Services Fund - Direct Plan - Growth,Kotak Banking & Financial Services Fund,INF174KA1MD1,Kotak Mahindra Mutual Fund,Equity Scheme - Sectoral/ Thematic,Open Ended Schemes,ok,790,2023-03-06,2026-05-26
151412,Mirae Asset Flexi Cap Fund - Direct Plan - Growth,Mirae Asset Flexi Cap Fund,INF769K01JJ2,Mirae Asset Mutual Fund,Equity Scheme - Flexi Cap Fund,Open Ended Schemes,ok,795,2023-02-27,2026-05-26
151443,Bank of India Multi Cap Fund Direct Plan - Growth,Bank of India Multi Cap Fund,INF761K01FR0,Bank of India Mutual Fund,Equity Scheme - Multi Cap Fund,Open Ended Schemes,ok,790,2023-03-06,2026-05-26
151458,HDFC MNC Fund - Growth Option - Direct Plan,HDFC MNC Fund,INF179KC1FC0,HDFC Mutual Fund,Equity Scheme - Sectoral/ Thematic,Open Ended Schemes,ok,788,2023-03-09,2026-05-26
151471,NAVI ELSS TAX SAVER NIFTY 50 INDEX FUND - DIRECT PLAN GROWTH,NAVI ELSS TAX SAVER NIFTY 50 INDEX FUND - DIRECT PLAN GROWTH,INF959L01GR6,Navi Mutual Fund,Equity Scheme - ELSS,Open Ended Schemes,ok,781,2023-03-21,2026-05-26
151580,ICICI Prudential Innovation Fund - Direct Plan - Growth,ICICI Prudential Innovation Fund,INF109KC12T2,ICICI Prudential Mutual Fund,Equity Scheme - Sectoral/ Thematic,Open Ended Schemes,ok,754,2023-05-02,2026-05-26
151611,NJ ELSS Tax Saver Scheme Direct Growth,NJ ELSS Tax Saver Scheme Direct Growth,INF0J8L01115,NJ Mutual Fund,Equity Scheme - ELSS,Open Ended Schemes,ok,721,2023-06-19,2026-05-26
151713,quant Dynamic Asset Allocation Fund - Growth Option - Direct Plan,quant Dynamic Asset Allocation Fund,INF966L01BL5,quant Mutual Fund,Hybrid Scheme - Dynamic Asset Allocation or Balanced Advantage,Open Ended Schemes,ok,766,2023-04-13,2026-05-26
151745,WhiteOak Capital Multi Asset Allocation Fund Direct Plan Growth,WhiteOak Capital Multi Asset Allocation Fund Direct Plan Growth,INF03VN01761,WhiteOak Capital Mutual Fund,Hybrid Scheme - Multi Asset Allocation,Open Ended Schemes,ok,728,2023-05-22,2026-05-26
151750,HDFC Defence Fund - Growth Option - Direct Plan,HDFC Defence Fund,INF179KC1GI5,HDFC Mutual Fund,Equity Scheme - Sectoral/ Thematic,Open Ended Schemes,ok,732,2023-06-02,2026-05-26
151753,Samco Active Momentum Fund - Direct Plan - Growth Option,Samco Active Momentum Fund,INF0K1H01081,Samco Mutual Fund,Equity Scheme - Sectoral/ Thematic,Open Ended Schemes,ok,705,2023-07-12,2026-05-26
151755,Baroda BNP Paribas Value Fund - Direct Plan - Growth option,Baroda BNP Paribas Value Fund,INF251K01SD5,Baroda BNP Paribas Mutual Fund,Equity Scheme - Value Fund,Open Ended Schemes,ok,727,2023-06-09,2026-05-26
151757,quant Business Cycle Fund - Growth Option - Direct Plan,quant Business Cycle Fund,INF966L01BR2,quant Mutual Fund,Equity Scheme - Sectoral/ Thematic,Open Ended Schemes,ok,734,2023-05-31,2026-05-26
151777,ITI Focused Fund - Direct Plan - Growth,ITI Focused Fund,INF00XX01CS8,ITI Mutual Fund,Equity Scheme - Focused Fund,Open Ended Schemes,ok,718,2023-06-21,2026-05-26
151791,quant BFSI Fund - Growth Option - Direct Plan,quant BFSI Fund,INF966L01BX0,quant Mutual Fund,Equity Scheme - Sectoral/ Thematic,Open Ended Schemes,ok,719,2023-06-21,2026-05-26
151792,Edelweiss Multi Asset Allocation Fund - Direct Plan - Growth,Edelweiss Multi Asset Allocation Fund,INF754K01RS8,Edelweiss Mutual Fund,Hybrid Scheme - Multi Asset Allocation,Open Ended Schemes,ok,704,2023-06-26,2026-05-26
151796,360 ONE FLEXICAP FUND-DIRECT PLAN- GROWTH,360 ONE FLEXICAP FUND,INF579M01AS1,360 ONE Mutual Fund,Equity Scheme - Flexi Cap Fund,Open Ended Schemes,ok,709,2023-07-06,2026-05-26
151804,HDFC Consumption Fund - Growth Option - Direct Plan,HDFC Consumption Fund,INF179KC1GO3,HDFC Mutual Fund,Equity Scheme - Sectoral/ Thematic,Open Ended Schemes,ok,705,2023-07-12,2026-05-26
151810,Mirae Asset Multicap Fund - Direct Plan - Growth,Mirae Asset Multicap Fund,INF769K01KK8,Mirae Asset Mutual Fund,Equity Scheme - Multi Cap Fund,Open Ended Schemes,ok,677,2023-08-22,2026-05-26
151816,BANDHAN FINANCIAL SERVICES FUND - DIRECT PLAN - GROWTH,BANDHAN FINANCIAL SERVICES FUND,INF194KB1GB2,Bandhan Mutual Fund,Equity Scheme - Sectoral/ Thematic,Open Ended Schemes,ok,700,2023-07-31,2026-05-26
151824,Canara Robeco Multi Cap Fund - Direct Plan - Growth Option,Canara Robeco Multi Cap Fund,INF760K01KO9,Canara Robeco Mutual Fund,Equity Scheme - Multi Cap Fund,Open Ended Schemes,ok,690,2023-08-02,2026-05-26
151833,Bajaj Finserv Liquid Fund - Direct Plan - Growth,Bajaj Finserv Liquid Fund,INF0QA701011,Bajaj Finserv Mutual Fund,Debt Scheme - Liquid Fund,Open Ended Schemes,ok,869,2023-07-05,2026-05-26
151853,quant Healthcare Fund - Growth Option - Direct Plan,quant Healthcare Fund,INF966L01CD0,quant Mutual Fund,Equity Scheme - Sectoral/ Thematic,Open Ended Schemes,ok,701,2023-07-18,2026-05-26
151881,Kotak Quant Fund - Direct Plan - Growth Option,Kotak Quant Fund,INF174KA1OL0,Kotak Mahindra Mutual Fund,Equity Scheme - Sectoral/ Thematic,Open Ended Schemes,ok,686,2023-08-08,2026-05-26
151885,UTI Balanced Advantage Fund - Direct Plan - Growth Option,UTI Balanced Advantage Fund,INF789F1AYV3,UTI Mutual Fund,Hybrid Scheme - Dynamic Asset Allocation or Balanced Advantage,Open Ended Schemes,ok,680,2023-08-17,2026-05-26
151895,Bajaj Finserv Flexi Cap Fund-Direct Plan-Growth,Bajaj Finserv Flexi Cap Fund,INF0QA701342,Bajaj Finserv Mutual Fund,Equity Scheme - Flexi Cap Fund,Open Ended Schemes,ok,681,2023-08-16,2026-05-26
151901,HDFC Transportation and Logistics Fund - Growth Option - Direct Plan,HDFC Transportation and Logistics Fund,INF179KC1GU0,HDFC Mutual Fund,Equity Scheme - Sectoral/ Thematic,Open Ended Schemes,ok,680,2023-08-17,2026-05-26
151905,Union Innovation & Opportunities Fund - Direct Plan - Growth Option,Union Innovation & Opportunities Fund,INF582M01JE6,Union Mutual Fund,Equity Scheme - Sectoral/ Thematic,Open Ended Schemes,ok,661,2023-09-13,2026-05-26
151916,quant Manufacturing Fund - Growth Option - Direct Plan,quant Manufacturing Fund,INF966L01CJ7,quant Mutual Fund,Equity Scheme - Sectoral/ Thematic,Open Ended Schemes,ok,681,2023-08-16,2026-05-26
151917,NJ Flexi Cap Fund - Direct Plan - Growth Option,NJ Flexi Cap Fund,INF0J8L01156,NJ Mutual Fund,Equity Scheme - Flexi Cap Fund,Open Ended Schemes,ok,666,2023-09-06,2026-05-26
151952,LIC MF Equity Savings Fund-Direct Plan-Growth,LIC MF Equity Savings Fund,INF397L01AZ5,LIC Mutual Fund,Hybrid Scheme - Equity Savings,Open Ended Schemes,ok,692,2023-07-31,2026-05-26
152002,LIC MF Mid Cap Fund-Direct Plan-Growth,LIC MF Mid Cap Fund,INF397L01JK8,LIC Mutual Fund,Equity Scheme - Mid Cap Fund,Open Ended Schemes,ok,692,2023-07-31,2026-05-26
152004,LIC MF Small Cap Fund-Direct Plan-Growth,LIC MF Small Cap Fund,INF397L01JS1,LIC Mutual Fund,Equity Scheme - Small Cap Fund,Open Ended Schemes,ok,692,2023-07-31,2026-05-26
152010,LIC MF Focused Fund-Direct Plan-Growth,LIC MF Focused Fund,INF397L01KA7,LIC Mutual Fund,Equity Scheme - Focused Fund,Open Ended Schemes,ok,692,2023-07-31,2026-05-26
152018,LIC MF Value Fund-Direct Plan-Growth,LIC MF Value Fund,INF397L01KU5,LIC Mutual Fund,Equity Scheme - Value Fund,Open Ended Schemes,ok,692,2023-07-31,2026-05-26
152024,LIC MF Healthcare Fund-Direct Plan-Growth,LIC MF Healthcare Fund,INF397L01LK4,LIC Mutual Fund,Equity Scheme - Sectoral/ Thematic,Open Ended Schemes,ok,692,2023-07-31,2026-05-26
152032,HSBC Consumption Fund - Direct Growth,HSBC Consumption Fund - Direct Growth,INF336L01QZ9,HSBC Mutual Fund,Equity Scheme - Sectoral/ Thematic,Open Ended Schemes,ok,668,2023-09-04,2026-05-26
152033,Nippon India Innovation Fund-Direct Plan-Growth Option,Nippon India Innovation Fund,INF204KC1BO3,Nippon India Mutual Fund,Equity Scheme - Sectoral/ Thematic,Open Ended Schemes,ok,669,2023-09-01,2026-05-26
152045,Mahindra Manulife Business Cycle Fund - Direct Plan - Growth,Mahindra Manulife Business Cycle Fund,INF174V01BQ4,Mahindra Manulife Mutual Fund,Equity Scheme - Sectoral/ Thematic,Open Ended Schemes,ok,661,2023-09-13,2026-05-26
152051,Shriram Multi Asset Allocation Fund - Direct Growth,Shriram Multi Asset Allocation Fund - Direct Growth,INF680P01406,Shriram Mutual Fund,Hybrid Scheme - Multi Asset Allocation,Open Ended Schemes,ok,659,2023-09-15,2026-05-26
152056,DSP Multi Asset Allocation Fund - Direct - Growth,DSP Multi Asset Allocation Fund,INF740KA1TE9,DSP Mutual Fund,Hybrid Scheme - Multi Asset Allocation,Open Ended Schemes,ok,605,2023-09-29,2026-05-26
152059,HDFC Technology Fund - Growth Option - Direct Plan,HDFC Technology Fund,INF179KC1HI3,HDFC Mutual Fund,Equity Scheme - Sectoral/ Thematic,Open Ended Schemes,ok,664,2023-09-08,2026-05-26
152064,Kotak Multi Asset Allocation Fund - Direct Plan - Growth Option,Kotak Multi Asset Allocation Fund,INF174KA1PD4,Kotak Mahindra Mutual Fund,Hybrid Scheme - Multi Asset Allocation,Open Ended Schemes,ok,650,2023-10-03,2026-05-26
152067,quant Teck Fund - Growth Option - Direct Plan,quant Teck Fund,INF966L01CT6,quant Mutual Fund,Equity Scheme - Sectoral/ Thematic,Open Ended Schemes,ok,662,2023-09-12,2026-05-26
152071,WhiteOak Capital Multi Cap Fund Direct Plan Growth,WhiteOak Capital Multi Cap Fund Direct Plan Growth,INF03VN01803,WhiteOak Capital Mutual Fund,Equity Scheme - Multi Cap Fund,Open Ended Schemes,ok,654,2023-09-25,2026-05-26
152076,360 ONE Balanced Hybrid Fund- Direct Plan - Growth,360 ONE Balanced Hybrid Fund,INF579M01AY9,360 ONE Mutual Fund,Hybrid Scheme - Balanced Hybrid Fund,Open Ended Schemes,ok,638,2023-10-03,2026-05-26
152077,Bajaj Finserv Arbitrage Fund-Direct Plan-Growth,Bajaj Finserv Arbitrage Fund,INF0QA701524,Bajaj Finserv Mutual Fund,Hybrid Scheme - Arbitrage Fund,Open Ended Schemes,ok,658,2023-09-18,2026-05-26
152082,HDFC Pharma and Healthcare Fund - Growth Option - Direct Plan,HDFC Pharma and Healthcare Fund,INF179KC1HO1,HDFC Mutual Fund,Equity Scheme - Sectoral/ Thematic,Open Ended Schemes,ok,649,2023-10-04,2026-05-26
152087,UTI Innovation Fund - Direct Plan - Growth Option,UTI Innovation Fund,INF789F1AZA4,UTI Mutual Fund,Equity Scheme - Sectoral/ Thematic,Open Ended Schemes,ok,639,2023-10-18,2026-05-26
152094,Edelweiss Multi Cap Fund - Direct Plan - Growth,Edelweiss Multi Cap Fund,INF754K01SD8,Edelweiss Mutual Fund,Equity Scheme - Multi Cap Fund,Open Ended Schemes,ok,633,2023-10-30,2026-05-26
152107,QUANTUM SMALL CAP FUND - DIRECT PLAN GROWTH OPTION,QUANTUM SMALL CAP FUND,INF082J01432,Quantum Mutual Fund,Equity Scheme - Small Cap Fund,Open Ended Schemes,ok,625,2023-11-03,2026-05-26
152109,Parag Parikh Arbitrage Fund - Direct Plan Growth,Parag Parikh Arbitrage Fund - Direct Plan Growth,INF879O01225,PPFAS Mutual Fund,Hybrid Scheme - Arbitrage Fund,Open Ended Schemes,ok,628,2023-11-03,2026-05-26
152128,Baroda BNP Paribas Small Cap Fund - Direct Plan - Growth option,Baroda BNP Paribas Small Cap Fund,INF251K01SR5,Baroda BNP Paribas Mutual Fund,Equity Scheme - Small Cap Fund,Open Ended Schemes,ok,630,2023-11-01,2026-05-26
152132,WhiteOak Capital Balanced Hybrid Fund Direct Plan Growth,WhiteOak Capital Balanced Hybrid Fund Direct Plan Growth,INF03VN01829,WhiteOak Capital Mutual Fund,Hybrid Scheme - Balanced Hybrid Fund,Open Ended Schemes,ok,620,2023-10-30,2026-05-26
152135,Helios Flexi Cap Fund - Direct Plan - Growth Option,Helios Flexi Cap Fund,INF0R8701046,Helios Mutual Fund,Equity Scheme - Flexi Cap Fund,Open Ended Schemes,ok,622,2023-11-15,2026-05-26
152158,Aditya Birla Sun Life Transportation and Logistics Fund-Direct Growth,Aditya Birla Sun Life Transportation and Logistics Fund-Direct Growth,INF209KB15X7,Aditya Birla Sun Life Mutual Fund,Equity Scheme - Sectoral/ Thematic,Open Ended Schemes,ok,617,2023-11-21,2026-05-26
152169,Kotak Consumption Fund - Direct plan - Growth Option,Kotak Consumption Fund,INF174KA1PP8,Kotak Mahindra Mutual Fund,Equity Scheme - Sectoral/ Thematic,Open Ended Schemes,ok,616,2023-11-22,2026-05-26
152188,Samco Dynamic Asset Allocation Fund - Direct Plan - Growth Option,Samco Dynamic Asset Allocation Fund,INF0K1H01131,Samco Mutual Fund,Hybrid Scheme - Dynamic Asset Allocation or Balanced Advantage,Open Ended Schemes,ok,587,2024-01-04,2026-05-26
152189,quant Momentum Fund - Growth Option - Direct Plan,quant Momentum Fund,INF966L01CZ3,quant Mutual Fund,Equity Scheme - Sectoral/ Thematic,Open Ended Schemes,ok,617,2023-11-21,2026-05-26
152194,Bajaj Finserv Balanced Advantage Fund-Direct Plan-Growth,Bajaj Finserv Balanced Advantage Fund,INF0QA701656,Bajaj Finserv Mutual Fund,Hybrid Scheme - Dynamic Asset Allocation or Balanced Advantage,Open Ended Schemes,ok,599,2023-12-18,2026-05-26
152202,Axis India Manufacturing Fund - Direct Plan - Growth,Axis India Manufacturing Fund,INF846K016S3,Axis Mutual Fund,Equity Scheme - Sectoral/ Thematic,Open Ended Schemes,ok,600,2023-12-27,2026-05-26
152206,DSP Banking & Financial Services Fund - Direct - Growth,DSP Banking & Financial Services Fund,INF740KA1TQ3,DSP Mutual Fund,Equity Scheme - Sectoral/ Thematic,Open Ended Schemes,ok,604,2023-12-11,2026-05-26
152214,Kotak Healthcare Fund - Direct Plan - Growth Option,Kotak Healthcare Fund,INF174KA1PZ7,Kotak Mahindra Mutual Fund,Equity Scheme - Sectoral/ Thematic,Open Ended Schemes,ok,599,2023-12-18,2026-05-26
152226,Whiteoak Capital Large & Mid Cap Fund Direct Plan Growth,Whiteoak Capital Large & Mid Cap Fund Direct Plan Growth,INF03VN01845,WhiteOak Capital Mutual Fund,Equity Scheme - Large & Mid Cap Fund,Open Ended Schemes,ok,594,2023-12-26,2026-05-26
152237,Motilal Oswal Small Cap Fund - Direct - Growth,Motilal Oswal Small Cap Fund,INF247L01BY3,Motilal Oswal Mutual Fund,Equity Scheme - Small Cap Fund,Open Ended Schemes,ok,591,2023-12-29,2026-05-26
152254,Groww Banking & Financial Services Fund - Direct Plan - Growth,Groww Banking & Financial Services Fund,INF666M01HS1,Groww Mutual Fund,Equity Scheme - Sectoral/ Thematic,Open Ended Schemes,ok,565,2024-02-07,2026-05-26
152255,quant Commodities Fund - Growth Option - Direct Plan,quant Commodities Fund,INF966L01DF3,quant Mutual Fund,Equity Scheme - Sectoral/ Thematic,Open Ended Schemes,ok,592,2023-12-28,2026-05-26
152310,DSP Multicap Fund - Direct - Growth,DSP Multicap Fund,INF740KA1UC1,DSP Mutual Fund,Equity Scheme - Multi Cap Fund,Open Ended Schemes,ok,570,2024-01-31,2026-05-26
152314,Sundaram Multi Asset Allocation Fund Direct Plan Growth,Sundaram Multi Asset Allocation Fund Direct Plan Growth,INF903JA1LK9,Sundaram Mutual Fund,Hybrid Scheme - Multi Asset Allocation,Open Ended Schemes,ok,572,2024-01-29,2026-05-26
152321,WhiteOak Capital Banking & Financial Services Fund - Direct Growth,WhiteOak Capital Banking & Financial Services Fund - Direct Growth,INF03VN01860,WhiteOak Capital Mutual Fund,Equity Scheme - Sectoral/ Thematic,Open Ended Schemes,ok,565,2024-02-07,2026-05-26
152324,Bandhan Multi Asset Allocation Fund - Direct Plan - Growth,Bandhan Multi Asset Allocation Fund,INF194KB1HM7,Bandhan Mutual Fund,Hybrid Scheme - Multi Asset Allocation,Open Ended Schemes,ok,577,2024-02-01,2026-05-26
152336,quant Consumption Fund - Growth Option - Direct Plan,quant Consumption Fund,INF966L01DN7,quant Mutual Fund,Equity Scheme - Sectoral/ Thematic,Open Ended Schemes,ok,573,2024-01-25,2026-05-26
152344,Mirae Asset Multi Asset Allocation Fund - Direct Plan - Growth,Mirae Asset Multi Asset Allocation Fund,INF769K01KZ6,Mirae Asset Mutual Fund,Hybrid Scheme - Multi Asset Allocation,Open Ended Schemes,ok,569,2024-02-01,2026-05-26
152349,WhiteOak Capital Pharma and Heathcare Fund Direct Plan Growth,WhiteOak Capital Pharma and Heathcare Fund Direct Plan Growth,INF03VN01886,WhiteOak Capital Mutual Fund,Equity Scheme - Sectoral/ Thematic,Open Ended Schemes,ok,565,2024-02-07,2026-05-26
152354,Motilal Oswal Large Cap Direct Plan Growth,Motilal Oswal Large Cap Direct Plan Growth,INF247L01CE3,Motilal Oswal Mutual Fund,Equity Scheme - Large Cap Fund,Open Ended Schemes,ok,562,2024-02-12,2026-05-26
152358,Old Bridge Focused Fund - Direct Growth,Old Bridge Focused Fund - Direct Growth,INF0S5R01042,Old Bridge Mutual Fund,Equity Scheme - Focused Fund,Open Ended Schemes,ok,574,2024-01-25,2026-05-26
152380,HSBC Multi Asset Allocation Fund - Direct - Growth,HSBC Multi Asset Allocation Fund,INF336L01RI3,HSBC Mutual Fund,Hybrid Scheme - Multi Asset Allocation,Open Ended Schemes,ok,548,2024-03-01,2026-05-26
152382,PGIM India Large and Midcap Fund - Direct Plan - Growth Option,PGIM India Large and Midcap Fund,INF663L01Y12,PGIM India Mutual Fund,Equity Scheme - Large & Mid Cap Fund,Open Ended Schemes,ok,558,2024-02-16,2026-05-26
152396,Bank of India Multi Asset Allocation Fund-Direct Plan-Growth,Bank of India Multi Asset Allocation Fund,INF761K01FZ3,Bank of India Mutual Fund,Hybrid Scheme - Multi Asset Allocation,Open Ended Schemes,ok,537,2024-03-01,2026-05-26
152408,Bajaj Finserv Large and Mid Cap Fund- Direct Plan- Growth,Bajaj Finserv Large and Mid Cap Fund,INF0QA701763,Bajaj Finserv Mutual Fund,Equity Scheme - Large & Mid Cap Fund,Open Ended Schemes,ok,549,2024-02-29,2026-05-26
152409,Union Business Cycle Fund - Direct Plan - Growth Option,Union Business Cycle Fund,INF582M01JQ0,Union Mutual Fund,Equity Scheme - Sectoral/ Thematic,Open Ended Schemes,ok,542,2024-03-12,2026-05-26
152415,quant PSU Fund - Growth Option - Direct Plan,quant PSU Fund,INF966L01DT4,quant Mutual Fund,Equity Scheme - Sectoral/ Thematic,Open Ended Schemes,ok,555,2024-02-21,2026-05-26
152417,SBI Energy Opportunities Fund - Direct Plan - Growth,SBI Energy Opportunities Fund,INF200KB1126,SBI Mutual Fund,Equity Scheme - Sectoral/ Thematic,Open Ended Schemes,ok,556,2024-03-01,2026-05-26
152437,Edelweiss Technology Fund - Direct Plan - Growth,Edelweiss Technology Fund,INF754K01SK3,Edelweiss Mutual Fund,Equity Scheme - Sectoral/ Thematic,Open Ended Schemes,ok,543,2024-03-07,2026-05-26
152443,Mahindra Manulife Multi Asset Allocation Fund- Direct Plan - Growth,Mahindra Manulife Multi Asset Allocation Fund,INF174V01BW2,Mahindra Manulife Mutual Fund,Hybrid Scheme - Multi Asset Allocation,Open Ended Schemes,ok,539,2024-03-15,2026-05-26
152450,Canara Robeco Manufacturing Fund - Direct Plan - Growth Option,Canara Robeco Manufacturing Fund,INF760K01KZ5,Canara Robeco Mutual Fund,Equity Scheme - Sectoral/ Thematic,Open Ended Schemes,ok,539,2024-03-15,2026-05-26
152462,Kotak Technology Fund - Direct Plan - Growth Option,Kotak Technology Fund,INF174KA1QZ5,Kotak Mahindra Mutual Fund,Equity Scheme - Sectoral/ Thematic,Open Ended Schemes,ok,544,2024-03-07,2026-05-26
152468,Parag Parikh Dynamic Asset Allocation Fund - Direct Plan Growth,Parag Parikh Dynamic Asset Allocation Fund - Direct Plan Growth,INF879O01266,PPFAS Mutual Fund,Hybrid Scheme - Dynamic Asset Allocation or Balanced Advantage,Open Ended Schemes,ok,541,2024-02-28,2026-05-26
152470,Baroda BNP Paribas Innovation Fund Direct plan - Growth Option,Baroda BNP Paribas Innovation Fund,INF251K01TE1,Baroda BNP Paribas Mutual Fund,Equity Scheme - Sectoral/ Thematic,Open Ended Schemes,ok,544,2024-03-07,2026-05-26
152474,Quantum Multi Asset Allocation Fund - Direct Plan Growth Option,Quantum Multi Asset Allocation Fund,INF082J01457,Quantum Mutual Fund,Hybrid Scheme - Multi Asset Allocation,Open Ended Schemes,ok,543,2024-03-07,2026-05-26
152509,Helios Balanced Advantage Fund- Direct Plan- Growth Option,Helios Balanced Advantage Fund,INF0R8701145,Helios Mutual Fund,Hybrid Scheme - Dynamic Asset Allocation or Balanced Advantage,Open Ended Schemes,ok,531,2024-03-28,2026-05-26
152537,PGIM India Retirement Fund - Direct Plan - Growth Option,PGIM India Retirement Fund,INF663L01Y61,PGIM India Mutual Fund,Solution Oriented Scheme - Retirement Fund,Open Ended Schemes,ok,519,2024-04-19,2026-05-29
152584,TRUSTMF Flexi Cap Fund-Direct Plan- Growth,TRUSTMF Flexi Cap Fund,INF0GCD01743,Trust Mutual Fund,Equity Scheme - Flexi Cap Fund,Open Ended Schemes,ok,512,2024-04-29,2026-05-26
152586,Samco Special Opportunities Fund - Direct Plan - Growth,Samco Special Opportunities Fund,INF0K1H01180,Samco Mutual Fund,Equity Scheme - Sectoral/ Thematic,Open Ended Schemes,ok,480,2024-06-13,2026-05-26
152600,HDFC Manufacturing fund - Growth Option - Direct Plan,HDFC Manufacturing fund,INF179KC1II1,HDFC Mutual Fund,Equity Scheme - Sectoral/ Thematic,Open Ended Schemes,ok,499,2024-05-16,2026-05-26
152607,Bandhan Innovation Fund - Direct Plan - Growth,Bandhan Innovation Fund,INF194KB1IE2,Bandhan Mutual Fund,Equity Scheme - Sectoral/ Thematic,Open Ended Schemes,ok,517,2024-05-02,2026-05-26
152614,JM Small Cap Fund (Direct) - Growth Option,JM Small Cap Fund,INF192K01NH3,JM Financial Mutual Fund,Equity Scheme - Small Cap Fund,Open Ended Schemes,ok,474,2024-06-24,2026-05-26
152639,Bajaj Finserv Multi Asset Allocation Fund - Direct Growth,Bajaj Finserv Multi Asset Allocation Fund - Direct Growth,INF0QA701821,Bajaj Finserv Mutual Fund,Hybrid Scheme - Multi Asset Allocation,Open Ended Schemes,ok,485,2024-06-06,2026-05-26
152644,WhiteOak Capital Special Opportunities Fund - Direct Growth,WhiteOak Capital Special Opportunities Fund - Direct Growth,INF03VN01902,WhiteOak Capital Mutual Fund,Equity Scheme - Sectoral/ Thematic,Open Ended Schemes,ok,486,2024-06-05,2026-05-26
152651,Motilal Oswal Multi Cap Fund-Direct Plan Growth,Motilal Oswal Multi Cap Fund - Direct Plan Growth,INF247L01CL8,Motilal Oswal Mutual Fund,Equity Scheme - Multi Cap Fund,Open Ended Schemes,ok,475,2024-06-21,2026-05-26
152657,SBI Automotive Opportunities Fund - Direct Plan - Growth,SBI Automotive Opportunities Fund,INF200KB1183,SBI Mutual Fund,Equity Scheme - Sectoral/ Thematic,Open Ended Schemes,ok,489,2024-06-12,2026-05-26
152672,Mahindra Manulife Manufacturing Fund - Direct Plan - Growth,Mahindra Manulife Manufacturing Fund,INF174V01CC2,Mahindra Manulife Mutual Fund,Equity Scheme - Sectoral/ Thematic,Open Ended Schemes,ok,472,2024-06-26,2026-05-26
152677,Sundaram Business Cycle Fund Direct Plan Growth,Sundaram Business Cycle Fund Direct Plan Growth,INF903JA1LQ6,Sundaram Mutual Fund,Equity Scheme - Sectoral/ Thematic,Open Ended Schemes,ok,472,2024-06-26,2026-05-26
152679,Helios Financial Services Fund - Direct Plan - Growth Option,Helios Financial Services Fund,INF0R8701202,Helios Mutual Fund,Equity Scheme - Sectoral/ Thematic,Open Ended Schemes,ok,473,2024-06-25,2026-05-26
152684,Aditya Birla Sun Life Quant Fund - Direct Growth,Aditya Birla Sun Life Quant Fund - Direct Growth,INF209KC1118,Aditya Birla Sun Life Mutual Fund,Equity Scheme - Sectoral/ Thematic,Open Ended Schemes,ok,469,2024-07-01,2026-05-26
152688,Canara Robeco Balanced Advantage Fund - Direct Plan - Growth Option,Canara Robeco Balanced Advantage Fund,INF760K01LD0,Canara Robeco Mutual Fund,Hybrid Scheme - Dynamic Asset Allocation or Balanced Advantage,Open Ended Schemes,ok,444,2024-08-06,2026-05-26
152694,Motilal Oswal Quant Fund - Direct - Growth,Motilal Oswal Quant Fund,INF247L01CS3,Motilal Oswal Mutual Fund,Equity Scheme - Sectoral/ Thematic,Open Ended Schemes,ok,483,2024-06-10,2026-05-26
152697,Baroda BNP Paribas Manufacturing Fund - Direct Plan - Growth Option,Baroda BNP Paribas Manufacturing Fund,INF251K01TP7,Baroda BNP Paribas Mutual Fund,Equity Scheme - Sectoral/ Thematic,Open Ended Schemes,ok,467,2024-07-03,2026-05-26
152702,Kotak Special Opportunities Fund - Direct Plan - Growth Option,Kotak Special Opportunities Fund,INF174KA1SF3,Kotak Mahindra Mutual Fund,Equity Scheme - Sectoral/ Thematic,Open Ended Schemes,ok,465,2024-07-05,2026-05-26
152710,Edelweiss Business Cycle Fund - Direct Plan - Growth,Edelweiss Business Cycle Fund,INF754K01TA2,Edelweiss Mutual Fund,Equity Scheme - Sectoral/ Thematic,Open Ended Schemes,ok,448,2024-07-31,2026-05-26
152728,ICICI PRUDENTIAL ENERGY OPPORTUNITIES FUND - Direct Plan - Growth,ICICI PRUDENTIAL ENERGY OPPORTUNITIES FUND,INF109KC12W6,ICICI Prudential Mutual Fund,Equity Scheme - Sectoral/ Thematic,Open Ended Schemes,ok,454,2024-07-23,2026-05-26
152739,Franklin India Multi Cap Fund - Direct - Growth,Franklin India Multi Cap Fund,INF090I01XA7,Franklin Templeton Mutual Fund,Equity Scheme - Multi Cap Fund,Open Ended Schemes,ok,449,2024-07-29,2026-05-26
152756,Invesco India Manufacturing Fund - Direct Plan - Growth,Invesco India Manufacturing Fund,INF205KA1908,Invesco Mutual Fund,Equity Scheme - Sectoral/ Thematic,Open Ended Schemes,ok,436,2024-08-19,2026-05-26
152760,Motilal Oswal Manufacturing Fund - Direct Plan- Growth,Motilal Oswal Manufacturing Fund,INF247L01DA9,Motilal Oswal Mutual Fund,Equity Scheme - Sectoral/ Thematic,Open Ended Schemes,ok,438,2024-08-14,2026-05-26
152776,SBI Innovative Opportunities Fund - Direct Plan - Growth,SBI Innovative Opportunities Fund,INF200KB1324,SBI Mutual Fund,Equity Scheme - Sectoral/ Thematic,Open Ended Schemes,ok,437,2024-08-27,2026-05-26
152783,BAJAJ FINSERV LARGE CAP FUND - DIRECT PLAN - GROWTH,BAJAJ FINSERV LARGE CAP FUND,INF0QA701896,Bajaj Finserv Mutual Fund,Equity Scheme - Large Cap Fund,Open Ended Schemes,ok,432,2024-08-23,2026-05-26
152787,Union Multi Asset Allocation Fund- Direct Plan - Growth Option,Union Multi Asset Allocation Fund,INF582M01JY4,Union Mutual Fund,Hybrid Scheme - Multi Asset Allocation,Open Ended Schemes,ok,417,2024-09-13,2026-05-26
152789,Bank of India Business Cycle Fund - Direct Plan - Growth,Bank of India Business Cycle Fund,INF761K01GF3,Bank of India Mutual Fund,Equity Scheme - Sectoral/ Thematic,Open Ended Schemes,ok,426,2024-09-02,2026-05-26
152796,Motilal Oswal Business Cycle Fund - Direct Plan- Growth,Motilal Oswal Business Cycle Fund,INF247L01DG6,Motilal Oswal Mutual Fund,Equity Scheme - Sectoral/ Thematic,Open Ended Schemes,ok,426,2024-09-02,2026-05-26
152805,Axis Consumption Fund Direct Plan - Growth,Axis Consumption Fund,INF846K013X0,Axis Mutual Fund,Equity Scheme - Sectoral/ Thematic,Open Ended Schemes,ok,420,2024-09-18,2026-05-26
152815,PGIM India Multi Cap Fund - Direct Plan - Growth Option,PGIM India Multi Cap Fund,INF663L01Z03,PGIM India Mutual Fund,Equity Scheme - Multi Cap Fund,Open Ended Schemes,ok,417,2024-09-13,2026-05-26
152821,ITI Large & Midcap Fund - Direct Plan - Growth,ITI Large & Midcap Fund,INF00XX01DA4,ITI Mutual Fund,Equity Scheme - Large & Mid Cap Fund,Open Ended Schemes,ok,417,2024-09-13,2026-05-26
152829,HSBC India Export Opportunities Fund - Direct Growth,HSBC India Export Opportunities Fund - Direct Growth,INF336L01RO1,HSBC Mutual Fund,Equity Scheme - Sectoral/ Thematic,Open Ended Schemes,ok,406,2024-09-30,2026-05-26
152847,Samco Multi Cap Fund - Direct Plan - Growth,Samco Multi Cap Fund,INF0K1H01198,Samco Mutual Fund,Equity Scheme - Multi Cap Fund,Open Ended Schemes,ok,381,2024-11-06,2026-05-26
152849,WhiteOak Capital Arbitrage Fund Direct Plan Growth,WhiteOak Capital Arbitrage Fund Direct Plan Growth,INF03VN01910,WhiteOak Capital Mutual Fund,Hybrid Scheme - Arbitrage Fund,Open Ended Schemes,ok,420,2024-09-10,2026-05-26
152863,Invesco India Technology Fund - Direct Plan - Growth,Invesco India Technology Fund,INF205KA1965,Invesco Mutual Fund,Equity Scheme - Sectoral/ Thematic,Open Ended Schemes,ok,409,2024-09-25,2026-05-26
152878,Bandhan Business Cycle Fund - Direct Plan - Growth,Bandhan Business Cycle Fund,INF194KB1IQ6,Bandhan Mutual Fund,Equity Scheme - Sectoral/ Thematic,Open Ended Schemes,ok,411,2024-10-01,2026-05-26
152910,Kotak MNC Fund-Direct Plan-Growth,Kotak MNC Fund,INF174KA1TG9,Kotak Mahindra Mutual Fund,Equity Scheme - Sectoral/ Thematic,Open Ended Schemes,ok,384,2024-10-31,2026-05-26
152915,WhiteOak Capital Digital Bharat Fund Direct Plan Growth,WhiteOak Capital Digital Bharat Fund Direct Plan Growth,INF03VN01936,WhiteOak Capital Mutual Fund,Equity Scheme - Sectoral/ Thematic,Open Ended Schemes,ok,397,2024-10-14,2026-05-26
152920,LIC MF Manufacturing Fund-Direct Plan-Growth,LIC MF Manufacturing Fund,INF767K01RR2,LIC Mutual Fund,Equity Scheme - Sectoral/ Thematic,Open Ended Schemes,ok,395,2024-10-16,2026-05-26
152939,TRUSTMF SMALL CAP FUND -DIRECT PLAN-GROWTH,TRUSTMF SMALL CAP FUND,INF0GCD01800,Trust Mutual Fund,Equity Scheme - Small Cap Fund,Open Ended Schemes,ok,383,2024-11-05,2026-05-26
152941,Helios Large & Mid Cap Fund - Direct Plan - Growth Option,Helios Large & Mid Cap Fund,INF0R8701269,Helios Mutual Fund,Equity Scheme - Large & Mid Cap Fund,Open Ended Schemes,ok,383,2024-11-04,2026-05-26
152962,WhiteOak Capital ESG Best-In-Class Strategy Fund Direct Plan Growth,WhiteOak Capital ESG Best-In-Class Strategy Fund Direct Plan Growth,INF03VN01951,WhiteOak Capital Mutual Fund,Equity Scheme - Sectoral/ Thematic,Open Ended Schemes,ok,384,2024-10-31,2026-05-26
152964,Motilal Oswal Digital India Fund - Direct Plan - Growth,Motilal Oswal Digital India Fund,INF247L01DN2,Motilal Oswal Mutual Fund,Equity Scheme - Sectoral/ Thematic,Open Ended Schemes,ok,379,2024-11-08,2026-05-26
153034,Groww Multicap Fund - Direct - Growth,Groww Multicap Fund,INF666M01JD9,Groww Mutual Fund,Equity Scheme - Multi Cap Fund,Open Ended Schemes,ok,353,2024-12-18,2026-05-26
153035,Shriram Liquid Fund - Direct Plan Growth Option,Shriram Liquid Fund,INF680P01430,Shriram Mutual Fund,Debt Scheme - Liquid Fund,Open Ended Schemes,ok,486,2024-11-20,2026-05-26
153039,PGIM India Healthcare Fund - Direct Plan - Growth Option,PGIM India Healthcare Fund,INF663L01Z45,PGIM India Mutual Fund,Equity Scheme - Sectoral/ Thematic,Open Ended Schemes,ok,358,2024-12-11,2026-05-26
153043,Franklin India Arbitrage Fund - Direct - Growth,Franklin India Arbitrage Fund,INF090I01XS9,Franklin Templeton Mutual Fund,Hybrid Scheme - Arbitrage Fund,Open Ended Schemes,ok,373,2024-11-19,2026-05-26
153047,Invesco India Multi Asset Allocation Fund - Direct Plan - Growth,Invesco India Multi Asset Allocation Fund,INF205KA1AC1,Invesco Mutual Fund,Hybrid Scheme - Multi Asset Allocation,Open Ended Schemes,ok,352,2024-12-19,2026-05-26
153055,Tata India Innovation Fund- Direct Growth,Tata India Innovation Fund- Direct Growth,INF277KA1CU2,Tata Mutual Fund,Equity Scheme - Sectoral/ Thematic,Open Ended Schemes,ok,362,2024-12-05,2026-05-26
153070,ICICI Prudential Equity Minimum Variance Fund - Direct Plan - Growth,ICICI Prudential Equity Minimum Variance Fund,INF109KC10Y6,ICICI Prudential Mutual Fund,Equity Scheme - Sectoral/ Thematic,Open Ended Schemes,ok,360,2024-12-09,2026-05-26
153075,BAJAJ FINSERV CONSUMPTION FUND - DIRECT - GROWTH,BAJAJ FINSERV CONSUMPTION FUND,INF0QA701946,Bajaj Finserv Mutual Fund,Equity Scheme - Sectoral/ Thematic,Open Ended Schemes,ok,364,2024-12-03,2026-05-26
153076,Shriram Multi Sector Rotation Fund - Direct Plan Growth Option,Shriram Multi Sector Rotation Fund,INF680P01455,Shriram Mutual Fund,Equity Scheme - Sectoral/ Thematic,Open Ended Schemes,ok,356,2024-12-13,2026-05-26
153083,Axis Momentum Fund - Direct Plan - Growth Option,Axis Momentum Fund,INF846K011Z9,Axis Mutual Fund,Equity Scheme - Sectoral/ Thematic,Open Ended Schemes,ok,358,2024-12-18,2026-05-26
153090,Samco Arbitrage Fund - Direct Plan - Growth,Samco Arbitrage Fund,INF0K1H01214,Samco Mutual Fund,Hybrid Scheme - Arbitrage Fund,Open Ended Schemes,ok,366,2024-11-29,2026-05-26
153092,Samco Multi Asset Allocation Fund - Direct Plan - Growth,Samco Multi Asset Allocation Fund,INF0K1H01230,Samco Mutual Fund,Hybrid Scheme - Multi Asset Allocation,Open Ended Schemes,ok,345,2024-12-31,2026-05-26
153094,Quantum Ethical Fund - Direct Plan Growth Option,Quantum Ethical Fund,INF082J01473,Quantum Mutual Fund,Equity Scheme - Sectoral/ Thematic,Open Ended Schemes,ok,350,2024-12-20,2026-05-26
153109,Union Active Momentum Fund - Direct Plan - Growth Option,Union Active Momentum Fund,INF582M01KG9,Union Mutual Fund,Equity Scheme - Sectoral/ Thematic,Open Ended Schemes,ok,350,2024-12-23,2026-05-26
153118,Kotak Transportation & Logistics Fund-Direct Growth,Kotak Transportation & Logistics Fund-Direct Growth,INF174KA1TS4,Kotak Mahindra Mutual Fund,Equity Scheme - Sectoral/ Thematic,Open Ended Schemes,ok,350,2024-12-23,2026-05-26
153121,DSP Business Cycle Fund - Direct - Growth,DSP Business Cycle Fund,INF740KA1UX7,DSP Mutual Fund,Equity Scheme - Sectoral/ Thematic,Open Ended Schemes,ok,353,2024-12-18,2026-05-26
153124,Aditya Birla Sun Life Conglomerate Fund-Direct Growth,Aditya Birla Sun Life Conglomerate Fund-Direct Growth,INF209KC1373,Aditya Birla Sun Life Mutual Fund,Equity Scheme - Sectoral/ Thematic,Open Ended Schemes,ok,346,2024-12-30,2026-05-26
153139,Bank of India Consumption Fund - Direct - Growth,Bank of India Consumption Fund,INF761K01GI7,Bank of India Mutual Fund,Equity Scheme - Sectoral/ Thematic,Open Ended Schemes,ok,350,2024-12-23,2026-05-26
153154,SBI Quant Fund- Direct Plan- Growth,SBI Quant Fund,INF200KB1506,SBI Mutual Fund,Equity Scheme - Sectoral/ Thematic,Open Ended Schemes,ok,350,2024-12-31,2026-05-26
153157,BAJAJ FINSERV HEALTHCARE FUND - DIRECT - GROWTH,BAJAJ FINSERV HEALTHCARE FUND,INF0QA701AB9,Bajaj Finserv Mutual Fund,Equity Scheme - Sectoral/ Thematic,Open Ended Schemes,ok,346,2024-12-30,2026-05-26
153184,ICICI Prudential Rural Opportunities Fund - Direct Plan - Growth,ICICI Prudential Rural Opportunities Fund,INF109KC12Z9,ICICI Prudential Mutual Fund,Equity Scheme - Sectoral/ Thematic,Open Ended Schemes,ok,324,2025-01-29,2026-05-26
153187,Motilal Oswal Arbitrage Fund-Direct Plan-Growth,Motilal Oswal Arbitrage Fund,INF247L01ED1,Motilal Oswal Mutual Fund,Hybrid Scheme - Arbitrage Fund,Open Ended Schemes,ok,347,2024-12-27,2026-05-26
153189,WhiteOak Capital Quality Equity Fund Direct Plan Growth,WhiteOak Capital Quality Equity Fund Direct Plan Growth,INF03VN01977,WhiteOak Capital Mutual Fund,Equity Scheme - Sectoral/ Thematic,Open Ended Schemes,ok,323,2025-01-30,2026-05-26
153196,Mirae Asset Small Cap Fund - Direct Plan - Growth,Mirae Asset Small Cap Fund,INF769K01NJ4,Mirae Asset Mutual Fund,Equity Scheme - Small Cap Fund,Open Ended Schemes,ok,321,2025-02-03,2026-05-26
153201,BAJAJ FINSERV ELSS TAX SAVER FUND - DIRECT - GROWTH,BAJAJ FINSERV ELSS TAX SAVER FUND,INF0QA701AK0,Bajaj Finserv Mutual Fund,Equity Scheme - ELSS,Open Ended Schemes,ok,321,2025-02-03,2026-05-26
153204,UTI Quant Fund - Direct Plan - Growth Option,UTI Quant Fund,INF789F1AA98,UTI Mutual Fund,Equity Scheme - Sectoral/ Thematic,Open Ended Schemes,ok,327,2025-01-24,2026-05-26
153214,Edelweiss Consumption Fund - Direct - Growth,Edelweiss Consumption Fund,INF754K01TY2,Edelweiss Mutual Fund,Equity Scheme - Sectoral/ Thematic,Open Ended Schemes,ok,306,2025-02-24,2026-05-26
153225,Baroda BNP Paribas Energy Opportunities Fund - Direct Plan - Growth Option,Baroda BNP Paribas Energy Opportunities Fund,INF251K01UJ8,Baroda BNP Paribas Mutual Fund,Equity Scheme - Sectoral/ Thematic,Open Ended Schemes,ok,314,2025-02-12,2026-05-26
153239,Samco Large Cap Fund - Direct Plan - Growth Option,Samco Large Cap Fund,INF0K1H01255,Samco Mutual Fund,Equity Scheme - Large Cap Fund,Open Ended Schemes,ok,284,2025-03-28,2026-05-26
153246,LIC MF Multi Asset Allocation Fund-Direct Plan-Growth,LIC MF Multi Asset Allocation Fund,INF767K01RZ5,LIC Mutual Fund,Hybrid Scheme - Multi Asset Allocation,Open Ended Schemes,ok,310,2025-02-18,2026-05-26
153258,Motilal Oswal Innovation Opportunities Fund - Direct Plan- Growth,Motilal Oswal Innovation Opportunities Fund,INF247L01EJ8,Motilal Oswal Mutual Fund,Equity Scheme - Sectoral/ Thematic,Open Ended Schemes,ok,306,2025-02-24,2026-05-26
153260,ITI Bharat Consumption Fund - Direct Plan - Growth,ITI Bharat Consumption Fund,INF00XX01DG1,ITI Mutual Fund,Equity Scheme - Sectoral/ Thematic,Open Ended Schemes,ok,300,2025-03-05,2026-05-26
153266,HSBC Financial Services Fund - Direct Growth,HSBC Financial Services Fund - Direct Growth,INF336L01RU8,HSBC Mutual Fund,Equity Scheme - Sectoral/ Thematic,Open Ended Schemes,ok,301,2025-03-04,2026-05-26
153274,Nippon India Active Momentum Fund-Direct Plan - Growth Option,Nippon India Active Momentum Fund,INF204KC1EK5,Nippon India Mutual Fund,Equity Scheme - Sectoral/ Thematic,Open Ended Schemes,ok,302,2025-03-03,2026-05-26
153291,Invesco India Business Cycle Fund - Direct Plan - Growth,Invesco India Business Cycle Fund,INF205KA1AI8,Invesco Mutual Fund,Equity Scheme - Sectoral/ Thematic,Open Ended Schemes,ok,302,2025-03-03,2026-05-26
153303,Mahindra Manulife Value Fund - Direct Plan - Growth,Mahindra Manulife Value Fund,INF174V01CI9,Mahindra Manulife Mutual Fund,Equity Scheme - Value Fund,Open Ended Schemes,ok,300,2025-03-05,2026-05-26
153309,BAJAJ FINSERV MULTI CAP FUND - DIRECT - GROWTH,BAJAJ FINSERV MULTI CAP FUND,INF0QA701AV7,Bajaj Finserv Mutual Fund,Equity Scheme - Multi Cap Fund,Open Ended Schemes,ok,302,2025-03-03,2026-05-26
153326,Helios Mid Cap Fund - Direct Plan - Growth Option,Helios Mid Cap Fund,INF0R8701327,Helios Mutual Fund,Equity Scheme - Mid Cap Fund,Open Ended Schemes,ok,293,2025-03-17,2026-05-26
153355,WhiteOak Capital Equity Savings Fund Direct Plan Growth,WhiteOak Capital Equity Savings Fund Direct Plan Growth,INF03VN01AB7,WhiteOak Capital Mutual Fund,Hybrid Scheme - Equity Savings,Open Ended Schemes,ok,294,2025-03-13,2026-05-26
153364,Motilal Oswal Active Momentum Fund- Direct-Growth,Motilal Oswal Active Momentum Fund,INF247L01EP5,Motilal Oswal Mutual Fund,Equity Scheme - Sectoral/ Thematic,Open Ended Schemes,ok,289,2025-03-21,2026-05-26
153376,Unifi Dynamic Asset Allocation Fund - Direct Growth,Unifi Dynamic Asset Allocation Fund - Direct Growth,INF1MIY01015,Unifi Mutual Fund,Hybrid Scheme - Dynamic Asset Allocation or Balanced Advantage,Open Ended Schemes,ok,293,2025-03-17,2026-05-26
153426,quant Arbitrage Fund - Growth Option - Direct Plan,quant Arbitrage Fund,INF966L01DW8,quant Mutual Fund,Hybrid Scheme - Arbitrage Fund,Open Ended Schemes,ok,278,2025-04-07,2026-05-26
153447,Kotak Energy Opportunities Fund-Direct-Growth,Kotak Energy Opportunities Fund,INF174KA1VX0,Kotak Mahindra Mutual Fund,Equity Scheme - Sectoral/ Thematic,Open Ended Schemes,ok,263,2025-05-02,2026-05-26
153458,ICICI Prudential Quality Fund - Direct Plan - Growth,ICICI Prudential Quality Fund,INF109K1A187,ICICI Prudential Mutual Fund,Equity Scheme - Sectoral/ Thematic,Open Ended Schemes,ok,247,2025-05-26,2026-05-26
153465,Canara Robeco Multi Asset Allocation Fund - Direct Plan - Growth,Canara Robeco Multi Asset Allocation Fund,INF760K01LH1,Canara Robeco Mutual Fund,Hybrid Scheme - Multi Asset Allocation,Open Ended Schemes,ok,241,2025-06-03,2026-05-26
153484,Motilal Oswal Infrastructure Fund-Direct-Growth,Motilal Oswal Infrastructure Fund,INF247L01EW1,Motilal Oswal Mutual Fund,Equity Scheme - Sectoral/ Thematic,Open Ended Schemes,ok,252,2025-05-19,2026-05-26
153515,UTI Multi Cap Fund - Direct Plan - Growth Option,UTI Multi Cap Fund,INF789F1AB89,UTI Mutual Fund,Equity Scheme - Multi Cap Fund,Open Ended Schemes,ok,251,2025-05-20,2026-05-26
153534,Samco Large & Mid Cap Fund - Direct Plan - Growth Option,Samco Large & Mid Cap Fund,INF0K1H01271,Samco Mutual Fund,Equity Scheme - Large & Mid Cap Fund,Open Ended Schemes,ok,222,2025-06-30,2026-05-26
153543,Unifi Flexi Cap Fund - Direct Growth,Unifi Flexi Cap Fund - Direct Growth,INF1MIY01031,Unifi Mutual Fund,Equity Scheme - Flexi Cap Fund,Open Ended Schemes,ok,237,2025-06-09,2026-05-26
153558,Motilal Oswal Services Fund - Direct Plan - Growth,Motilal Oswal Services Fund,INF247L01FE6,Motilal Oswal Mutual Fund,Equity Scheme - Sectoral/ Thematic,Open Ended Schemes,ok,232,2025-06-16,2026-05-26
153570,Unifi Liquid Fund- Direct Growth,Unifi Liquid Fund- Direct Growth,INF1MIY01056,Unifi Mutual Fund,Debt Scheme - Liquid Fund,Open Ended Schemes,ok,299,2025-06-12,2026-05-26
153604,Baroda BNP Paribas Health and Wellness Fund Direct Growth,Baroda BNP Paribas Health and Wellness Fund Direct Growth,INF251K01VA5,Baroda BNP Paribas Mutual Fund,Equity Scheme - Sectoral/ Thematic,Open Ended Schemes,ok,221,2025-07-01,2026-05-26
153612,BAJAJ FINSERV SMALL CAP FUND - DIRECT - GROWTH,BAJAJ FINSERV SMALL CAP FUND,INF0QA701BN2,Bajaj Finserv Mutual Fund,Equity Scheme - Small Cap Fund,Open Ended Schemes,ok,206,2025-07-22,2026-05-26
153620,HDFC INNOVATION FUND - DIRECT PLAN - GROWTH OPTION,HDFC INNOVATION FUND,INF179KC1JO7,HDFC Mutual Fund,Equity Scheme - Sectoral/ Thematic,Open Ended Schemes,ok,209,2025-07-17,2026-05-26
153624,Axis Services Opportunities Fund - Direct Plan - Growth Option,Axis Services Opportunities Fund,INF846KA1168,Axis Mutual Fund,Equity Scheme - Sectoral/ Thematic,Open Ended Schemes,ok,204,2025-07-30,2026-05-26
153629,JM Large & Mid Cap Fund (Direct) - Growth Option,JM Large & Mid Cap Fund,INF192K01NK7,JM Financial Mutual Fund,Equity Scheme - Large & Mid Cap Fund,Open Ended Schemes,ok,200,2025-07-30,2026-05-26
153644,TRUSTMF MULTI CAP FUND -DIRECT PLAN-GROWTH,TRUSTMF MULTI CAP FUND,INF0GCD01834,Trust Mutual Fund,Equity Scheme - Multi Cap Fund,Open Ended Schemes,ok,204,2025-07-25,2026-05-26
153651,JioBlackRock Liquid Fund - Direct Plan - Growth Option,JioBlackRock Liquid Fund,INF22M001010,Jio BlackRock Mutual Fund,Debt Scheme - Liquid Fund,Open Ended Schemes,ok,276,2025-07-06,2026-05-26
153669,Sundaram Multi-Factor Fund - Direct - Growth,Sundaram Multi-Factor Fund,INF903JA1LV6,Sundaram Mutual Fund,Equity Scheme - Sectoral/ Thematic,Open Ended Schemes,ok,205,2025-07-23,2026-05-26
153674,Mahindra Manulife Banking & Financial Services Fund - Direct - Growth,Mahindra Manulife Banking & Financial Services Fund,INF174V01CO7,Mahindra Manulife Mutual Fund,Equity Scheme - Sectoral/ Thematic,Open Ended Schemes,ok,207,2025-07-21,2026-05-26
153684,ICICI Prudential Active Momentum Fund - Direct Plan - Growth,ICICI Prudential Active Momentum Fund,INF109K1A385,ICICI Prudential Mutual Fund,Equity Scheme - Sectoral/ Thematic,Open Ended Schemes,ok,202,2025-07-28,2026-05-26
153693,Nippon India MNC Fund- Direct Plan- Growth Option,Nippon India MNC Fund,INF204KC1FR7,Nippon India Mutual Fund,Equity Scheme - Sectoral/ Thematic,Open Ended Schemes,ok,203,2025-07-25,2026-05-26
153705,quant Equity Savings Fund - Growth Option - Direct Plan,quant Equity Savings Fund,INF966L01EC8,quant Mutual Fund,Hybrid Scheme - Equity Savings,Open Ended Schemes,ok,203,2025-07-25,2026-05-26
153722,Bandhan Multi-Factor Fund - Direct Plan - Growth,Bandhan Multi-Factor Fund,INF194KB1JX0,Bandhan Mutual Fund,Equity Scheme - Sectoral/ Thematic,Open Ended Schemes,ok,202,2025-08-01,2026-05-26
153728,Bank of India Mid Cap Fund - Direct Plan Growth,Bank of India Mid Cap Fund - Direct Plan Growth,INF761K01GY4,Bank of India Mutual Fund,Equity Scheme - Mid Cap Fund,Open Ended Schemes,ok,183,2025-08-25,2026-05-26
153731,Franklin India Multi Asset Allocation Fund- Direct-Growth,Franklin India Multi Asset Allocation Fund,INF090I01YH0,Franklin Templeton Mutual Fund,Hybrid Scheme - Multi Asset Allocation,Open Ended Schemes,ok,198,2025-07-31,2026-05-26
153738,CAPITALMIND FLEXI CAP FUND DIRECT GROWTH,CAPITALMIND FLEXI CAP FUND DIRECT GROWTH,INF226401018,Capitalmind Mutual Fund,Equity Scheme - Flexi Cap Fund,Open Ended Schemes,ok,196,2025-08-06,2026-05-26
153749,Motilal Oswal Special Opportunities Fund - Direct - Growth,Motilal Oswal Special Opportunities Fund,INF247L01FS6,Motilal Oswal Mutual Fund,Equity Scheme - Sectoral/ Thematic,Open Ended Schemes,ok,185,2025-08-21,2026-05-26
153753,Kotak Active Momentum Fund - Direct Plan - Growth option,Kotak Active Momentum Fund,INF174KA1XA4,Kotak Mahindra Mutual Fund,Equity Scheme - Sectoral/ Thematic,Open Ended Schemes,ok,181,2025-08-28,2026-05-26
153758,BAJAJ FINSERV EQUITY SAVINGS FUND - DIRECT - GROWTH,BAJAJ FINSERV EQUITY SAVINGS FUND,INF0QA701BT9,Bajaj Finserv Mutual Fund,Hybrid Scheme - Equity Savings,Open Ended Schemes,ok,185,2025-08-21,2026-05-26
153774,360 ONE Multi Asset Allocation Fund - Direct Plan - Growth,360 ONE Multi Asset Allocation Fund,INF579M01BM2,360 ONE Mutual Fund,Hybrid Scheme - Multi Asset Allocation,Open Ended Schemes,ok,180,2025-08-22,2026-05-26
153804,TRUSTMF ARBITRAGE FUND -DIRECT PLAN-GROWTH,TRUSTMF ARBITRAGE FUND,INF0GCD01859,Trust Mutual Fund,Hybrid Scheme - Arbitrage Fund,Open Ended Schemes,ok,180,2025-09-01,2026-05-26
153821,Groww Multi Asset Allocation Fund Direct Growth,Groww Multi Asset Allocation Fund Direct Growth,INF666M01MA9,Groww Mutual Fund,Hybrid Scheme - Multi Asset Allocation,Open Ended Schemes,ok,157,2025-10-03,2026-05-26
153847,Baroda BNP Paribas Business Conglomerates Fund Direct Growth Option,Baroda BNP Paribas Business Conglomerates Fund Direct Growth Option,INF251K01VJ6,Baroda BNP Paribas Mutual Fund,Equity Scheme - Sectoral/ Thematic,Open Ended Schemes,ok,161,2025-09-25,2026-05-26
153859,JioBlackRock Flexi Cap Fund - Direct Plan - Growth Option,JioBlackRock Flexi Cap Fund,INF22M001093,Jio BlackRock Mutual Fund,Equity Scheme - Flexi Cap Fund,Open Ended Schemes,ok,147,2025-10-17,2026-05-26
153867,ICICI Prudential Conglomerate Fund - Direct Plan - Growth,ICICI Prudential Conglomerate Fund,INF109K1A427,ICICI Prudential Mutual Fund,Equity Scheme - Sectoral/ Thematic,Open Ended Schemes,ok,143,2025-10-27,2026-05-26
153868,Samco Small Cap Fund - Direct Plan,Samco Small Cap Fund,INF0K1H01297,Samco Mutual Fund,Equity Scheme - Small Cap Fund,Open Ended Schemes,ok,115,2025-12-09,2026-05-29
153872,THE WEALTH COMPANY FLEXI CAP FUND - DIRECT GROWTH,THE WEALTH COMPANY FLEXI CAP FUND - DIRECT GROWTH,INF2F0001040,The Wealth Company Mutual Fund,Equity Scheme - Flexi Cap Fund,Open Ended Schemes,ok,147,2025-10-17,2026-05-26
153883,THE WEALTH COMPANY LIQUID FUND DIRECT GROWTH,THE WEALTH COMPANY LIQUID FUND DIRECT GROWTH,INF2F0001081,The Wealth Company Mutual Fund,Debt Scheme - Liquid Fund,Open Ended Schemes,ok,193,2025-10-16,2026-05-26
153891,THE WEALTH COMPANY ARBITRAGE FUND DIRECT GROWTH,THE WEALTH COMPANY ARBITRAGE FUND DIRECT GROWTH,INF2F0001271,The Wealth Company Mutual Fund,Hybrid Scheme - Arbitrage Fund,Open Ended Schemes,ok,147,2025-10-17,2026-05-26
153895,THE WEALTH COMPANY ETHICAL FUND DIRECT GROWTH,THE WEALTH COMPANY ETHICAL FUND DIRECT GROWTH,INF2F0001214,The Wealth Company Mutual Fund,Equity Scheme - Sectoral/ Thematic,Open Ended Schemes,ok,147,2025-10-17,2026-05-26
153900,Invesco India Consumption Fund - Direct Plan - Growth,Invesco India Consumption Fund,INF205KA1BI6,Invesco Mutual Fund,Equity Scheme - Sectoral/ Thematic,Open Ended Schemes,ok,141,2025-10-29,2026-05-26
153912,Helios Small Cap Fund - Direct Plan - Growth Option,Helios Small Cap Fund,INF0R8701384,Helios Mutual Fund,Equity Scheme - Small Cap Fund,Open Ended Schemes,ok,120,2025-11-28,2026-05-26
153913,Motilal Oswal Consumption Fund-Direct-Growth,Motilal Oswal Consumption Fund,INF247L01GA2,Motilal Oswal Mutual Fund,Equity Scheme - Sectoral/ Thematic,Open Ended Schemes,ok,141,2025-10-29,2026-05-26
153937,Bajaj Finserv Banking and Financial Services Fund - Direct - Growth,Bajaj Finserv Banking and Financial Services Fund,INF0QA701BZ6,Bajaj Finserv Mutual Fund,Equity Scheme - Sectoral/ Thematic,Open Ended Schemes,ok,117,2025-12-03,2026-05-26
153942,Franklin India Multi-Factor Fund- Direct- Growth,Franklin India Multi-Factor Fund,INF090I01YQ1,Franklin Templeton Mutual Fund,Equity Scheme - Sectoral/ Thematic,Open Ended Schemes,ok,119,2025-11-28,2026-05-26
153948,LIC MF Consumption Fund-Direct Plan-Growth,LIC MF Consumption Fund,INF767K01SD0,LIC Mutual Fund,Equity Scheme - Sectoral/ Thematic,Open Ended Schemes,ok,123,2025-11-25,2026-05-26
153970,Kotak Rural Opportunities Fund - Direct Plan - Growth,Kotak Rural Opportunities Fund,INF174KA1XW8,Kotak Mahindra Mutual Fund,Equity Scheme - Sectoral/ Thematic,Open Ended Schemes,ok,116,2025-12-04,2026-05-26
153972,Bandhan Healthcare Fund - Direct Plan - Growth,Bandhan Healthcare Fund,INF194KB1KF5,Bandhan Mutual Fund,Equity Scheme - Sectoral/ Thematic,Open Ended Schemes,ok,120,2025-12-02,2026-05-26
153979,Old Bridge Arbitrage Fund Direct Growth,Old Bridge Arbitrage Fund Direct Growth,INF0S5R01125,Old Bridge Mutual Fund,Hybrid Scheme - Arbitrage Fund,Open Ended Schemes,ok,130,2025-11-14,2026-05-26
153983,Mirae Asset Infrastructure Fund - Direct Plan - Growth,Mirae Asset Infrastructure Fund,INF769K01PV4,Mirae Asset Mutual Fund,Equity Scheme - Sectoral/ Thematic,Open Ended Schemes,ok,114,2025-12-08,2026-05-26
153987,PGIM India Multi Asset Allocation Fund - Direct Plan - Growth Option,PGIM India Multi Asset Allocation Fund,INF663L010A3,PGIM India Mutual Fund,Hybrid Scheme - Multi Asset Allocation,Open Ended Schemes,ok,117,2025-12-03,2026-05-26
153999,The Wealth Company Multi Asset Allocation Fund - Direct Growth,The Wealth Company Multi Asset Allocation Fund - Direct Growth,INF2F0001347,The Wealth Company Mutual Fund,Hybrid Scheme - Multi Asset Allocation,Open Ended Schemes,ok,110,2025-12-12,2026-05-26
154011,Capitalmind Liquid Fund - Direct-Growth,Capitalmind Liquid Fund,INF226401034,Capitalmind Mutual Fund,Debt Scheme - Liquid Fund,Open Ended Schemes,ok,139,2025-12-01,2026-05-26
154020,Union Consumption Fund - Direct Plan - Growth Option,Union Consumption Fund,INF582M01MH3,Union Mutual Fund,Equity Scheme - Sectoral/ Thematic,Open Ended Schemes,ok,101,2025-12-26,2026-05-26
154043,Abakkus Flexi Cap Fund - Direct - Growth,Abakkus Flexi Cap Fund,INF2JJD01136,Abakkus Mutual Fund,Equity Scheme - Flexi Cap Fund,Open Ended Schemes,ok,99,2025-12-30,2026-05-26
154051,Abakkus Liquid Fund - Direct Plan - Growth,Abakkus Liquid Fund,INF2JJD01029,Abakkus Mutual Fund,Debt Scheme - Liquid Fund,Open Ended Schemes,ok,137,2025-12-15,2026-05-26
154063,Groww Small Cap Fund-Direct-Growth,Groww Small Cap Fund,INF666M01NJ8,Groww Mutual Fund,Equity Scheme - Small Cap Fund,Open Ended Schemes,ok,77,2026-02-02,2026-05-26
154076,JioBlackRock Arbitrage Fund - Direct Plan - Growth Option,JioBlackRock Arbitrage Fund,INF22M001101,Jio BlackRock Mutual Fund,Hybrid Scheme - Arbitrage Fund,Open Ended Schemes,ok,105,2025-12-19,2026-05-26
154082,JioBlackRock Sector Rotation Fund - Direct Plan - Growth Option,JioBlackRock Sector Rotation Fund,INF22M001168,Jio BlackRock Mutual Fund,Equity Scheme - Sectoral/ Thematic,Open Ended Schemes,ok,64,2026-02-19,2026-05-26
154093,Bank of India Banking & Financial Services Fund - Direct Plan - Growth,Bank of India Banking & Financial Services Fund,INF761K01HE4,Bank of India Mutual Fund,Equity Scheme - Sectoral/ Thematic,Open Ended Schemes,ok,77,2026-02-02,2026-05-26
154108,Edelweiss Financial Services Fund - Direct Plan - Growth Option,Edelweiss Financial Services Fund,INF754K01WH1,Edelweiss Mutual Fund,Equity Scheme - Sectoral/ Thematic,Open Ended Schemes,ok,65,2026-02-18,2026-05-26
154121,Mahindra Manulife Innovation Opportunities Fund - Direct - Growth,Mahindra Manulife Innovation Opportunities Fund,INF174V01DA4,Mahindra Manulife Mutual Fund,Equity Scheme - Sectoral/ Thematic,Open Ended Schemes,ok,77,2026-02-02,2026-05-26
154142,Motilal Oswal Financial Services Fund- Direct Growth,Motilal Oswal Financial Services Fund- Direct Growth,INF247L01GN5,Motilal Oswal Mutual Fund,Equity Scheme - Sectoral/ Thematic,Open Ended Schemes,ok,63,2026-02-20,2026-05-26
154149,Kotak Services Fund - Direct - Growth,Kotak Services Fund,INF174KA1YV8,Kotak Mahindra Mutual Fund,Equity Scheme - Sectoral/ Thematic,Open Ended Schemes,ok,57,2026-03-02,2026-05-26
154155,Parag Parikh Large Cap Fund - Direct Plan - Growth,Parag Parikh Large Cap Fund,INF879O01332,PPFAS Mutual Fund,Equity Scheme - Large Cap Fund,Open Ended Schemes,ok,73,2026-02-06,2026-05-26
154157,ITI Business Cycle Fund- Direct Plan- Growth,ITI Business Cycle Fund,INF00XX01DM9,ITI Mutual Fund,Equity Scheme - Sectoral/ Thematic,Open Ended Schemes,ok,50,2026-03-12,2026-05-26
154161,WhiteOak Capital Consumption Opportunities Fund Direct Plan Growth,WhiteOak Capital Consumption Opportunities Fund Direct Plan Growth,INF03VN01AD3,WhiteOak Capital Mutual Fund,Equity Scheme - Sectoral/ Thematic,Open Ended Schemes,ok,70,2026-02-11,2026-05-26
154177,SBI Quality Fund - Direct Plan - Growth,SBI Quality Fund,INF200KB1AG6,SBI Mutual Fund,Equity Scheme - Sectoral/ Thematic,Open Ended Schemes,ok,63,2026-02-23,2026-05-26
154185,The Wealth Company Balanced Advantage Fund - Direct Growth,The Wealth Company Balanced Advantage Fund - Direct Growth,INF2F0001479,The Wealth Company Mutual Fund,Hybrid Scheme - Dynamic Asset Allocation or Balanced Advantage,Open Ended Schemes,ok,64,2026-02-19,2026-05-26
154195,Baroda BNP Paribas Best-in-Class Strategy Fund - Direct - Growth Option,Baroda BNP Paribas Best-in-Class Strategy Fund - Direct,INF251K01VP3,Baroda BNP Paribas Mutual Fund,Equity Scheme - Sectoral/ Thematic,Open Ended Schemes,ok,54,2026-03-06,2026-05-26
154210,TRUSTMF MID CAP FUND -DIRECT -GROWTH,TRUSTMF MID CAP FUND,INF0GCD01875,Trust Mutual Fund,Equity Scheme - Mid Cap Fund,Open Ended Schemes,ok,42,2026-03-24,2026-05-26
154215,Abakkus Small Cap Fund - Direct Plan - Growth,Abakkus Small Cap Fund,INF2JJD01177,Abakkus Mutual Fund,Equity Scheme - Small Cap Fund,Open Ended Schemes,ok,44,2026-03-20,2026-05-26
154225,Old Bridge Flexi Cap Fund Direct Growth,Old Bridge Flexi Cap Fund Direct Growth,INF0S5R01133,Old Bridge Mutual Fund,Equity Scheme - Flexi Cap Fund,Open Ended Schemes,ok,56,2026-03-04,2026-05-26
154232,Capitalmind Multi Asset Allocation Fund-Direct-Growth,Capitalmind Multi Asset Allocation Fund,INF226401059,Capitalmind Mutual Fund,Hybrid Scheme - Multi Asset Allocation,Open Ended Schemes,ok,44,2026-03-20,2026-05-26
154236,Capitalmind Arbitrage Fund-Direct-Growth,Capitalmind Arbitrage Fund,INF226401117,Capitalmind Mutual Fund,Hybrid Scheme - Arbitrage Fund,Open Ended Schemes,ok,44,2026-03-20,2026-05-26
154244,LIC MF Technology Fund-Direct Plan-Growth,LIC MF Technology Fund,INF767K01SJ7,LIC Mutual Fund,Equity Scheme - Sectoral/ Thematic,Open Ended Schemes,ok,45,2026-03-19,2026-05-26
154250,Canara Robeco Banking and Financials Services Fund - Direct Plan - Growth,Canara Robeco Banking and Financials Services Fund,INF760K01LN9,Canara Robeco Mutual Fund,Equity Scheme - Sectoral/ Thematic,Open Ended Schemes,ok,43,2026-03-23,2026-05-26
154257,Helios Arbitrage Fund - Direct Growth,Helios Arbitrage Fund - Direct Growth,INF0R8701442,Helios Mutual Fund,Hybrid Scheme - Arbitrage Fund,Open Ended Schemes,ok,43,2026-03-23,2026-05-26
154269,The Wealth Company Small Cap Fund- Direct-Growth,The Wealth Company Small Cap Fund,INF2F0001537,The Wealth Company Mutual Fund,Equity Scheme - Small Cap Fund,Open Ended Schemes,ok,39,2026-03-30,2026-05-26
154307,JioBlackRock Large Cap Fund - Direct Plan - Growth Option,JioBlackRock Large Cap Fund,INF22M001176,Jio BlackRock Mutual Fund,Equity Scheme - Large Cap Fund,Open Ended Schemes,ok,28,2026-04-16,2026-05-26
154316,Kotak Multi Asset Active FOF - Direct - Growth,Kotak Multi Asset Active FOF,INF174KA1ZO0,Kotak Mahindra Mutual Fund,Hybrid Scheme - Multi Asset Allocation,Open Ended Schemes,ok,18,2026-04-30,2026-05-26
154320,Groww Arbitrage Fund Direct Growth,Groww Arbitrage Fund Direct Growth,INF666M01ON8,Groww Mutual Fund,Hybrid Scheme - Arbitrage Fund,Open Ended Schemes,ok,19,2026-04-29,2026-05-26
