fund_name,category,fund_house,scheme_id,url,status,benchmark,aum_cr,expense_ratio,launch_date,rank_3y,rank_1y,star_rating,return_since_inception_new,return_1y,return_3y,return_5y,return_since_inception,consistency_score,category_rank,sharpe_ratio,alpha,beta,std_dev
Aditya Birla Sun Life Equity Hybrid '95 Fund,Aggressive Hybrid,Aditya Birla Sun Life Mutual Fund,32212,https://www.etmoney.com/mutual-funds/aditya-birla-sun-life-equity-hybrid-95-fund/portfolio-details/32212,ACTIVE,CRISIL Hybrid 35+65 Aggressive Index,6999,1.94,1998-04-24,,,,16.98,-1.31,11.16,9.33,,0.0,-1.0,,,,
Axis Aggressive Hybrid Fund,Aggressive Hybrid,Axis Mutual Fund,37614,https://www.etmoney.com/mutual-funds/axis-aggressive-hybrid-fund/portfolio-details/37614,ACTIVE,CRISIL Hybrid 35+65 Aggressive Index,1451,2.27,2018-07-20,,,,9.26,-1.58,9.58,8.13,,0.0,-1.0,,,,
Bandhan Aggressive Hybrid Fund,Aggressive Hybrid,Bandhan Mutual Fund,33762,https://www.etmoney.com/mutual-funds/bandhan-aggressive-hybrid-fund/portfolio-details/33762,ACTIVE,CRISIL Hybrid 35+65 Aggressive Index,1919,2.26,2016-12-12,,,,10.9,6.09,14.31,12.19,,0.0,22.0,0.7283,0.0,1.17,12.6795
Bank of India Mid & Small Cap Equity & Debt Fund,Aggressive Hybrid,Bank Of India Mutual Fund,33105,https://www.etmoney.com/mutual-funds/bank-of-india-mid-and-small-cap-equity-and-debt-fund/portfolio-details/33105,ACTIVE,,1482,2.87,2016-06-29,,,,15.06,7.78,19.88,16.65,,0.0,17.0,0.8435,0.0,1.11,16.0757
Baroda BNP Paribas Aggressive Hybrid Fund,Aggressive Hybrid,Baroda BNP Paribas Mutual Fund,34328,https://www.etmoney.com/mutual-funds/baroda-bnp-paribas-aggressive-hybrid-fund/portfolio-details/34328,ACTIVE,CRISIL Hybrid 35+65 Aggressive Index,1239,2.21,2017-03-17,,,,11.73,0.1,12.52,10.47,,0.0,-1.0,0.641,0.0,1.07,11.1782
Canara Robeco Equity Hybrid Fund,Aggressive Hybrid,Canara Robeco Mutual Fund,31854,https://www.etmoney.com/mutual-funds/canara-robeco-equity-hybrid-fund/portfolio-details/31854,ACTIVE,CRISIL Hybrid 35+65 Aggressive Index,11024,1.75,2007-07-20,,,,12.08,0.5,11.59,10.29,,0.0,-1.0,0.5818,0.0,1.08,11.4129
DSP Aggressive Hybrid Fund,Aggressive Hybrid,DSP Mutual Fund,32299,https://www.etmoney.com/mutual-funds/dsp-aggressive-hybrid-fund/portfolio-details/32299,ACTIVE,CRISIL Hybrid 35+65 Aggressive Index,11582,2.01,1999-05-03,,,,14.01,-4.15,12.36,10.14,,0.0,-1.0,,,,
Edelweiss Aggressive Hybrid Fund,Aggressive Hybrid,Edelweiss Mutual Fund,10271,https://www.etmoney.com/mutual-funds/edelweiss-aggressive-hybrid-fund/portfolio-details/10271,ACTIVE,CRISIL Hybrid 35+65 Aggressive Index,3627,1.91,2009-08-01,,,,11.62,1.4,14.55,13.61,,0.0,-1.0,0.767,0.0,1.11,11.6022
Franklin India Aggressive Hybrid Fund,Aggressive Hybrid,Franklin Templeton Mutual Fund,32375,https://www.etmoney.com/mutual-funds/franklin-india-aggressive-hybrid-fund/portfolio-details/32375,ACTIVE,CRISIL Hybrid 35+65 Aggressive Index,2306,2.18,1999-11-15,,,,12.84,-3.38,11.85,10.32,,0.0,-1.0,,,,
HDFC Hybrid Equity Fund,Aggressive Hybrid,HDFC Mutual Fund,2483,https://www.etmoney.com/mutual-funds/hdfc-hybrid-equity-fund/portfolio-details/2483,ACTIVE,NIFTY 50 Hybrid Composite Debt 65:35,22297,1.79,2005-02-28,,,,12.14,-6.79,7.31,9.22,,0.0,-1.0,,,,
HSBC Aggressive Hybrid Fund,Aggressive Hybrid,HSBC Mutual Fund,11660,https://www.etmoney.com/mutual-funds/hsbc-aggressive-hybrid-fund/portfolio-details/11660,ACTIVE,NIFTY 50 Hybrid Composite Debt 65:35,5424,1.87,2011-01-17,,,,12.13,5.79,13.82,10.85,,0.0,25.0,0.6201,0.0,1.2,13.9422
ICICI Prudential Equity & Debt Fund,Aggressive Hybrid,ICICI Prudential Mutual Fund,32369,https://www.etmoney.com/mutual-funds/icici-prudential-equity-and-debt-fund/portfolio-details/32369,ACTIVE,CRISIL Hybrid 35+65 Aggressive Index,50368,1.49,1999-09-20,,,,14.97,2.39,16.61,16.85,,0.0,-1.0,1.0238,0.0,1.02,10.7527
Invesco India Aggressive Hybrid Fund,Aggressive Hybrid,Invesco Mutual Fund,37022,https://www.etmoney.com/mutual-funds/invesco-india-aggressive-hybrid-fund/portfolio-details/37022,ACTIVE,CRISIL Hybrid 35+65 Aggressive Index,762,2.67,2018-06-11,,,,9.58,-7.4,11.4,9.74,,0.0,-1.0,0.5272,0.0,1.17,12.6441
JM Aggressive Hybrid Fund,Aggressive Hybrid,JM Financial Mutual Fund,31885,https://www.etmoney.com/mutual-funds/jm-aggressive-hybrid-fund/portfolio-details/31885,ACTIVE,CRISIL Hybrid 35+65 Aggressive Index,701,2.93,1994-12-12,,,,12.1,-2.65,15.53,13.13,,0.0,-1.0,0.7242,0.0,1.15,14.1473
Kotak Aggressive Hybrid Fund,Aggressive Hybrid,Kotak Mahindra Mutual Fund,28150,https://www.etmoney.com/mutual-funds/kotak-aggressive-hybrid-fund/portfolio-details/28150,ACTIVE,NIFTY 50 Hybrid Composite Debt 65:35,8642,1.8,2014-11-01,,,,11.58,4.45,13.71,12.25,,0.0,-1.0,,,,
LIC MF Aggressive Hybrid Fund,Aggressive Hybrid,LIC Mutual Fund,31919,https://www.etmoney.com/mutual-funds/lic-mf-aggressive-hybrid-fund/portfolio-details/31919,ACTIVE,CRISIL Hybrid 35+65 Aggressive Index,509,2.42,1991-01-01,,,,9.01,-0.57,11.06,9.12,,0.0,-1.0,,,,
Mahindra Manulife Aggressive Hybrid Fund,Aggressive Hybrid,Mahindra Manulife Mutual Fund,40569,https://www.etmoney.com/mutual-funds/mahindra-manulife-aggressive-hybrid-fund/portfolio-details/40569,ACTIVE,CRISIL Hybrid 35+65 Aggressive Index,2264,1.98,2019-06-28,,,,15.1,-2.22,13.43,12.37,,0.0,-1.0,,,,
Mirae Asset Aggressive Hybrid Fund,Aggressive Hybrid,Mirae Asset Mutual Fund,30101,https://www.etmoney.com/mutual-funds/mirae-asset-aggressive-hybrid-fund/portfolio-details/30101,ACTIVE,CRISIL Hybrid 35+65 Aggressive Index,9363,1.78,2015-07-08,,,,11.48,2.69,12.13,10.67,,0.0,-1.0,0.6015,0.0,1.1,11.6252
Navi Aggressive Hybrid Fund,Aggressive Hybrid,Navi Mutual Fund,36421,https://www.etmoney.com/mutual-funds/navi-aggressive-hybrid-fund/portfolio-details/36421,ACTIVE,CRISIL Hybrid 35+65 Aggressive Index,111,2.48,2018-04-09,,,,9.36,3.2,11.15,10.33,,0.0,-1.0,,,,
Nippon India Aggressive Hybrid Fund,Aggressive Hybrid,Nippon India Mutual Fund,2605,https://www.etmoney.com/mutual-funds/nippon-india-aggressive-hybrid-fund/portfolio-details/2605,ACTIVE,CRISIL Hybrid 35+65 Aggressive Index,3958,2.1,2005-05-10,,,,11.79,0.57,12.67,11.9,,0.0,-1.0,,,,
PGIM India Aggressive Hybrid Equity Fund,Aggressive Hybrid,PGIM India Mutual Fund,1883,https://www.etmoney.com/mutual-funds/pgim-india-aggressive-hybrid-equity-fund/portfolio-details/1883,ACTIVE,CRISIL Hybrid 35+65 Aggressive Index,204,2.38,2004-01-15,,,,12.08,-1.96,8.74,7.6,,0.0,-1.0,,,,
Quant Aggressive Hybrid Fund,Aggressive Hybrid,Quant Mutual Fund,32603,https://www.etmoney.com/mutual-funds/quant-aggressive-hybrid-fund/portfolio-details/32603,ACTIVE,NIFTY 50 Hybrid Composite Debt 65:35,2024,2.1,2001-02-19,,,,16.35,9.15,14.65,13.72,,0.0,14.0,0.5432,0.0,0.0,15.0374
SBI Equity Hybrid Fund,Aggressive Hybrid,SBI Mutual Fund,31983,https://www.etmoney.com/mutual-funds/sbi-equity-hybrid-fund/portfolio-details/31983,ACTIVE,CRISIL Hybrid 35+65 Aggressive Index,83353,1.31,1995-08-31,,,,15.11,3.79,13.62,11.26,,0.0,8.0,0.7491,0.0,1.03,10.8034
Sundaram Aggressive Hybrid Fund,Aggressive Hybrid,Sundaram Mutual Fund,32397,https://www.etmoney.com/mutual-funds/sundaram-aggressive-hybrid-fund/portfolio-details/32397,ACTIVE,CRISIL Hybrid 35+65 Aggressive Index,8484,1.99,1999-12-09,,,,10.07,-2.56,10.68,9.98,,0.0,-1.0,,,,
Tata Aggressive Hybrid Fund,Aggressive Hybrid,Tata Mutual Fund,31990,https://www.etmoney.com/mutual-funds/tata-aggressive-hybrid-fund/portfolio-details/31990,ACTIVE,CRISIL Hybrid 35+65 Aggressive Index,3865,1.93,1995-08-30,,,,14.37,-1.78,8.76,9.66,,0.0,-1.0,,,,
UTI Aggressive Hybrid Fund,Aggressive Hybrid,UTI Mutual Fund,32063,https://www.etmoney.com/mutual-funds/uti-aggressive-hybrid-fund/portfolio-details/32063,ACTIVE,CRISIL Hybrid 35+65 Aggressive Index,6524,1.85,1995-01-02,,,,14.43,-0.99,13.53,12.65,,0.0,-1.0,0.7256,0.0,1.04,11.0061
Union Aggressive Hybrid Fund,Aggressive Hybrid,Union Mutual Fund,41652,https://www.etmoney.com/mutual-funds/union-aggressive-hybrid-fund/portfolio-details/41652,ACTIVE,CRISIL Hybrid 35+65 Aggressive Index,707,2.57,2020-11-27,,,,11.07,0.11,11.27,10.15,,0.0,-1.0,,,,
Aditya Birla Sun Life Arbitrage Fund,Arbitrage,Aditya Birla Sun Life Mutual Fund,10250,https://www.etmoney.com/mutual-funds/aditya-birla-sun-life-arbitrage-fund/portfolio-details/10250,ACTIVE,NIFTY 50 Arbitrage TRI,25679,1.81,2009-07-14,,,,6.28,5.74,6.81,5.91,,0.0,-1.0,,,,
Axis Arbitrage Fund,Arbitrage,Axis Mutual Fund,27105,https://www.etmoney.com/mutual-funds/axis-arbitrage-fund/portfolio-details/27105,ACTIVE,NIFTY 50 Arbitrage TRI,9718,2.51,2014-07-25,,,,5.89,5.73,6.76,5.93,,0.0,-1.0,,,,
Bajaj Finserv Arbitrage Fund,Arbitrage,Bajaj Finserv Mutual Fund,44153,https://www.etmoney.com/mutual-funds/bajaj-finserv-arbitrage-fund/portfolio-details/44153,ACTIVE,NIFTY 50 Arbitrage TRI,954,2.17,2023-09-08,,,,6.31,5.63,,,,0.0,-1.0,,,,
Bandhan Arbitrage Fund,Arbitrage,Bandhan Mutual Fund,3778,https://www.etmoney.com/mutual-funds/bandhan-arbitrage-fund/portfolio-details/3778,ACTIVE,NIFTY 50 Arbitrage TRI,7895,2.03,2006-11-14,,,,6.48,5.51,6.7,5.85,,0.0,-1.0,,,,
Bank of India Arbitrage Fund,Arbitrage,Bank Of India Mutual Fund,36872,https://www.etmoney.com/mutual-funds/bank-of-india-arbitrage-fund/portfolio-details/36872,ACTIVE,NIFTY 50 Arbitrage TRI,45,4.77,2018-05-31,,,,4.76,5.51,6.28,5.11,,0.0,-1.0,0.7272,0.0,0.0,0.3256
Baroda BNP Paribas Arbitrage Fund,Arbitrage,Baroda BNP Paribas Mutual Fund,33736,https://www.etmoney.com/mutual-funds/baroda-bnp-paribas-arbitrage-fund/portfolio-details/33736,ACTIVE,NIFTY 50 Arbitrage TRI,1255,2.15,2016-12-08,,,,5.69,5.55,6.68,5.75,,0.0,-1.0,,,,
DSP Arbitrage Fund,Arbitrage,DSP Mutual Fund,35592,https://www.etmoney.com/mutual-funds/dsp-arbitrage-fund/portfolio-details/35592,ACTIVE,NIFTY 50 Arbitrage TRI,6512,1.01,2018-01-15,,,,5.54,5.65,6.7,5.82,,0.0,-1.0,,,,
Edelweiss Arbitrage Fund,Arbitrage,Edelweiss Mutual Fund,26662,https://www.etmoney.com/mutual-funds/edelweiss-arbitrage-fund/portfolio-details/26662,ACTIVE,NIFTY 50 Arbitrage TRI,14717,3.33,2014-06-12,,,,6.15,5.75,6.86,6.02,,0.0,-1.0,1.9276,0.0,0.5,0.3989
Franklin India Arbitrage Fund,Arbitrage,Franklin Templeton Mutual Fund,45060,https://www.etmoney.com/mutual-funds/franklin-india-arbitrage-fund/portfolio-details/45060,ACTIVE,NIFTY 50 Arbitrage TRI,1187,2.65,2024-11-04,,,,6.23,6.06,,,,0.0,0.0,0.0,0.0,0.0,0.0
HDFC Arbitrage Fund,Arbitrage,HDFC Mutual Fund,5841,https://www.etmoney.com/mutual-funds/hdfc-arbitrage-fund/portfolio-details/5841,ACTIVE,NIFTY 50 Arbitrage TRI,24439,2.84,2007-09-28,,,,6.32,5.88,6.82,5.81,,0.0,-1.0,1.988,0.0,0.0,0.3695
HSBC Arbitrage Fund,Arbitrage,HSBC Mutual Fund,26816,https://www.etmoney.com/mutual-funds/hsbc-arbitrage-fund/portfolio-details/26816,ACTIVE,NIFTY 50 Arbitrage TRI,2532,2.32,2014-06-26,,,,5.97,5.78,6.71,5.79,,0.0,-1.0,1.7454,0.0,0.43,0.3607
ICICI Prudential Equity Arbitrage Fund,Arbitrage,ICICI Prudential Mutual Fund,3709,https://www.etmoney.com/mutual-funds/icici-prudential-equity-arbitrage-fund/portfolio-details/3709,ACTIVE,NIFTY 50 Arbitrage TRI,32299,2.23,2006-11-08,,,,6.84,5.85,6.87,6.0,,0.0,-1.0,2.0792,0.0,0.0,0.378
ITI Arbitrage Fund,Arbitrage,ITI Mutual Fund,40730,https://www.etmoney.com/mutual-funds/iti-arbitrage-fund/portfolio-details/40730,ACTIVE,NIFTY 50 Arbitrage TRI,88,1.84,2019-08-20,,,,4.71,5.97,6.77,5.25,,0.0,24.0,1.7314,0.0,0.0,0.4032
Invesco India Arbitrage Fund,Arbitrage,Invesco Mutual Fund,4647,https://www.etmoney.com/mutual-funds/invesco-india-arbitrage-fund/portfolio-details/4647,ACTIVE,NIFTY 50 Arbitrage TRI,27321,3.97,2007-04-10,,,,6.55,5.92,6.91,6.18,,0.0,-1.0,2.2645,0.0,0.47,0.3653
JM Arbitrage Fund,Arbitrage,JM Financial Mutual Fund,3253,https://www.etmoney.com/mutual-funds/jm-arbitrage-fund/portfolio-details/3253,ACTIVE,NIFTY 50 Arbitrage TRI,367,1.47,2006-06-01,,,,6.37,5.54,6.42,5.54,,0.0,-1.0,0.8138,0.0,0.51,0.3968
Kotak Arbitrage Fund,Arbitrage,Kotak Mahindra Mutual Fund,2694,https://www.etmoney.com/mutual-funds/kotak-arbitrage-fund/portfolio-details/2694,ACTIVE,NIFTY 50 Arbitrage TRI,69951,3.34,2005-09-12,,,,6.86,5.84,7.0,6.16,,0.0,-1.0,2.279,0.0,0.4,0.4042
LIC MF Arbitrage Fund,Arbitrage,LIC Mutual Fund,39178,https://www.etmoney.com/mutual-funds/lic-mf-arbitrage-fund/portfolio-details/39178,ACTIVE,NIFTY 50 Arbitrage TRI,244,0.87,2019-01-04,,,,5.19,5.58,6.51,5.64,,0.0,-1.0,,,,
Mahindra Manulife Arbitrage Fund,Arbitrage,Mahindra Manulife Mutual Fund,41550,https://www.etmoney.com/mutual-funds/mahindra-manulife-arbitrage-fund/portfolio-details/41550,ACTIVE,NIFTY 50 Arbitrage TRI,112,2.3,2020-08-12,,,,4.54,5.21,5.67,4.84,,0.0,-1.0,,,,
Mirae Asset Arbitrage Fund,Arbitrage,Mirae Asset Mutual Fund,41483,https://www.etmoney.com/mutual-funds/mirae-asset-arbitrage-fund/portfolio-details/41483,ACTIVE,NIFTY 50 Arbitrage TRI,3461,4.12,2020-06-03,,,,5.42,5.67,6.7,5.82,,0.0,-1.0,,,,
Motilal Oswal Arbitrage Fund,Arbitrage,Motilal Oswal Mutual Fund,45195,https://www.etmoney.com/mutual-funds/motilal-oswal-arbitrage-fund/portfolio-details/45195,ACTIVE,NIFTY 50 Arbitrage TRI,2433,1.63,2024-12-16,,,,6.26,6.19,,,,0.0,0.0,0.0,0.0,0.0,0.0
Nippon India Arbitrage Fund,Arbitrage,Nippon India Mutual Fund,11236,https://www.etmoney.com/mutual-funds/nippon-india-arbitrage-fund/portfolio-details/11236,ACTIVE,NIFTY 50 Arbitrage TRI,16332,2.81,2010-09-24,,,,6.79,5.72,6.72,5.89,,0.0,-1.0,1.7428,0.0,0.44,0.3702
Old Bridge Arbitrage Fund,Arbitrage,Old Bridge Mutual Fund,45931,https://www.etmoney.com/mutual-funds/old-bridge-arbitrage-fund/portfolio-details/45931,ACTIVE,NIFTY 50 Arbitrage TRI,153,2.52,2025-11-06,,,,2.55,,,,,,,,,,
PGIM India Arbitrage Fund,Arbitrage,PGIM India Mutual Fund,27390,https://www.etmoney.com/mutual-funds/pgim-india-arbitrage-fund/portfolio-details/27390,ACTIVE,NIFTY 50 Arbitrage TRI,97,1.03,2014-08-13,,,,5.74,5.35,6.44,5.59,,0.0,-1.0,0.7843,0.0,0.5,0.4315
Parag Parikh Arbitrage Fund,Arbitrage,PPFAS Mutual Fund,44196,https://www.etmoney.com/mutual-funds/parag-parikh-arbitrage-fund/portfolio-details/44196,ACTIVE,NIFTY 50 Arbitrage TRI,2370,1.66,2023-10-23,,,,6.62,5.85,,,,0.0,-1.0,0.0,0.0,0.0,0.0
Quant Arbitrage Fund,Arbitrage,Quant Mutual Fund,45423,https://www.etmoney.com/mutual-funds/quant-arbitrage-fund/portfolio-details/45423,ACTIVE,NIFTY 50 Arbitrage TRI,351,1.98,2025-03-18,,,,6.67,6.72,,,,0.0,0.0,0.0,0.0,0.0,0.0
SBI Arbitrage Opportunities Fund,Arbitrage,SBI Mutual Fund,3494,https://www.etmoney.com/mutual-funds/sbi-arbitrage-opportunities-fund/portfolio-details/3494,ACTIVE,NIFTY 50 Arbitrage TRI,42847,2.32,2006-09-15,,,,6.7,5.95,6.94,6.19,,0.0,9.0,2.221,0.0,0.47,0.3847
Samco Arbitrage Fund,Arbitrage,Samco Mutual Fund,45081,https://www.etmoney.com/mutual-funds/samco-arbitrage-fund/portfolio-details/45081,ACTIVE,NIFTY 50 Arbitrage TRI,33,1.8,2024-11-11,,,,4.17,3.81,,,,0.0,-1.0,,,,
Sundaram Arbitrage Fund,Arbitrage,Sundaram Mutual Fund,31780,https://www.etmoney.com/mutual-funds/sundaram-arbitrage-fund/portfolio-details/31780,ACTIVE,NIFTY 50 Arbitrage TRI,442,1.0,2016-03-28,,,,4.43,5.77,6.58,5.55,,0.0,-1.0,1.47,0.0,0.3,0.3372
Tata Arbitrage Fund,Arbitrage,Tata Mutual Fund,38979,https://www.etmoney.com/mutual-funds/tata-arbitrage-fund/portfolio-details/38979,ACTIVE,NIFTY 50 Arbitrage TRI,21824,1.43,2018-12-10,,,,5.71,5.8,6.79,5.89,,0.0,-1.0,,,,
The Wealth Company Arbitrage Fund,Arbitrage,The Wealth Company Mutual Fund,45843,https://www.etmoney.com/mutual-funds/the-wealth-company-arbitrage-fund/portfolio-details/45843,ACTIVE,NIFTY 50 Arbitrage TRI,154,1.02,2025-09-24,,,,3.33,,,,,,,0.0,0.0,0.0,0.0
UTI Arbitrage Fund,Arbitrage,UTI Mutual Fund,3271,https://www.etmoney.com/mutual-funds/uti-arbitrage-fund/portfolio-details/3271,ACTIVE,NIFTY 50 Arbitrage TRI,10858,2.38,2006-06-09,,,,6.77,5.88,6.94,6.0,,0.0,-1.0,2.3233,0.0,0.49,0.3692
Union Arbitrage Fund,Arbitrage,Union Mutual Fund,39447,https://www.etmoney.com/mutual-funds/union-arbitrage-fund/portfolio-details/39447,ACTIVE,NIFTY 50 Arbitrage TRI,239,0.99,2019-01-30,,,,5.46,5.55,6.71,5.75,,0.0,-1.0,,,,
WhiteOak Capital Arbitrage Fund,Arbitrage,Whiteoak Capital Mutual Fund,44888,https://www.etmoney.com/mutual-funds/whiteoak-capital-arbitrage-fund/portfolio-details/44888,ACTIVE,NIFTY 50 Arbitrage TRI,1246,4.18,2024-08-28,,,,6.4,6.1,,,,0.0,0.0,0.0,0.0,0.0,0.0
360 ONE Balanced Hybrid Fund,Balanced Hybrid,360 One Mutual Fund,44149,https://www.etmoney.com/mutual-funds/360-one-balanced-hybrid-fund/portfolio-details/44149,ACTIVE,NIFTY 50 Hybrid Composite Debt 50:50 Index,734,2.35,2023-09-04,,,,9.12,0.75,,,,0.0,-1.0,0.0,0.0,0.0,0.0
WhiteOak Capital Balanced Hybrid Fund,Balanced Hybrid,Whiteoak Capital Mutual Fund,44207,https://www.etmoney.com/mutual-funds/whiteoak-capital-balanced-hybrid-fund/portfolio-details/44207,ACTIVE,CRISIL Hybrid 50+50 Moderate Index,282,2.25,2023-10-05,,,,9.96,0.99,,,,0.0,0.0,0.0,0.0,0.0,0.0
Aditya Birla Sun Life Balanced Advantage Fund,Dynamic Asset Allocation,Aditya Birla Sun Life Mutual Fund,32470,https://www.etmoney.com/mutual-funds/aditya-birla-sun-life-balanced-advantage-fund/portfolio-details/32470,ACTIVE,CRISIL Hybrid 50+50 Moderate Index,9182,1.76,2000-03-15,,,,9.79,2.96,11.63,9.8,,0.0,11.0,0.6944,0.0,1.07,8.7481
Axis Balanced Advantage Fund,Dynamic Asset Allocation,Axis Mutual Fund,34956,https://www.etmoney.com/mutual-funds/axis-balanced-advantage-fund/portfolio-details/34956,ACTIVE,NIFTY 50 Hybrid Composite Debt 50:50 Index,3764,1.93,2017-07-11,,,,8.64,0.24,12.07,10.11,,0.0,-1.0,0.8004,0.0,1.13,8.6717
Bajaj Finserv Balanced Advantage Fund,Dynamic Asset Allocation,Bajaj Finserv Mutual Fund,44255,https://www.etmoney.com/mutual-funds/bajaj-finserv-balanced-advantage-fund/portfolio-details/44255,ACTIVE,NIFTY 50 Hybrid Composite Debt 50:50 Index,1229,7.07,2023-11-24,,,,4.66,-0.13,,,,0.0,-1.0,,,,
Bandhan Balanced Advantage Fund,Dynamic Asset Allocation,Bandhan Mutual Fund,27860,https://www.etmoney.com/mutual-funds/bandhan-balanced-advantage-fund/portfolio-details/27860,ACTIVE,NIFTY 50 Hybrid Composite Debt 50:50 Index,2209,2.66,2014-09-17,,,,7.99,2.55,9.55,8.0,,0.0,-1.0,0.5386,0.0,1.02,8.3535
Bank of India Balanced Advantage Fund,Dynamic Asset Allocation,Bank Of India Mutual Fund,24276,https://www.etmoney.com/mutual-funds/bank-of-india-balanced-advantage-fund/portfolio-details/24276,ACTIVE,NIFTY 50 Hybrid Composite Debt 50:50 Index,153,2.48,2014-02-21,,,,8.01,4.49,10.16,10.18,,0.0,16.0,0.5051,0.0,0.0,9.7373
Baroda BNP Paribas Balanced Advantage Fund,Dynamic Asset Allocation,Baroda BNP Paribas Mutual Fund,38590,https://www.etmoney.com/mutual-funds/baroda-bnp-paribas-balanced-advantage-fund/portfolio-details/38590,ACTIVE,NIFTY 50 Hybrid Composite Debt 50:50 Index,4756,1.9,2018-10-22,,,,13.09,6.08,13.47,11.45,,0.0,8.0,0.6284,0.0,1.45,11.6948
Canara Robeco Balanced Advantage Fund,Dynamic Asset Allocation,Canara Robeco Mutual Fund,44728,https://www.etmoney.com/mutual-funds/canara-robeco-balanced-advantage-fund/portfolio-details/44728,ACTIVE,CRISIL Hybrid 50+50 Moderate Index,1165,2.19,2024-07-12,,,,-0.45,-2.36,,,,0.0,-1.0,,,,
DSP Dynamic Asset Allocation Fund,Dynamic Asset Allocation,DSP Mutual Fund,22958,https://www.etmoney.com/mutual-funds/dsp-dynamic-asset-allocation-fund/portfolio-details/22958,ACTIVE,CRISIL Hybrid 50+50 Moderate Index,3661,1.93,2014-01-17,,,,8.73,2.57,10.69,8.19,,0.0,-1.0,,,,
Edelweiss Balanced Advantage Fund,Dynamic Asset Allocation,Edelweiss Mutual Fund,10269,https://www.etmoney.com/mutual-funds/edelweiss-balanced-advantage-fund/portfolio-details/10269,ACTIVE,NIFTY 50 Hybrid Composite Debt 50:50 Index,12906,2.08,2009-08-03,,,,10.25,2.58,10.92,9.65,,0.0,-1.0,0.5972,0.0,1.18,9.298
Franklin India Balanced Advantage Fund,Dynamic Asset Allocation,Franklin Templeton Mutual Fund,42897,https://www.etmoney.com/mutual-funds/franklin-india-balanced-advantage-fund/portfolio-details/42897,ACTIVE,NIFTY 50 Hybrid Composite Debt 50:50 Index,2789,2.14,2022-08-16,,,,9.53,-1.5,10.68,,,0.0,-1.0,,,,
HDFC Balanced Advantage Fund,Dynamic Asset Allocation,HDFC Mutual Fund,32508,https://www.etmoney.com/mutual-funds/hdfc-balanced-advantage-fund/portfolio-details/32508,ACTIVE,NIFTY 50 Hybrid Composite Debt 50:50 Index,105378,1.34,2000-07-20,,,,16.54,-1.28,14.54,15.15,,0.0,-1.0,0.8459,0.0,1.258,10.7045
HSBC Balanced Advantage Fund,Dynamic Asset Allocation,HSBC Mutual Fund,11662,https://www.etmoney.com/mutual-funds/hsbc-balanced-advantage-fund/portfolio-details/11662,ACTIVE,NIFTY 50 Hybrid Composite Debt 50:50 Index,1506,2.13,2011-01-17,,,,10.1,0.21,9.45,7.91,,0.0,-1.0,,,,
Helios Balanced Advantage Fund,Dynamic Asset Allocation,Helios Mutual Fund,44571,https://www.etmoney.com/mutual-funds/helios-balanced-advantage-fund/portfolio-details/44571,ACTIVE,CRISIL Hybrid 50+50 Moderate Index,305,2.4,2024-03-11,,,,5.14,2.92,,,,0.0,0.0,0.0,0.0,0.0,0.0
ICICI Prudential Balanced Advantage Fund,Dynamic Asset Allocation,ICICI Prudential Mutual Fund,3713,https://www.etmoney.com/mutual-funds/icici-prudential-balanced-advantage-fund/portfolio-details/3713,ACTIVE,CRISIL Hybrid 50+50 Moderate Index,70551,1.39,2006-11-08,,,,10.97,3.69,11.65,10.59,,0.0,-1.0,0.7887,0.0,0.9,7.5034
ITI Balanced Advantage Fund,Dynamic Asset Allocation,ITI Mutual Fund,40896,https://www.etmoney.com/mutual-funds/iti-balanced-advantage-fund/portfolio-details/40896,ACTIVE,NIFTY 50 Hybrid Composite Debt 50:50 Index,351,3.21,2019-12-09,,,,5.21,-1.85,8.92,7.22,,0.0,-1.0,,,,
Invesco India Balanced Advantage Fund,Dynamic Asset Allocation,Invesco Mutual Fund,5373,https://www.etmoney.com/mutual-funds/invesco-india-balanced-advantage-fund/portfolio-details/5373,ACTIVE,NIFTY 50 Hybrid Composite Debt 50:50 Index,1024,2.78,2007-08-16,,,,8.83,-3.21,9.41,8.07,,0.0,-1.0,0.4414,0.0,1.16,9.2518
Kotak Balanced Advantage Fund,Dynamic Asset Allocation,Kotak Mahindra Mutual Fund,37558,https://www.etmoney.com/mutual-funds/kotak-balanced-advantage-fund/portfolio-details/37558,ACTIVE,NIFTY 50 Hybrid Composite Debt 50:50 Index,17184,1.73,2018-07-13,,,,9.56,0.13,9.56,8.78,,0.0,-1.0,0.4705,0.0,1.15,8.9574
LIC MF Balanced Advantage Fund,Dynamic Asset Allocation,LIC Mutual Fund,42273,https://www.etmoney.com/mutual-funds/lic-mf-balanced-advantage-fund/portfolio-details/42273,ACTIVE,NIFTY 50 Hybrid Composite Debt 50:50 Index,681,2.34,2021-10-20,,,,6.11,-4.6,6.82,,,0.0,-1.0,,,,
Mahindra Manulife Balanced Advantage Fund,Dynamic Asset Allocation,Mahindra Manulife Mutual Fund,42384,https://www.etmoney.com/mutual-funds/mahindra-manulife-balanced-advantage-fund/portfolio-details/42384,ACTIVE,NIFTY 50 Hybrid Composite Debt 50:50 Index,887,3.36,2021-12-09,,,,8.54,1.0,11.79,,,0.0,-1.0,0.6058,0.0,1.42,10.2931
Mirae Asset Balanced Advantage Fund,Dynamic Asset Allocation,Mirae Asset Mutual Fund,42755,https://www.etmoney.com/mutual-funds/mirae-asset-balanced-advantage-fund/portfolio-details/42755,ACTIVE,NIFTY 50 Hybrid Composite Debt 50:50 Index,2068,2.06,2022-07-21,,,,9.87,2.71,10.76,,,0.0,0.0,0.6459,0.0,1.02,8.2258
Motilal Oswal Balanced Advantage Fund,Dynamic Asset Allocation,Motilal Oswal Mutual Fund,33424,https://www.etmoney.com/mutual-funds/motilal-oswal-balanced-advantage-fund/portfolio-details/33424,ACTIVE,CRISIL Hybrid 50+50 Moderate Index,734,2.39,2016-09-06,,,,6.2,-4.14,4.86,4.16,,0.0,-1.0,0.0489,0.0,1.3,15.4652
Nippon India Balanced Advantage Fund,Dynamic Asset Allocation,Nippon India Mutual Fund,2328,https://www.etmoney.com/mutual-funds/nippon-india-balanced-advantage-fund/portfolio-details/2328,ACTIVE,CRISIL Hybrid 50+50 Moderate Index,9620,2.01,2004-10-16,,,,14.27,1.49,11.1,9.52,,0.0,-1.0,0.6593,0.0,1.0,8.4662
PGIM India Balanced Advantage Fund,Dynamic Asset Allocation,PGIM India Mutual Fund,41729,https://www.etmoney.com/mutual-funds/pgim-india-balanced-advantage-fund/portfolio-details/41729,ACTIVE,CRISIL Hybrid 50+50 Moderate Index,830,2.35,2021-01-15,,,,7.24,-2.39,7.11,7.02,,0.0,-1.0,,,,
Parag Parikh Dynamic Asset Allocation Fund,Dynamic Asset Allocation,PPFAS Mutual Fund,44532,https://www.etmoney.com/mutual-funds/parag-parikh-dynamic-asset-allocation-fund/portfolio-details/44532,ACTIVE,CRISIL Hybrid 50+50 Moderate Index,2709,0.61,2024-02-20,,,,6.79,2.29,,,,0.0,-1.0,0.0,0.0,0.0,0.0
Quant Dynamic Asset Allocation Fund,Dynamic Asset Allocation,Quant Mutual Fund,43876,https://www.etmoney.com/mutual-funds/quant-dynamic-asset-allocation-fund/portfolio-details/43876,ACTIVE,NIFTY 50 Hybrid Composite Debt 50:50 Index,901,2.5,2023-03-23,,,,17.25,0.4,17.77,,,0.0,-1.0,0.6618,0.0,0.0,16.6826
SBI Balanced Advantage Fund,Dynamic Asset Allocation,SBI Mutual Fund,42121,https://www.etmoney.com/mutual-funds/sbi-balanced-advantage-fund/portfolio-details/42121,ACTIVE,NIFTY 50 Hybrid Composite Debt 50:50 Index,40732,1.53,2021-08-12,,,,9.84,2.29,11.38,,,0.0,-1.0,,,,
Samco Dynamic Asset Allocation Fund,Dynamic Asset Allocation,Samco Mutual Fund,44251,https://www.etmoney.com/mutual-funds/samco-dynamic-asset-allocation-fund/portfolio-details/44251,ACTIVE,NIFTY 50 Hybrid Composite Debt 50:50 Index,199,2.48,2023-12-07,,,,0.42,-0.88,,,,0.0,-1.0,0.0,0.0,0.0,0.0
Sundaram Balanced Advantage Fund,Dynamic Asset Allocation,Sundaram Mutual Fund,11431,https://www.etmoney.com/mutual-funds/sundaram-balanced-advantage-fund/portfolio-details/11431,ACTIVE,NIFTY 50 Hybrid Composite Debt 50:50 Index,1658,2.31,2010-11-26,,,,9.31,-1.52,8.81,8.2,,0.0,-1.0,,,,
Tata Balanced Advantage Fund,Dynamic Asset Allocation,Tata Mutual Fund,39184,https://www.etmoney.com/mutual-funds/tata-balanced-advantage-fund/portfolio-details/39184,ACTIVE,CRISIL Hybrid 50+50 Moderate Index,9128,1.79,2019-01-09,,,,10.3,1.41,9.14,8.93,,0.0,4.0,0.4265,0.0,0.0,8.4393
UTI Balanced Advantage Fund,Dynamic Asset Allocation,UTI Mutual Fund,44057,https://www.etmoney.com/mutual-funds/uti-balanced-advantage-fund/portfolio-details/44057,ACTIVE,NIFTY 50 Hybrid Composite Debt 50:50 Index,3030,2.74,2023-07-21,,,,7.7,-2.42,,,,0.0,-1.0,,,,
Union Balanced Advantage Fund,Dynamic Asset Allocation,Union Mutual Fund,35346,https://www.etmoney.com/mutual-funds/union-balanced-advantage-fund/portfolio-details/35346,ACTIVE,NIFTY 50 Hybrid Composite Debt 50:50 Index,1241,2.15,2017-12-07,,,,8.48,-0.3,8.01,7.03,,0.0,-1.0,,,,
WhiteOak Capital Balanced Advantage Fund,Dynamic Asset Allocation,Whiteoak Capital Mutual Fund,43447,https://www.etmoney.com/mutual-funds/whiteoak-capital-balanced-advantage-fund/portfolio-details/43447,ACTIVE,CRISIL Hybrid 50+50 Moderate Index,2152,2.51,2023-01-20,,,,11.27,0.14,11.0,,,0.0,-1.0,,,,
360 ONE ELSS Tax Saver Nifty 50 Index Fund,ELSS,360 One Mutual Fund,43350,https://www.etmoney.com/mutual-funds/360-one-elss-tax-saver-nifty-50-index-fund/portfolio-details/43350,ACTIVE,Nifty 50 Total Return,70,0.84,2022-12-01,31.0,26.0,1.0,,-4.17,8.98,,8.27,1.0,-1.0,0.602,0.341,0.8537,13.6631
Aditya Birla Sun Life ELSS Tax Saver Fund,ELSS,Aditya Birla Sun Life Mutual Fund,7010,https://www.etmoney.com/mutual-funds/aditya-birla-sun-life-elss-tax-saver-fund/portfolio-details/7010,ACTIVE,NIFTY 500 TRI,14378,1.69,2008-03-06,18.0,8.0,3.0,,3.01,13.15,9.3,10.3,3.0,-1.0,0.602,0.341,0.8537,13.6631
Axis ELSS Tax Saver Fund,ELSS,Axis Mutual Fund,10480,https://www.etmoney.com/mutual-funds/axis-elss-tax-saver-fund/portfolio-details/10480,ACTIVE,NIFTY 500 TRI,31566,1.93,2009-12-17,27.0,23.0,2.0,,-2.76,10.99,8.37,14.43,2.0,-1.0,0.602,0.341,0.8537,13.6631
Bajaj Finserv ELSS Tax Saver Fund,ELSS,Bajaj Finserv Mutual Fund,45209,https://www.etmoney.com/mutual-funds/bajaj-finserv-elss-tax-saver-fund/portfolio-details/45209,ACTIVE,BSE 500 TRI,82,4.89,2024-12-24,,10.0,4.0,,2.42,,,8.34,0.0,-1.0,0.0,0.0,0.0,0.0
Bandhan ELSS Tax Saver Fund,ELSS,Bandhan Mutual Fund,9741,https://www.etmoney.com/mutual-funds/bandhan-elss-tax-saver-fund/portfolio-details/9741,ACTIVE,BSE 500 TRI,6835,2.65,2008-12-01,22.0,14.0,3.0,,1.34,12.34,13.73,16.8,3.0,-1.0,0.602,0.341,0.8537,13.6631
Bank of India ELSS Tax Saver Fund,ELSS,Bank Of India Mutual Fund,9806,https://www.etmoney.com/mutual-funds/bank-of-india-elss-tax-saver-fund/portfolio-details/9806,ACTIVE,BSE 500 TRI,1403,2.39,2008-12-12,12.0,4.0,3.0,,3.9,15.54,14.6,17.72,3.0,20.0,0.6255,1.3083,1.0694,17.8806
Baroda BNP Paribas ELSS Tax Saver Fund,ELSS,Baroda BNP Paribas Mutual Fund,2811,https://www.etmoney.com/mutual-funds/baroda-bnp-paribas-elss-tax-saver-fund/portfolio-details/2811,ACTIVE,NIFTY 500 TRI,887,2.31,2005-11-14,8.0,5.0,4.0,,3.36,16.47,13.15,11.41,4.0,11.0,0.7732,3.0717,0.9603,15.441
Canara Robeco ELSS Tax Saver,ELSS,Canara Robeco Mutual Fund,9918,https://www.etmoney.com/mutual-funds/canara-robeco-elss-tax-saver/portfolio-details/9918,ACTIVE,BSE 500 TRI,8529,1.77,2009-02-02,23.0,16.0,2.0,,0.45,12.29,12.36,17.52,3.0,-1.0,0.602,0.341,0.8537,13.6631
DSP ELSS Tax Saver Fund,ELSS,DSP Mutual Fund,3792,https://www.etmoney.com/mutual-funds/dsp-elss-tax-saver-fund/portfolio-details/3792,ACTIVE,NIFTY 500 TRI,16337,1.81,2006-11-27,9.0,21.0,4.0,,-2.09,16.1,14.53,14.13,5.0,4.0,0.7543,2.7105,0.9907,15.7213
Edelweiss ELSS Tax Saver Fund,ELSS,Edelweiss Mutual Fund,9834,https://www.etmoney.com/mutual-funds/edelweiss-elss-tax-saver-fund/portfolio-details/9834,ACTIVE,NIFTY 500 TRI,437,2.43,2008-12-26,13.0,3.0,3.0,,4.21,14.38,13.36,14.83,5.0,30.0,0.6418,0.8139,0.9922,15.5436
Franklin India ELSS Tax Saver Fund,ELSS,Franklin Templeton Mutual Fund,32291,https://www.etmoney.com/mutual-funds/franklin-india-elss-tax-saver-fund/portfolio-details/32291,ACTIVE,NIFTY 500 TRI,6106,1.83,1999-04-05,16.0,34.0,3.0,,-6.26,13.71,13.87,20.01,3.0,-1.0,0.602,0.341,0.8537,13.6631
HDFC ELSS Tax Saver Fund,ELSS,HDFC Mutual Fund,32517,https://www.etmoney.com/mutual-funds/hdfc-elss-tax-saver-fund/portfolio-details/32517,ACTIVE,NIFTY 500 TRI,15559,1.69,1995-12-18,10.0,27.0,4.0,,-4.41,16.01,17.4,22.38,4.0,2.0,0.8127,3.2215,0.8578,13.7109
HSBC ELSS Tax saver Fund,ELSS,HSBC Mutual Fund,2922,https://www.etmoney.com/mutual-funds/hsbc-elss-tax-saver-fund/portfolio-details/2922,ACTIVE,NIFTY 500 TRI,3939,2.06,2006-01-05,5.0,6.0,4.0,,3.1,16.81,14.23,13.62,4.0,19.0,0.7408,2.8776,1.0201,16.6015
ICICI Prudential ELSS Tax Saver,ELSS,ICICI Prudential Mutual Fund,32328,https://www.etmoney.com/mutual-funds/icici-prudential-elss-tax-saver/portfolio-details/32328,ACTIVE,NIFTY 500 TRI,13911,1.71,1999-07-09,17.0,19.0,3.0,,-0.61,13.37,12.94,18.28,3.0,-1.0,0.602,0.341,0.8537,13.6631
ITI ELSS Tax Saver Fund,ELSS,ITI Mutual Fund,40612,https://www.etmoney.com/mutual-funds/iti-elss-tax-saver-fund/portfolio-details/40612,ACTIVE,NIFTY 500 TRI,434,3.56,2019-07-15,3.0,9.0,5.0,,2.53,17.12,12.29,13.82,4.0,-1.0,0.6769,2.2508,1.2148,19.8961
Invesco India ELSS Tax Saver Fund,ELSS,Invesco Mutual Fund,3720,https://www.etmoney.com/mutual-funds/invesco-india-elss-tax-saver-fund/portfolio-details/3720,ACTIVE,BSE 500 TRI,2542,2.2,2006-11-20,19.0,28.0,3.0,,-4.6,12.8,11.26,13.35,3.0,-1.0,0.5298,-0.7623,1.0376,16.6473
JM ELSS Tax Saver Fund,ELSS,JM Financial Mutual Fund,6469,https://www.etmoney.com/mutual-funds/jm-elss-tax-saver-fund/portfolio-details/6469,ACTIVE,BSE 500 TRI,220,2.58,2007-12-24,7.0,12.0,4.0,,2.18,16.59,15.37,8.72,4.0,-1.0,0.7026,2.3567,1.0526,17.1891
Kotak ELSS Tax Saver Fund,ELSS,Kotak Mahindra Mutual Fund,2749,https://www.etmoney.com/mutual-funds/kotak-elss-tax-saver-fund/portfolio-details/2749,ACTIVE,NIFTY 500 TRI,6112,1.95,2005-09-29,24.0,22.0,2.0,,-2.11,11.94,13.03,12.38,3.0,-1.0,0.0985,-8.1828,1.0955,19.6251
LIC MF ELSS Tax Saver,ELSS,LIC Mutual Fund,32142,https://www.etmoney.com/mutual-funds/lic-mf-elss-tax-saver/portfolio-details/32142,ACTIVE,NIFTY 500 TRI,994,2.21,1997-01-01,28.0,33.0,2.0,,-5.63,10.81,11.39,9.54,2.0,-1.0,0.602,0.341,0.8537,13.6631
Mahindra Manulife ELSS Tax Saver Fund,ELSS,Mahindra Manulife Mutual Fund,33387,https://www.etmoney.com/mutual-funds/mahindra-manulife-elss-tax-saver-fund/portfolio-details/33387,ACTIVE,NIFTY 500 TRI,889,2.24,2016-08-22,30.0,29.0,2.0,,-4.64,10.19,11.96,10.66,2.0,28.0,0.602,0.341,0.8537,13.6631
Mirae Asset ELSS Tax Saver Fund,ELSS,Mirae Asset Mutual Fund,30815,https://www.etmoney.com/mutual-funds/mirae-asset-elss-tax-saver-fund/portfolio-details/30815,ACTIVE,NIFTY 500 TRI,25267,2.29,2015-11-20,15.0,13.0,3.0,,1.6,13.85,12.91,16.15,4.0,-1.0,0.6122,0.3195,1.001,15.6221
Motilal Oswal ELSS Tax Saver Fund,ELSS,Motilal Oswal Mutual Fund,28670,https://www.etmoney.com/mutual-funds/motilal-oswal-elss-tax-saver-fund/portfolio-details/28670,ACTIVE,NIFTY 500 TRI,4659,1.99,2014-12-26,1.0,1.0,5.0,,11.24,23.26,19.52,15.88,4.0,6.0,0.8743,8.038,1.1593,21.4394
Navi ELSS Tax Saver Nifty 50 Index Fund,ELSS,Navi Mutual Fund,43622,https://www.etmoney.com/mutual-funds/navi-elss-tax-saver-nifty-50-index-fund/portfolio-details/43622,ACTIVE,Nifty 50 Total Return,156,1.06,2023-02-14,33.0,30.0,1.0,,-4.79,8.22,,10.3,1.0,-1.0,0.602,0.341,0.8537,13.6631
Nippon India ELSS Tax Saver Fund,ELSS,Nippon India Mutual Fund,2630,https://www.etmoney.com/mutual-funds/nippon-india-elss-tax-saver-fund/portfolio-details/2630,ACTIVE,NIFTY 500 TRI,14742,1.86,2005-07-25,11.0,11.0,4.0,,2.29,15.61,14.86,13.08,5.0,-1.0,0.7351,2.2543,0.9738,15.2984
PGIM India ELSS Tax Saver Fund,ELSS,PGIM India Mutual Fund,30664,https://www.etmoney.com/mutual-funds/pgim-india-elss-tax-saver-fund/portfolio-details/30664,ACTIVE,NIFTY 500 TRI,700,2.4,2015-10-19,32.0,32.0,1.0,,-5.6,8.32,10.68,11.87,1.0,24.0,0.0985,-8.1828,1.0955,19.6251
Parag Parikh ELSS Tax Saver Fund,ELSS,PPFAS Mutual Fund,40581,https://www.etmoney.com/mutual-funds/parag-parikh-elss-tax-saver-fund/portfolio-details/40581,ACTIVE,NIFTY 500 TRI,5617,1.79,2019-07-04,26.0,35.0,2.0,,-6.37,11.46,13.66,16.8,2.0,-1.0,0.5934,0.2966,0.6996,11.3866
Quant ELSS Tax Saver Fund,ELSS,Quant Mutual Fund,32489,https://www.etmoney.com/mutual-funds/quant-elss-tax-saver-fund/portfolio-details/32489,ACTIVE,NIFTY 500 TRI,12506,1.8,2000-03-08,6.0,2.0,4.0,,8.0,16.68,15.81,14.98,4.0,10.0,0.6401,1.495,1.1153,18.4268
Quantum ELSS Tax Saver Fund,ELSS,Quantum Mutual Fund,34465,https://www.etmoney.com/mutual-funds/quantum-elss-tax-saver-fund/portfolio-details/34465,ACTIVE,BSE 500 TRI,209,2.1,2017-04-01,20.0,31.0,3.0,,-5.23,12.57,11.61,10.06,3.0,-1.0,0.602,0.341,0.8537,13.6631
SBI ELSS Tax Saver Fund,ELSS,SBI Mutual Fund,31977,https://www.etmoney.com/mutual-funds/sbi-elss-tax-saver-fund/portfolio-details/31977,ACTIVE,BSE 500 TRI,31094,1.62,2007-05-07,2.0,17.0,5.0,,-0.18,19.05,17.69,12.44,5.0,-1.0,0.9082,5.1626,0.981,15.6588
Samco ELSS Tax Saver Fund,ELSS,Samco Mutual Fund,43203,https://www.etmoney.com/mutual-funds/samco-elss-tax-saver-fund/portfolio-details/43203,ACTIVE,NIFTY 500 TRI,97,2.47,2022-11-15,34.0,24.0,1.0,,-3.34,5.58,,5.9,1.0,0.0,0.0985,-8.1828,1.0955,19.6251
Sundaram ELSS Tax Saver Fund,ELSS,Sundaram Mutual Fund,31868,https://www.etmoney.com/mutual-funds/sundaram-elss-tax-saver-fund/portfolio-details/31868,ACTIVE,NIFTY 500 TRI,1183,2.16,1996-01-01,25.0,20.0,2.0,,-1.97,11.61,12.53,17.2,2.0,21.0,0.0985,-8.1828,1.0955,19.6251
Tata ELSS Fund,ELSS,Tata Mutual Fund,28004,https://www.etmoney.com/mutual-funds/tata-elss-fund/portfolio-details/28004,ACTIVE,NIFTY 500 TRI,4519,2.01,2014-10-13,14.0,7.0,3.0,,3.05,14.04,13.79,13.65,4.0,27.0,0.0985,-8.1828,1.0955,19.6251
UTI ELSS Tax Saver Fund,ELSS,UTI Mutual Fund,32407,https://www.etmoney.com/mutual-funds/uti-elss-tax-saver-fund/portfolio-details/32407,ACTIVE,NIFTY 500 TRI,3438,2.1,2005-08-01,29.0,25.0,2.0,,-3.4,10.57,10.3,11.18,2.0,-1.0,0.602,0.341,0.8537,13.6631
Union ELSS Tax Saver Fund,ELSS,Union Mutual Fund,13091,https://www.etmoney.com/mutual-funds/union-elss-tax-saver-fund/portfolio-details/13091,ACTIVE,BSE 500 TRI,841,2.66,2011-11-08,21.0,15.0,3.0,,0.68,12.48,13.38,13.54,2.0,-1.0,0.602,0.341,0.8537,13.6631
WhiteOak Capital ELSS Tax Saver Fund,ELSS,Whiteoak Capital Mutual Fund,42929,https://www.etmoney.com/mutual-funds/whiteoak-capital-elss-tax-saver-fund/portfolio-details/42929,ACTIVE,BSE 500 TRI,450,2.66,2022-08-16,3.0,18.0,5.0,,-0.35,17.12,,15.06,5.0,-1.0,0.8111,3.6187,0.9402,15.1646
360 ONE FlexiCap Fund,Flexi Cap,360 One Mutual Fund,43952,https://www.etmoney.com/mutual-funds/360-one-flexicap-fund/portfolio-details/43952,ACTIVE,BSE 500 TRI,1994,2.54,2023-06-12,,17.0,3.0,,0.23,,,13.84,0.0,-1.0,0.0,0.0,0.0,0.0
Abakkus Flexi Cap Fund,Flexi Cap,Abakkus Mutual Fund,46008,https://www.etmoney.com/mutual-funds/abakkus-flexi-cap-fund/portfolio-details/46008,ACTIVE,BSE 500 TRI,3901,1.92,2025-12-08,,,,1.84,,,,0.53,,,0.0,0.0,0.0,0.0
Aditya Birla Sun Life Flexi Cap Fund,Flexi Cap,Aditya Birla Sun Life Mutual Fund,32258,https://www.etmoney.com/mutual-funds/aditya-birla-sun-life-flexi-cap-fund/portfolio-details/32258,ACTIVE,NIFTY 500 TRI,25632,1.6,1998-08-17,9.0,8.0,4.0,,4.8,16.41,13.35,20.63,5.0,-1.0,0.7604,2.4868,0.953,14.8437
Axis Flexi Cap Fund,Flexi Cap,Axis Mutual Fund,35196,https://www.etmoney.com/mutual-funds/axis-flexi-cap-fund/portfolio-details/35196,ACTIVE,NIFTY 500 TRI,12546,1.71,2017-10-30,23.0,21.0,2.0,,-0.16,12.46,10.46,11.65,2.0,-1.0,0.6363,1.6423,1.1578,19.3844
Bajaj Finserv Flexi Cap Fund,Flexi Cap,Bajaj Finserv Mutual Fund,44044,https://www.etmoney.com/mutual-funds/bajaj-finserv-flexi-cap-fund/portfolio-details/44044,ACTIVE,BSE 500 TRI,6953,4.1,2023-07-24,,5.0,4.0,,5.72,,,14.28,0.0,0.0,0.0,0.0,0.0,0.0
Bandhan Flexi Cap Fund,Flexi Cap,Bandhan Mutual Fund,2698,https://www.etmoney.com/mutual-funds/bandhan-flexi-cap-fund/portfolio-details/2698,ACTIVE,BSE 500 TRI,7285,2.17,2005-09-05,17.0,16.0,3.0,,0.28,13.47,12.39,15.74,3.0,20.0,0.6363,1.6423,1.1578,19.3844
Bank of India Flexi Cap Fund,Flexi Cap,Bank Of India Mutual Fund,41487,https://www.etmoney.com/mutual-funds/bank-of-india-flexi-cap-fund/portfolio-details/41487,ACTIVE,BSE 500 TRI,2388,2.96,2020-06-10,1.0,1.0,5.0,,10.17,20.93,18.12,24.15,4.0,6.0,0.8282,5.4892,1.1102,19.0072
Baroda BNP Paribas Flexi Cap Fund,Flexi Cap,Baroda BNP Paribas Mutual Fund,42759,https://www.etmoney.com/mutual-funds/baroda-bnp-paribas-flexi-cap-fund/portfolio-details/42759,ACTIVE,NIFTY 500 TRI,1200,2.2,2022-07-25,15.0,13.0,3.0,,1.18,13.74,,12.1,3.0,-1.0,0.5807,0.0215,0.9984,15.9124
Canara Robeco Flexi Cap Fund,Flexi Cap,Canara Robeco Mutual Fund,1674,https://www.etmoney.com/mutual-funds/canara-robeco-flexi-cap-fund/portfolio-details/1674,ACTIVE,BSE 500 TRI,13083,1.88,2003-08-29,25.0,19.0,2.0,,-0.01,11.95,11.95,16.62,2.0,-1.0,0.5417,-0.7082,0.9328,14.5952
Capitalmind Flexi Cap Fund,Flexi Cap,Capitalmind Mutual Fund,45662,https://www.etmoney.com/mutual-funds/capitalmind-flexi-cap-fund/portfolio-details/45662,ACTIVE,NIFTY 500 TRI,425,3.08,2025-07-18,,,,-0.02,,,,-1.41,,,0.6363,1.6423,1.1578,19.3844
DSP Flexi Cap Fund,Flexi Cap,DSP Mutual Fund,5050,https://www.etmoney.com/mutual-funds/dsp-flexi-cap-fund/portfolio-details/5050,ACTIVE,NIFTY 500 TRI,11769,2.23,2007-06-07,19.0,29.0,3.0,,-2.03,13.41,11.9,12.82,3.0,13.0,0.6363,1.6423,1.1578,19.3844
Edelweiss Flexi Cap Fund,Flexi Cap,Edelweiss Mutual Fund,28768,https://www.etmoney.com/mutual-funds/edelweiss-flexi-cap-fund/portfolio-details/28768,ACTIVE,NIFTY 500 TRI,3320,1.92,2015-01-13,12.0,12.0,3.0,,2.28,15.79,14.68,12.39,5.0,-1.0,0.7231,2.1195,0.9853,15.5139
Franklin India Flexi Cap Fund,Flexi Cap,Franklin Templeton Mutual Fund,31895,https://www.etmoney.com/mutual-funds/franklin-india-flexi-cap-fund/portfolio-details/31895,ACTIVE,NIFTY 500 TRI,19049,1.71,1994-09-19,14.0,33.0,3.0,,-4.64,14.29,14.36,17.63,3.0,4.0,0.6363,1.6423,1.1578,19.3844
HDFC Flexi Cap Fund,Flexi Cap,HDFC Mutual Fund,31998,https://www.etmoney.com/mutual-funds/hdfc-flexi-cap-fund/portfolio-details/31998,ACTIVE,NIFTY 500 TRI,100479,1.27,1994-12-08,6.0,23.0,4.0,,-0.76,17.39,18.27,18.49,4.0,1.0,0.9361,4.7009,0.8195,13.106
HSBC Flexi Cap Fund,Flexi Cap,HSBC Mutual Fund,1898,https://www.etmoney.com/mutual-funds/hsbc-flexi-cap-fund/portfolio-details/1898,ACTIVE,NIFTY 500 TRI,5405,2.3,2004-01-22,7.0,10.0,4.0,,3.72,17.19,15.21,14.87,4.0,-1.0,0.7193,2.4673,1.0824,17.3268
Helios Flexi Cap Fund,Flexi Cap,Helios Mutual Fund,44218,https://www.etmoney.com/mutual-funds/helios-flexi-cap-fund/portfolio-details/44218,ACTIVE,NIFTY 500 TRI,6763,1.79,2023-10-23,,3.0,5.0,,6.29,,,14.62,0.0,0.0,0.0,0.0,0.0,0.0
ICICI Prudential Flexicap Fund,Flexi Cap,ICICI Prudential Mutual Fund,41991,https://www.etmoney.com/mutual-funds/icici-prudential-flexicap-fund/portfolio-details/41991,ACTIVE,BSE 500 TRI,20936,1.63,2021-06-28,11.0,9.0,3.0,,4.54,15.97,,13.79,4.0,-1.0,0.6363,1.6423,1.1578,19.3844
ITI Flexi Cap Fund,Flexi Cap,ITI Mutual Fund,43551,https://www.etmoney.com/mutual-funds/iti-flexi-cap-fund/portfolio-details/43551,ACTIVE,NIFTY 500 TRI,1290,2.52,2023-01-27,2.0,4.0,5.0,,5.78,18.33,,19.73,5.0,0.0,0.7934,3.8915,1.0756,17.4232
Invesco India Flexi Cap Fund,Flexi Cap,Invesco Mutual Fund,42467,https://www.etmoney.com/mutual-funds/invesco-india-flexi-cap-fund/portfolio-details/42467,ACTIVE,BSE 500 TRI,4816,1.86,2022-01-24,4.0,25.0,4.0,,-1.01,17.69,,14.35,4.0,-1.0,0.742,3.1449,1.0476,17.2767
JM Flexicap Fund,Flexi Cap,JM Financial Mutual Fund,8402,https://www.etmoney.com/mutual-funds/jm-flexicap-fund/portfolio-details/8402,ACTIVE,BSE 500 TRI,5041,2.58,2008-07-31,5.0,30.0,4.0,,-2.8,17.47,17.11,13.51,4.0,3.0,0.7218,2.8845,1.0594,17.5496
Kotak Flexicap Fund,Flexi Cap,Kotak Mahindra Mutual Fund,10258,https://www.etmoney.com/mutual-funds/kotak-flexicap-fund/portfolio-details/10258,ACTIVE,NIFTY 500 TRI,54839,1.42,2009-07-22,18.0,15.0,3.0,,0.59,13.43,12.79,13.34,3.0,8.0,0.6363,1.6423,1.1578,19.3844
LIC MF Flexi Cap Fund,Flexi Cap,LIC Mutual Fund,31913,https://www.etmoney.com/mutual-funds/lic-mf-flexi-cap-fund/portfolio-details/31913,ACTIVE,NIFTY 500 TRI,973,3.5,1993-01-11,27.0,6.0,2.0,,5.37,11.27,10.81,7.06,2.0,18.0,0.4222,-2.2906,0.985,16.1187
Mahindra Manulife Flexi Cap Fund,Flexi Cap,Mahindra Manulife Mutual Fund,42099,https://www.etmoney.com/mutual-funds/mahindra-manulife-flexi-cap-fund/portfolio-details/42099,ACTIVE,NIFTY 500 TRI,1542,2.07,2021-07-30,24.0,31.0,2.0,,-3.35,12.07,,9.27,3.0,-1.0,0.6363,1.6423,1.1578,19.3844
Mirae Asset Flexi Cap Fund,Flexi Cap,Mirae Asset Mutual Fund,43565,https://www.etmoney.com/mutual-funds/mirae-asset-flexi-cap-fund/portfolio-details/43565,ACTIVE,NIFTY 500 TRI,3960,2.01,2023-02-03,16.0,11.0,3.0,,3.7,13.49,,14.43,3.0,-1.0,0.6363,1.6423,1.1578,19.3844
Motilal Oswal Flexi Cap Fund,Flexi Cap,Motilal Oswal Mutual Fund,25643,https://www.etmoney.com/mutual-funds/motilal-oswal-flexi-cap-fund/portfolio-details/25643,ACTIVE,NIFTY 500 TRI,12770,1.91,2014-04-07,3.0,35.0,5.0,,-7.69,17.86,12.13,15.24,4.0,-1.0,0.7698,4.5803,0.9632,17.5045
Navi Flexi Cap Fund,Flexi Cap,Navi Mutual Fund,37164,https://www.etmoney.com/mutual-funds/navi-flexi-cap-fund/portfolio-details/37164,ACTIVE,NIFTY 500 TRI,260,2.48,2018-06-18,26.0,2.0,2.0,,6.48,11.56,11.84,11.2,2.0,23.0,0.4628,-1.8006,0.9897,15.8556
Nippon India Flexi Cap Fund,Flexi Cap,Nippon India Mutual Fund,42082,https://www.etmoney.com/mutual-funds/nippon-india-flexi-cap-fund/portfolio-details/42082,ACTIVE,NIFTY 500 TRI,9307,1.74,2021-07-26,21.0,24.0,3.0,,-0.79,12.71,,10.01,3.0,0.0,0.6363,1.6423,1.1578,19.3844
PGIM India Flexi Cap Fund,Flexi Cap,PGIM India Mutual Fund,28978,https://www.etmoney.com/mutual-funds/pgim-india-flexi-cap-fund/portfolio-details/28978,ACTIVE,NIFTY 500 TRI,5793,1.86,2015-02-11,29.0,22.0,1.0,,-0.72,10.04,10.11,11.76,2.0,-1.0,0.6363,1.6423,1.1578,19.3844
Parag Parikh Flexi Cap Fund,Flexi Cap,PPFAS Mutual Fund,19230,https://www.etmoney.com/mutual-funds/parag-parikh-flexi-cap-fund/portfolio-details/19230,ACTIVE,NIFTY 500 TRI,140949,1.36,2013-05-13,13.0,18.0,3.0,,0.22,15.65,15.5,17.6,3.0,2.0,1.0319,4.6841,0.6006,9.9138
Quant Flexi Cap Fund,Flexi Cap,Quant Mutual Fund,8576,https://www.etmoney.com/mutual-funds/quant-flexi-cap-fund/portfolio-details/8576,ACTIVE,NIFTY 500 TRI,6594,1.99,2008-08-25,8.0,7.0,4.0,,5.23,16.89,16.61,14.02,3.0,7.0,0.6363,1.6423,1.1578,19.3844
SBI Flexicap Fund,Flexi Cap,SBI Mutual Fund,2671,https://www.etmoney.com/mutual-funds/sbi-flexicap-fund/portfolio-details/2671,ACTIVE,BSE 500 TRI,22403,2.29,2005-08-22,30.0,26.0,1.0,,-1.21,9.62,10.34,12.02,1.0,-1.0,0.6363,1.6423,1.1578,19.3844
Samco Flexi Cap Fund,Flexi Cap,Samco Mutual Fund,42399,https://www.etmoney.com/mutual-funds/samco-flexi-cap-fund/portfolio-details/42399,ACTIVE,NIFTY 500 TRI,261,2.47,2022-01-17,32.0,32.0,1.0,,-3.49,0.91,,-0.69,1.0,-1.0,-0.1019,-12.0311,1.0856,19.6985
Sundaram Flexi Cap Fund,Flexi Cap,Sundaram Mutual Fund,42946,https://www.etmoney.com/mutual-funds/sundaram-flexi-cap-fund/portfolio-details/42946,ACTIVE,NIFTY 500 TRI,1825,2.03,2022-08-16,28.0,28.0,2.0,,-1.83,10.91,,9.36,2.0,-1.0,0.6363,1.6423,1.1578,19.3844
Tata Flexi Cap Fund,Flexi Cap,Tata Mutual Fund,37919,https://www.etmoney.com/mutual-funds/tata-flexi-cap-fund/portfolio-details/37919,ACTIVE,NIFTY 500 TRI,3633,2.04,2018-08-17,20.0,27.0,3.0,,-1.56,13.3,11.66,11.55,3.0,-1.0,0.6363,1.6423,1.1578,19.3844
The Wealth Company Flexi Cap Fund,Flexi Cap,The Wealth Company Mutual Fund,45827,https://www.etmoney.com/mutual-funds/the-wealth-company-flexi-cap-fund/portfolio-details/45827,ACTIVE,NIFTY 500 TRI,228,3.14,2025-09-24,,,,-1.63,,,,-2.8,,,0.0,0.0,0.0,0.0
UTI Flexi Cap Fund,Flexi Cap,UTI Mutual Fund,32026,https://www.etmoney.com/mutual-funds/uti-flexi-cap-fund/portfolio-details/32026,ACTIVE,NIFTY 500 TRI,22168,1.63,2005-08-01,31.0,34.0,1.0,,-7.61,7.48,6.7,13.33,1.0,-1.0,0.2405,-4.5755,0.8752,14.577
Union Flexi Cap Fund,Flexi Cap,Union Mutual Fund,12396,https://www.etmoney.com/mutual-funds/union-flexi-cap-fund/portfolio-details/12396,ACTIVE,BSE 500 TRI,2294,2.54,2011-05-20,22.0,20.0,2.0,,-0.02,12.6,12.82,11.24,3.0,9.0,0.6363,1.6423,1.1578,19.3844
WhiteOak Capital Flexi Cap Fund,Flexi Cap,Whiteoak Capital Mutual Fund,42767,https://www.etmoney.com/mutual-funds/whiteoak-capital-flexi-cap-fund/portfolio-details/42767,ACTIVE,BSE 500 TRI,7907,1.92,2022-07-12,10.0,14.0,4.0,,1.03,16.28,,14.52,4.0,-1.0,0.6363,1.6423,1.1578,19.3844
Franklin Asian Equity Fund,International,Franklin Templeton Mutual Fund,6190,https://www.etmoney.com/mutual-funds/franklin-asian-equity-fund/portfolio-details/6190,ACTIVE,,521,4.32,2007-11-19,,,,8.56,44.82,19.01,6.5,,0.0,-1.0,0.6789,0.0,0.0,17.0093
ICICI Prudential US Bluechip Equity Fund,International,ICICI Prudential Mutual Fund,14566,https://www.etmoney.com/mutual-funds/icici-prudential-us-bluechip-equity-fund/portfolio-details/14566,ACTIVE,S&P 500 TRI,3607,1.94,2012-06-18,,,,15.46,24.44,14.38,11.62,,0.0,-1.0,0.6316,0.0,0.0,13.8608
Nippon India Japan Equity Fund,International,Nippon India Mutual Fund,27208,https://www.etmoney.com/mutual-funds/nippon-india-japan-equity-fund/portfolio-details/27208,ACTIVE,S&P Japan 500 TRI,330,2.41,2014-08-08,,,,8.86,34.64,18.42,10.34,,0.0,-1.0,0.8556,0.0,0.0,13.7975
Nippon India Taiwan Equity Fund,International,Nippon India Mutual Fund,42301,https://www.etmoney.com/mutual-funds/nippon-india-taiwan-equity-fund/portfolio-details/42301,ACTIVE,Taiwan Capitalization Weighted Stock,1139,2.17,2021-11-22,,,,31.78,189.82,60.06,,,0.0,0.0,0.0,0.0,0.0,0.0
Aditya Birla Sun Life Large & Mid Cap Fund,Large & Mid Cap,Aditya Birla Sun Life Mutual Fund,31807,https://www.etmoney.com/mutual-funds/aditya-birla-sun-life-large-and-mid-cap-fund/portfolio-details/31807,ACTIVE,Nifty Large Midcap 250 TRI,5648,1.96,2001-04-02,24.0,15.0,1.0,,3.26,13.06,10.39,15.37,2.0,-1.0,0.9209,6.9682,1.1112,18.1573
Axis Large & Mid Cap Fund,Large & Mid Cap,Axis Mutual Fund,38316,https://www.etmoney.com/mutual-funds/axis-large-and-mid-cap-fund/portfolio-details/38316,ACTIVE,Nifty Large Midcap 250 TRI,15582,2.01,2018-10-01,11.0,8.0,3.0,,4.55,16.33,14.48,16.83,3.0,-1.0,0.8055,3.8261,0.9157,14.7271
Bajaj Finserv Large and Mid Cap Fund,Large & Mid Cap,Bajaj Finserv Mutual Fund,44481,https://www.etmoney.com/mutual-funds/bajaj-finserv-large-and-mid-cap-fund/portfolio-details/44481,ACTIVE,Nifty Large Midcap 250 TRI,2304,3.38,2024-02-06,,23.0,2.0,,0.26,,,7.28,0.0,-1.0,0.9209,6.9682,1.1112,18.1573
Bandhan Large & Mid Cap Fund,Large & Mid Cap,Bandhan Mutual Fund,2611,https://www.etmoney.com/mutual-funds/bandhan-large-and-mid-cap-fund/portfolio-details/2611,ACTIVE,Nifty Large Midcap 250 TRI,16672,2.45,2005-06-27,3.0,4.0,4.0,,7.32,21.78,18.73,13.13,5.0,2.0,1.0176,7.3334,1.0287,16.0788
Bank of India Large & Mid Cap Fund,Large & Mid Cap,Bank Of India Mutual Fund,8734,https://www.etmoney.com/mutual-funds/bank-of-india-large-and-mid-cap-fund/portfolio-details/8734,ACTIVE,BSE 250 Large MidCap TRI,468,2.48,2008-09-04,15.0,6.0,3.0,,5.7,15.3,14.2,13.5,3.0,23.0,0.65,1.4718,1.0074,15.8645
Baroda BNP Paribas Large & Mid Cap Fund,Large & Mid Cap,Baroda BNP Paribas Mutual Fund,41554,https://www.etmoney.com/mutual-funds/baroda-bnp-paribas-large-and-mid-cap-fund/portfolio-details/41554,ACTIVE,BSE 250 Large MidCap TRI,1718,2.11,2020-08-17,14.0,22.0,3.0,,0.64,15.54,15.2,18.42,3.0,-1.0,0.6459,1.5233,1.0331,16.3958
Canara Robeco Large and Mid Cap Fund,Large & Mid Cap,Canara Robeco Mutual Fund,2460,https://www.etmoney.com/mutual-funds/canara-robeco-large-and-mid-cap-fund/portfolio-details/2460,ACTIVE,Nifty Large Midcap 250 TRI,24675,2.34,2005-02-11,23.0,29.0,1.0,,-2.31,13.23,13.09,16.12,2.0,-1.0,0.5803,0.3779,1.0168,16.0269
DSP Large & Mid Cap Fund,Large & Mid Cap,DSP Mutual Fund,32451,https://www.etmoney.com/mutual-funds/dsp-large-and-mid-cap-fund/portfolio-details/32451,ACTIVE,Nifty Large Midcap 250 TRI,17331,2.12,2000-03-11,8.0,25.0,4.0,,-0.68,16.9,14.35,17.57,4.0,11.0,0.7363,2.7611,0.9839,15.4782
Edelweiss Large & Mid Cap Fund,Large & Mid Cap,Edelweiss Mutual Fund,4678,https://www.etmoney.com/mutual-funds/edelweiss-large-and-mid-cap-fund/portfolio-details/4678,ACTIVE,Nifty Large Midcap 250 TRI,4531,1.87,2007-04-19,12.0,12.0,3.0,,3.9,16.06,14.83,12.05,4.0,-1.0,0.9209,6.9682,1.1112,18.1573
Franklin India Large & Mid Cap Fund,Large & Mid Cap,Franklin Templeton Mutual Fund,2420,https://www.etmoney.com/mutual-funds/franklin-india-large-and-mid-cap-fund/portfolio-details/2420,ACTIVE,Nifty Large Midcap 250 TRI,3399,2.76,2005-01-17,22.0,25.0,2.0,,-0.68,13.68,12.58,14.65,1.0,-1.0,0.9209,6.9682,1.1112,18.1573
HDFC Large and Mid Cap Fund,Large & Mid Cap,HDFC Mutual Fund,31951,https://www.etmoney.com/mutual-funds/hdfc-large-and-mid-cap-fund/portfolio-details/31951,ACTIVE,Nifty Large Midcap 250 TRI,25295,1.59,1994-01-06,10.0,19.0,3.0,,1.53,16.63,16.96,12.88,4.0,4.0,0.7255,2.5596,1.0787,16.576
HSBC Large and Mid Cap Fund,Large & Mid Cap,HSBC Mutual Fund,39932,https://www.etmoney.com/mutual-funds/hsbc-large-and-mid-cap-fund/portfolio-details/39932,ACTIVE,Nifty Large Midcap 250 TRI,4877,3.09,2019-03-11,4.0,2.0,4.0,,9.94,18.99,16.19,15.34,3.0,16.0,0.7894,5.2067,1.0546,18.3202
Helios Large & Mid Cap Fund,Large & Mid Cap,Helios Mutual Fund,44967,https://www.etmoney.com/mutual-funds/helios-large-and-mid-cap-fund/portfolio-details/44967,ACTIVE,Nifty Large Midcap 250 TRI,824,2.3,2024-10-10,,3.0,5.0,,7.63,,,4.61,0.0,0.0,0.0,0.0,0.0,0.0
ICICI Prudential Large & Mid Cap Fund,Large & Mid Cap,ICICI Prudential Mutual Fund,32231,https://www.etmoney.com/mutual-funds/icici-prudential-large-and-mid-cap-fund/portfolio-details/32231,ACTIVE,Nifty Large Midcap 250 TRI,29757,2.0,1998-06-04,7.0,20.0,4.0,,1.5,17.78,18.31,17.8,4.0,1.0,0.9087,4.9446,0.9269,14.3941
ITI Large & Mid Cap Fund,Large & Mid Cap,ITI Mutual Fund,44859,https://www.etmoney.com/mutual-funds/iti-large-and-mid-cap-fund/portfolio-details/44859,ACTIVE,Nifty Large Midcap 250 TRI,736,3.97,2024-08-21,,24.0,2.0,,-0.17,,,-5.06,0.0,-1.0,0.0,0.0,0.0,0.0
Invesco India Large & Mid Cap Fund,Large & Mid Cap,Invesco Mutual Fund,5153,https://www.etmoney.com/mutual-funds/invesco-india-large-and-mid-cap-fund/portfolio-details/5153,ACTIVE,Nifty Large Midcap 250 TRI,9761,1.9,2007-07-09,2.0,5.0,5.0,,6.02,22.14,17.95,13.01,4.0,8.0,0.9209,6.9682,1.1112,18.1573
JM Large & Mid Cap Fund,Large & Mid Cap,JM Financial Mutual Fund,45652,https://www.etmoney.com/mutual-funds/jm-large-and-mid-cap-fund/portfolio-details/45652,ACTIVE,Nifty Large Midcap 250 TRI,419,2.42,2025-07-04,,,,-0.65,,,,-2.11,,,0.9209,6.9682,1.1112,18.1573
Kotak Large & Midcap Fund,Large & Mid Cap,Kotak Mahindra Mutual Fund,2178,https://www.etmoney.com/mutual-funds/kotak-large-and-midcap-fund/portfolio-details/2178,ACTIVE,Nifty Large Midcap 250 TRI,30251,1.58,2004-07-27,13.0,14.0,3.0,,3.44,15.73,15.35,17.56,3.0,5.0,0.7363,2.7611,0.9839,15.4782
LIC MF Large & Mid Cap Fund,Large & Mid Cap,LIC Mutual Fund,28921,https://www.etmoney.com/mutual-funds/lic-mf-large-and-mid-cap-fund/portfolio-details/28921,ACTIVE,Nifty Large Midcap 250 TRI,2958,3.54,2015-02-02,17.0,28.0,2.0,,-1.27,14.98,13.53,12.24,3.0,-1.0,0.9209,6.9682,1.1112,18.1573
Mahindra Manulife Large & Mid Cap Fund,Large & Mid Cap,Mahindra Manulife Mutual Fund,40868,https://www.etmoney.com/mutual-funds/mahindra-manulife-large-and-mid-cap-fund/portfolio-details/40868,ACTIVE,Nifty Large Midcap 250 TRI,2688,3.15,2019-12-06,19.0,21.0,2.0,,0.7,14.42,14.09,16.13,3.0,-1.0,0.6264,1.2307,0.9823,15.726
Mirae Asset Large & Midcap Fund,Large & Mid Cap,Mirae Asset Mutual Fund,10842,https://www.etmoney.com/mutual-funds/mirae-asset-large-and-midcap-fund/portfolio-details/10842,ACTIVE,Nifty Large Midcap 250 TRI,42338,1.7,2010-05-24,18.0,11.0,2.0,,4.05,14.6,12.98,18.51,3.0,-1.0,0.6253,0.8652,1.055,16.1896
Motilal Oswal Large and Midcap Fund,Large & Mid Cap,Motilal Oswal Mutual Fund,40809,https://www.etmoney.com/mutual-funds/motilal-oswal-large-and-midcap-fund/portfolio-details/40809,ACTIVE,Nifty Large Midcap 250 TRI,16777,1.91,2019-09-27,1.0,1.0,5.0,,11.74,23.98,21.12,20.26,3.0,6.0,0.9004,8.9194,1.1833,21.4395
Nippon India Vision Large & Mid Cap Fund,Large & Mid Cap,Nippon India Mutual Fund,31961,https://www.etmoney.com/mutual-funds/nippon-india-vision-large-and-mid-cap-fund/portfolio-details/31961,ACTIVE,Nifty Large Midcap 250 TRI,7081,1.8,1995-09-25,6.0,17.0,4.0,,1.69,17.92,16.4,17.58,5.0,-1.0,0.8352,4.1175,1.0241,15.691
PGIM India Large and Mid Cap Fund,Large & Mid Cap,PGIM India Mutual Fund,44448,https://www.etmoney.com/mutual-funds/pgim-india-large-and-mid-cap-fund/portfolio-details/44448,ACTIVE,Nifty Large Midcap 250 TRI,784,2.37,2024-01-24,,27.0,2.0,,-1.25,,,7.05,0.0,-1.0,0.9209,6.9682,1.1112,18.1573
Quant Large and Mid Cap Fund,Large & Mid Cap,Quant Mutual Fund,3918,https://www.etmoney.com/mutual-funds/quant-large-and-mid-cap-fund/portfolio-details/3918,ACTIVE,Nifty Large Midcap 250 TRI,3249,1.96,2006-11-20,9.0,16.0,3.0,,2.78,16.76,15.64,13.33,2.0,-1.0,0.5907,1.2331,1.1841,19.6806
SBI Large & Midcap Fund,Large & Mid Cap,SBI Mutual Fund,31976,https://www.etmoney.com/mutual-funds/sbi-large-and-midcap-fund/portfolio-details/31976,ACTIVE,Nifty Large Midcap 250 TRI,38426,1.72,2005-05-26,16.0,7.0,3.0,,4.84,15.04,15.83,16.84,3.0,-1.0,0.9209,6.9682,1.1112,18.1573
Samco Large & Mid Cap Fund,Large & Mid Cap,Samco Mutual Fund,45550,https://www.etmoney.com/mutual-funds/samco-large-and-mid-cap-fund/portfolio-details/45550,ACTIVE,Nifty Large Midcap 250 TRI,112,2.49,2025-06-05,,,,-11.19,,,,-14.33,,,0.9209,6.9682,1.1112,18.1573
Sundaram Large and Mid Cap Fund,Large & Mid Cap,Sundaram Mutual Fund,3959,https://www.etmoney.com/mutual-funds/sundaram-large-and-mid-cap-fund/portfolio-details/3959,ACTIVE,Nifty Large Midcap 250 TRI,6031,9.43,2007-01-10,21.0,18.0,2.0,,1.55,13.69,13.4,13.8,2.0,-1.0,0.9209,6.9682,1.1112,18.1573
Tata Large & Mid Cap Fund,Large & Mid Cap,Tata Mutual Fund,31881,https://www.etmoney.com/mutual-funds/tata-large-and-mid-cap-fund/portfolio-details/31881,ACTIVE,Nifty Large Midcap 250 TRI,7802,1.81,1993-02-25,25.0,30.0,1.0,,-6.83,8.53,11.38,12.18,1.0,-1.0,0.0,0.0,0.0,0.0
UTI Large & Mid Cap Fund,Large & Mid Cap,UTI Mutual Fund,32037,https://www.etmoney.com/mutual-funds/uti-large-and-mid-cap-fund/portfolio-details/32037,ACTIVE,Nifty Large Midcap 250 TRI,5896,1.85,2005-08-01,5.0,13.0,4.0,,3.65,18.9,16.76,13.12,5.0,-1.0,0.8896,4.9766,0.9996,15.455
Union Large & Midcap Fund,Large & Mid Cap,Union Mutual Fund,40856,https://www.etmoney.com/mutual-funds/union-large-and-midcap-fund/portfolio-details/40856,ACTIVE,Nifty Large Midcap 250 TRI,920,2.87,2019-11-15,20.0,10.0,2.0,,4.06,13.77,14.24,15.38,2.0,-1.0,0.9209,6.9682,1.1112,18.1573
WhiteOak Capital Large & Mid Cap Fund,Large & Mid Cap,Whiteoak Capital Mutual Fund,44298,https://www.etmoney.com/mutual-funds/whiteoak-capital-large-and-mid-cap-fund/portfolio-details/44298,ACTIVE,BSE 250 Large MidCap TRI,2180,2.29,2023-12-01,,9.0,4.0,,4.39,,,11.3,0.0,-1.0,0.9209,6.9682,1.1112,18.1573
Aditya Birla Sun Life Large Cap Fund,Large Cap,Aditya Birla Sun Life Mutual Fund,1247,https://www.etmoney.com/mutual-funds/aditya-birla-sun-life-large-cap-fund/portfolio-details/1247,ACTIVE,NIFTY 100 TRI,26702,1.58,2002-08-12,13.0,23.0,3.0,17.9,-3.61,11.33,11.79,17.87,4.0,8.0,,,,
Axis Large Cap Fund,Large Cap,Axis Mutual Fund,10434,https://www.etmoney.com/mutual-funds/axis-large-cap-fund/portfolio-details/10434,ACTIVE,BSE 100 TRI,30498,1.57,2009-11-11,26.0,29.0,2.0,11.14,-5.08,8.71,7.8,11.09,1.0,-1.0,,,,
Bajaj Finserv Large Cap Fund,Large Cap,Bajaj Finserv Mutual Fund,44813,https://www.etmoney.com/mutual-funds/bajaj-finserv-large-cap-fund/portfolio-details/44813,ACTIVE,NIFTY 100 TRI,1483,3.71,2024-07-29,,7.0,4.0,-2.32,-0.48,,,-2.75,0.0,-1.0,,,,
Bandhan Large Cap Fund,Large Cap,Bandhan Mutual Fund,3207,https://www.etmoney.com/mutual-funds/bandhan-large-cap-fund/portfolio-details/3207,ACTIVE,BSE 100 TRI,2007,2.34,2006-04-19,8.0,4.0,4.0,,0.25,13.0,12.47,10.56,4.0,14.0,0.6029,1.656,1.0183,15.0249
Bank of India Large Cap Fund,Large Cap,Bank Of India Mutual Fund,41987,https://www.etmoney.com/mutual-funds/bank-of-india-large-cap-fund/portfolio-details/41987,ACTIVE,NIFTY 100 TRI,213,2.47,2021-06-08,2.0,1.0,5.0,,4.37,14.12,,10.14,4.0,0.0,0.611,2.1165,1.0781,16.2917
Baroda BNP Paribas Large Cap Fund,Large Cap,Baroda BNP Paribas Mutual Fund,2156,https://www.etmoney.com/mutual-funds/baroda-bnp-paribas-large-cap-fund/portfolio-details/2156,ACTIVE,NIFTY 100 TRI,2579,2.0,2004-08-09,9.0,12.0,4.0,,-1.09,12.91,12.58,15.05,4.0,-1.0,0.5935,1.4899,0.994,14.687
Canara Robeco Large Cap Fund,Large Cap,Canara Robeco Mutual Fund,10960,https://www.etmoney.com/mutual-funds/canara-robeco-large-cap-fund/portfolio-details/10960,ACTIVE,BSE 100 TRI,16542,1.75,2010-06-28,17.0,27.0,3.0,,-4.62,10.89,10.87,11.9,3.0,4.0,0.505,0.0766,0.9451,13.756
DSP Large Cap Fund,Large Cap,DSP Mutual Fund,1386,https://www.etmoney.com/mutual-funds/dsp-large-cap-fund/portfolio-details/1386,ACTIVE,BSE 100 TRI,7192,2.52,2003-02-10,7.0,28.0,4.0,,-4.78,13.26,11.66,18.02,4.0,6.0,0.6856,2.6416,0.8882,13.2708
Edelweiss Large Cap Fund,Large Cap,Edelweiss Mutual Fund,10108,https://www.etmoney.com/mutual-funds/edelweiss-large-cap-fund/portfolio-details/10108,ACTIVE,NIFTY 100 TRI,1439,2.12,2009-05-04,18.0,22.0,3.0,13.09,-3.38,10.79,11.49,13.03,3.0,-1.0,,,,
Franklin India Large Cap Fund,Large Cap,Franklin Templeton Mutual Fund,31893,https://www.etmoney.com/mutual-funds/franklin-india-large-cap-fund/portfolio-details/31893,ACTIVE,NIFTY 100 TRI,7236,2.24,1993-10-30,19.0,21.0,3.0,,-3.11,10.73,9.5,18.47,2.0,-1.0,0.4847,-0.1196,0.9048,13.324
HDFC Large Cap Fund,Large Cap,HDFC Mutual Fund,31883,https://www.etmoney.com/mutual-funds/hdfc-large-cap-fund/portfolio-details/31883,ACTIVE,NIFTY 100 TRI,38121,1.9,1996-08-19,15.0,24.0,3.0,,-3.97,11.11,12.85,17.85,3.0,-1.0,0.4913,-0.0303,0.9503,13.9995
HSBC Large Cap Fund,Large Cap,HSBC Mutual Fund,1328,https://www.etmoney.com/mutual-funds/hsbc-large-cap-fund/portfolio-details/1328,ACTIVE,NIFTY 100 TRI,1784,2.1,2002-11-14,14.0,15.0,3.0,17.52,-1.73,11.12,10.97,17.49,3.0,-1.0,,,,
ICICI Prudential Equity Minimum Variance Fund,Large Cap,ICICI Prudential Mutual Fund,45101,https://www.etmoney.com/mutual-funds/icici-prudential-equity-minimum-variance-fund/portfolio-details/45101,ACTIVE,Nifty 50 Total Return,2985,2.16,2024-11-18,,11.0,4.0,,-0.97,,,1.47,0.0,-1.0,0.0,0.0,0.0,0.0
ICICI Prudential Large Cap Fund,Large Cap,ICICI Prudential Mutual Fund,7298,https://www.etmoney.com/mutual-funds/icici-prudential-large-cap-fund/portfolio-details/7298,ACTIVE,NIFTY 100 TRI,75650,1.69,2008-04-08,4.0,16.0,4.0,,-2.49,13.89,14.04,13.94,4.0,1.0,0.6882,2.6293,0.914,13.475
ITI Large Cap Fund,Large Cap,ITI Mutual Fund,41676,https://www.etmoney.com/mutual-funds/iti-large-cap-fund/portfolio-details/41676,ACTIVE,NIFTY 100 TRI,370,2.47,2020-12-04,22.0,24.0,2.0,9.53,-3.97,9.99,8.91,9.37,3.0,-1.0,,,,
Invesco India Largecap Fund,Large Cap,Invesco Mutual Fund,10234,https://www.etmoney.com/mutual-funds/invesco-india-largecap-fund/portfolio-details/10234,ACTIVE,NIFTY 100 TRI,1722,2.08,2009-07-10,3.0,5.0,4.0,,-0.14,14.05,13.35,11.95,5.0,13.0,0.6209,2.0664,1.0709,15.8678
JM Large Cap Fund,Large Cap,JM Financial Mutual Fund,31887,https://www.etmoney.com/mutual-funds/jm-large-cap-fund/portfolio-details/31887,ACTIVE,BSE 100 TRI,422,2.82,1994-12-12,10.0,13.0,3.0,9.12,-1.2,12.11,11.92,9.09,3.0,-1.0,,,,
Kotak Large Cap Fund,Large Cap,Kotak Mahindra Mutual Fund,32273,https://www.etmoney.com/mutual-funds/kotak-large-cap-fund/portfolio-details/32273,ACTIVE,NIFTY 100 TRI,10599,1.89,2003-02-06,12.0,20.0,3.0,17.75,-2.95,11.37,11.6,17.71,4.0,-1.0,,,,
LIC MF Large Cap Fund,Large Cap,LIC Mutual Fund,31937,https://www.etmoney.com/mutual-funds/lic-mf-large-cap-fund/portfolio-details/31937,ACTIVE,NIFTY 100 TRI,1352,3.56,1994-07-21,28.0,33.0,1.0,5.85,-6.34,7.95,8.67,5.84,1.0,-1.0,,,,
Mahindra Manulife Large Cap Fund,Large Cap,Mahindra Manulife Mutual Fund,39700,https://www.etmoney.com/mutual-funds/mahindra-manulife-large-cap-fund/portfolio-details/39700,ACTIVE,NIFTY 100 TRI,701,2.34,2019-02-22,21.0,32.0,2.0,11.25,-6.06,10.3,10.03,11.16,3.0,-1.0,,,,
Mirae Asset Large Cap Fund,Large Cap,Mirae Asset Mutual Fund,6550,https://www.etmoney.com/mutual-funds/mirae-asset-large-cap-fund/portfolio-details/6550,ACTIVE,NIFTY 100 TRI,38239,1.76,2008-02-11,24.0,19.0,2.0,,-2.87,9.36,10.15,13.91,2.0,-1.0,0.3963,-1.4167,0.9669,14.1623
Motilal Oswal Large Cap Fund,Large Cap,Motilal Oswal Mutual Fund,44427,https://www.etmoney.com/mutual-funds/motilal-oswal-large-cap-fund/portfolio-details/44427,ACTIVE,NIFTY 100 TRI,3171,1.97,2024-01-17,,18.0,3.0,13.24,-2.78,,,12.81,0.0,0.0,0.0,0.0,0.0,0.0
Nippon India Large Cap Fund,Large Cap,Nippon India Mutual Fund,5077,https://www.etmoney.com/mutual-funds/nippon-india-large-cap-fund/portfolio-details/5077,ACTIVE,BSE 100 TRI,51690,3.51,2007-06-12,1.0,8.0,5.0,,-0.68,14.18,16.16,12.33,5.0,-1.0,0.7156,3.173,0.9617,14.2046
PGIM India Large Cap Fund,Large Cap,PGIM India Mutual Fund,1360,https://www.etmoney.com/mutual-funds/pgim-india-large-cap-fund/portfolio-details/1360,ACTIVE,NIFTY 100 TRI,544,2.45,2003-01-14,29.0,30.0,1.0,16.03,-5.18,7.44,8.0,15.97,1.0,-1.0,,,,
PGIM India Retirement Fund,Large Cap,PGIM India Mutual Fund,44614,https://www.etmoney.com/mutual-funds/pgim-india-retirement-fund/portfolio-details/44614,ACTIVE,BSE 500 TRI,97,2.47,2024-03-26,,9.0,4.0,,-0.78,,,6.91,0.0,-1.0,0.0,0.0,0.0,0.0
Quant Large Cap Fund,Large Cap,Quant Mutual Fund,42809,https://www.etmoney.com/mutual-funds/quant-large-cap-fund/portfolio-details/42809,ACTIVE,NIFTY 100 TRI,3112,2.53,2022-07-20,4.0,2.0,4.0,,2.27,13.89,,10.42,3.0,0.0,0.5558,1.6438,1.1587,18.1142
SBI Equity Minimum Variance Fund,Large Cap,SBI Mutual Fund,39840,https://www.etmoney.com/mutual-funds/sbi-equity-minimum-variance-fund/portfolio-details/39840,ACTIVE,Nifty 50 Total Return,211,0.75,2019-03-02,16.0,3.0,3.0,12.95,0.9,11.09,11.29,12.83,2.0,7.0,,,,
SBI Large Cap Fund,Large Cap,SBI Mutual Fund,2893,https://www.etmoney.com/mutual-funds/sbi-large-cap-fund/portfolio-details/2893,ACTIVE,BSE 100 TRI,53468,1.47,2005-12-23,20.0,6.0,2.0,,-0.38,10.51,11.79,11.43,2.0,12.0,0.4655,-0.3986,0.9417,13.8492
Samco Large Cap Fund,Large Cap,Samco Mutual Fund,45367,https://www.etmoney.com/mutual-funds/samco-large-cap-fund/portfolio-details/45367,ACTIVE,NIFTY 100 TRI,107,2.47,2025-03-05,,34.0,1.0,,-7.24,,,-9.12,0.0,-1.0,0.0,0.0,0.0,0.0
Sundaram Large Cap Fund,Large Cap,Sundaram Mutual Fund,41570,https://www.etmoney.com/mutual-funds/sundaram-large-cap-fund/portfolio-details/41570,ACTIVE,NIFTY 100 TRI,2889,1.94,2020-09-17,27.0,26.0,1.0,12.9,-4.5,8.58,9.9,12.79,2.0,-1.0,,,,
Tata Large Cap Fund,Large Cap,Tata Mutual Fund,32210,https://www.etmoney.com/mutual-funds/tata-large-cap-fund/portfolio-details/32210,ACTIVE,NIFTY 100 TRI,2688,2.0,1998-03-23,11.0,10.0,3.0,18.2,-0.89,11.48,11.91,18.16,3.0,-1.0,,,,
UTI Large Cap Fund,Large Cap,UTI Mutual Fund,31802,https://www.etmoney.com/mutual-funds/uti-large-cap-fund/portfolio-details/31802,ACTIVE,BSE 100 TRI,12053,1.94,2005-08-01,25.0,31.0,2.0,12.35,-5.41,8.98,9.36,12.3,2.0,-1.0,,,,
Union Largecap Fund,Large Cap,Union Mutual Fund,34573,https://www.etmoney.com/mutual-funds/union-largecap-fund/portfolio-details/34573,ACTIVE,BSE 100 TRI,439,2.42,2017-04-20,23.0,17.0,2.0,9.41,-2.67,9.5,10.26,9.27,2.0,-1.0,,,,
WhiteOak Capital Large Cap Fund,Large Cap,Whiteoak Capital Mutual Fund,43155,https://www.etmoney.com/mutual-funds/whiteoak-capital-large-cap-fund/portfolio-details/43155,ACTIVE,BSE 100 TRI,1045,2.63,2022-11-10,6.0,14.0,4.0,11.04,-1.39,13.34,,10.79,5.0,-1.0,,,,
Aditya Birla Sun Life Nifty 50 Equal Weight Index Fund,Large Cap Index,Aditya Birla Sun Life Mutual Fund,41971,https://www.etmoney.com/mutual-funds/aditya-birla-sun-life-nifty-50-equal-weight-index-fund/portfolio-details/41971,ACTIVE,NIFTY 50 Equal Weight TRI,467,1.1,2021-05-19,,,,12.73,4.03,15.13,,,5.0,-1.0,,,,
Aditya Birla Sun Life Nifty 50 Index Fund,Large Cap Index,Aditya Birla Sun Life Mutual Fund,1292,https://www.etmoney.com/mutual-funds/aditya-birla-sun-life-nifty-50-index-fund/portfolio-details/1292,ACTIVE,Nifty 50 Total Return,1407,0.52,2002-09-10,,,,14.36,-4.03,9.56,9.94,,2.0,-1.0,,,,
Aditya Birla Sun Life Nifty Next 50 Index Fund,Large Cap Index,Aditya Birla Sun Life Mutual Fund,42525,https://www.etmoney.com/mutual-funds/aditya-birla-sun-life-nifty-next-50-index-fund/portfolio-details/42525,ACTIVE,NIFTY Next 50 TRI,239,0.89,2022-01-31,,,,13.38,3.77,18.86,,,4.0,-1.0,0.7273,5.3283,1.3018,20.339
Axis BSE Sensex Index Fund,Large Cap Index,Axis Mutual Fund,44513,https://www.etmoney.com/mutual-funds/axis-bse-sensex-index-fund/portfolio-details/44513,ACTIVE,BSE Sensex TRI,52,0.71,2024-02-08,,,,2.16,-7.13,,,,0.0,-1.0,,,,
Axis Nifty 100 Index Fund,Large Cap Index,Axis Mutual Fund,40769,https://www.etmoney.com/mutual-funds/axis-nifty-100-index-fund/portfolio-details/40769,ACTIVE,NIFTY 100 TRI,1975,0.93,2019-09-27,,,,11.89,-3.06,10.71,9.95,,3.0,-1.0,,,,
Axis Nifty 50 Index Fund,Large Cap Index,Axis Mutual Fund,42323,https://www.etmoney.com/mutual-funds/axis-nifty-50-index-fund/portfolio-details/42323,ACTIVE,Nifty 50 Total Return,972,0.52,2021-11-15,,,,7.72,-4.0,9.6,,,2.0,-1.0,,,,
Axis Nifty Next 50 Index Fund,Large Cap Index,Axis Mutual Fund,42409,https://www.etmoney.com/mutual-funds/axis-nifty-next-50-index-fund/portfolio-details/42409,ACTIVE,NIFTY Next 50 TRI,475,1.04,2022-01-07,,,,12.05,3.58,18.89,,,4.0,-1.0,,,,
Bajaj Finserv Nifty 50 Index Fund,Large Cap Index,Bajaj Finserv Mutual Fund,45481,https://www.etmoney.com/mutual-funds/bajaj-finserv-nifty-50-index-fund/portfolio-details/45481,ACTIVE,Nifty 50 Total Return,38,1.06,2025-04-25,,,,-5.25,-4.77,,,,0.0,-1.0,,,,
Bajaj Finserv Nifty Next 50 Index Fund,Large Cap Index,Bajaj Finserv Mutual Fund,45461,https://www.etmoney.com/mutual-funds/bajaj-finserv-nifty-next-50-index-fund/portfolio-details/45461,ACTIVE,NIFTY Next 50 TRI,29,1.06,2025-04-22,,,,5.02,2.89,,,,0.0,-1.0,,,,
Bandhan Nifty 100 Index Fund,Large Cap Index,Bandhan Mutual Fund,42529,https://www.etmoney.com/mutual-funds/bandhan-nifty-100-index-fund/portfolio-details/42529,ACTIVE,NIFTY 100 TRI,234,0.62,2022-02-07,,,,8.96,-2.78,11.0,,,3.0,-1.0,,,,
Bandhan Nifty 50 Index Fund,Large Cap Index,Bandhan Mutual Fund,10787,https://www.etmoney.com/mutual-funds/bandhan-nifty-50-index-fund/portfolio-details/10787,ACTIVE,Nifty 50 Total Return,2652,0.63,2010-04-12,,,,10.75,-4.2,9.37,9.87,,2.0,-1.0,0.3607,-1.9172,0.9462,13.757
Bandhan Nifty Alpha Low Volatility 30 Index Fund,Large Cap Index,Bandhan Mutual Fund,45213,https://www.etmoney.com/mutual-funds/bandhan-nifty-alpha-low-volatility-30-index-fund/portfolio-details/45213,ACTIVE,Nifty Alpha Low Volatility 30,9,1.03,2025-01-08,,,,-1.39,-3.99,,,,0.0,-1.0,,,,
Bandhan Nifty Next 50 Index Fund,Large Cap Index,Bandhan Mutual Fund,45338,https://www.etmoney.com/mutual-funds/bandhan-nifty-next-50-index-fund/portfolio-details/45338,ACTIVE,NIFTY Next 50 TRI,30,1.34,2025-02-13,,,,16.14,3.55,,,,0.0,-1.0,,,,
Bandhan Nifty100 Low Volatility 30 Index Fund,Large Cap Index,Bandhan Mutual Fund,42986,https://www.etmoney.com/mutual-funds/bandhan-nifty100-low-volatility-30-index-fund/portfolio-details/42986,ACTIVE,NIFTY 100 Low Volatility 30 TRI,1684,0.95,2022-09-15,,,,11.79,-0.8,12.27,,,3.0,-1.0,,,,
Baroda BNP Paribas NIFTY 50 Index Fund,Large Cap Index,Baroda BNP Paribas Mutual Fund,44350,https://www.etmoney.com/mutual-funds/baroda-bnp-paribas-nifty-50-index-fund/portfolio-details/44350,ACTIVE,Nifty 50 Total Return,57,0.56,2024-01-08,,,,4.64,-4.25,,,,0.0,-1.0,,,,
DSP BSE Sensex Next 30 Index Fund,Large Cap Index,DSP Mutual Fund,45225,https://www.etmoney.com/mutual-funds/dsp-bse-sensex-next-30-index-fund/portfolio-details/45225,ACTIVE,BSE Sensex Next 30 TRI,21,1.02,2025-01-10,,,,13.27,10.45,,,,0.0,0.0,0.0,0.0,0.0,0.0
DSP Nifty 50 Equal Weight Index Fund,Large Cap Index,DSP Mutual Fund,35180,https://www.etmoney.com/mutual-funds/dsp-nifty-50-equal-weight-index-fund/portfolio-details/35180,ACTIVE,NIFTY 50 Equal Weight TRI,2523,0.95,2017-09-29,,,,11.67,4.15,15.27,13.85,,5.0,-1.0,0.6837,2.856,0.9898,14.7015
DSP Nifty 50 Index Fund,Large Cap Index,DSP Mutual Fund,39611,https://www.etmoney.com/mutual-funds/dsp-nifty-50-index-fund/portfolio-details/39611,ACTIVE,Nifty 50 Total Return,1085,0.38,2019-02-11,,,,12.11,-3.91,9.67,10.11,,2.0,-1.0,,,,
DSP Nifty Next 50 Index Fund,Large Cap Index,DSP Mutual Fund,39641,https://www.etmoney.com/mutual-funds/dsp-nifty-next-50-index-fund/portfolio-details/39641,ACTIVE,NIFTY Next 50 TRI,1261,0.98,2019-02-11,,,,14.57,3.96,19.31,13.53,,4.0,-1.0,0.7467,5.7221,1.3032,20.35
DSP Nifty Top 10 Equal Weight Index Fund,Large Cap Index,DSP Mutual Fund,44852,https://www.etmoney.com/mutual-funds/dsp-nifty-top-10-equal-weight-index-fund/portfolio-details/44852,ACTIVE,Nifty Top 10 Equal Weight TRI,1224,1.04,2024-08-16,,,,-6.54,-11.7,,,,0.0,-1.0,0.0,0.0,0.0,0.0
Edelweiss Nifty 100 Quality 30 Index Fund,Large Cap Index,Edelweiss Mutual Fund,32926,https://www.etmoney.com/mutual-funds/edelweiss-nifty-100-quality-30-index-fund/portfolio-details/32926,ACTIVE,NIFTY 100 Quality 30 TRI,148,1.04,2016-05-12,,,,-4.02,-0.7,10.97,-17.55,,3.0,-1.0,0.4647,0.0022,0.9806,15.3475
Edelweiss Nifty 50 Index Fund,Large Cap Index,Edelweiss Mutual Fund,29701,https://www.etmoney.com/mutual-funds/edelweiss-nifty-50-index-fund/portfolio-details/29701,ACTIVE,Nifty 50 Total Return,286,0.46,2015-04-24,,,,-15.14,-4.06,9.36,-39.42,,2.0,-1.0,,,,
Edelweiss Nifty Alpha Low Volatility 30 Index Fund,Large Cap Index,Edelweiss Mutual Fund,44668,https://www.etmoney.com/mutual-funds/edelweiss-nifty-alpha-low-volatility-30-index-fund/portfolio-details/44668,ACTIVE,Nifty Alpha Low Volatility 30,97,1.05,2024-04-26,,,,-2.86,-3.91,,,,0.0,-1.0,,,,
Edelweiss Nifty Next 50 Index Fund,Large Cap Index,Edelweiss Mutual Fund,43246,https://www.etmoney.com/mutual-funds/edelweiss-nifty-next-50-index-fund/portfolio-details/43246,ACTIVE,NIFTY Next 50 TRI,256,0.86,2022-11-10,,,,13.75,3.76,18.9,,,4.0,-1.0,,,,
Franklin India NSE Nifty 50 Index,Large Cap Index,Franklin Templeton Mutual Fund,32500,https://www.etmoney.com/mutual-funds/franklin-india-nse-nifty-50-index/portfolio-details/32500,ACTIVE,Nifty 50 Total Return,730,0.65,2000-06-26,,,,12.19,-4.09,9.41,9.82,,2.0,-1.0,,,,
HDFC BSE Sensex Index Fund,Large Cap Index,HDFC Mutual Fund,1219,https://www.etmoney.com/mutual-funds/hdfc-bse-sensex-index-fund/portfolio-details/1219,ACTIVE,BSE Sensex TRI,8512,0.36,2002-07-03,,,,13.77,-7.01,7.52,9.15,,1.0,-1.0,,,,
HDFC NIFTY 100 Equal Weight Index Fund,Large Cap Index,HDFC Mutual Fund,42547,https://www.etmoney.com/mutual-funds/hdfc-nifty-100-equal-weight-index-fund/portfolio-details/42547,ACTIVE,NIFTY 100 Equal Weight TRI,434,0.88,2022-02-11,,,,12.81,4.26,17.15,,,5.0,0.0,0.718,3.945,1.1434,17.072
HDFC NIFTY Next 50 Index Fund,Large Cap Index,HDFC Mutual Fund,42264,https://www.etmoney.com/mutual-funds/hdfc-nifty-next-50-index-fund/portfolio-details/42264,ACTIVE,NIFTY Next 50 TRI,2369,0.71,2021-10-22,,,,11.0,3.88,19.06,,,4.0,-1.0,,,,
HDFC NIFTY100 Low Volatility 30 Index Fund,Large Cap Index,HDFC Mutual Fund,44764,https://www.etmoney.com/mutual-funds/hdfc-nifty100-low-volatility-30-index-fund/portfolio-details/44764,ACTIVE,NIFTY 100 Low Volatility 30 TRI,241,0.9,2024-06-21,,,,0.08,-0.66,,,,0.0,-1.0,,,,
HDFC NIFTY50 Equal Weight Index Fund,Large Cap Index,HDFC Mutual Fund,42103,https://www.etmoney.com/mutual-funds/hdfc-nifty50-equal-weight-index-fund/portfolio-details/42103,ACTIVE,NIFTY 50 Equal Weight TRI,1730,0.97,2021-08-04,,,,12.94,4.19,15.33,,,5.0,0.0,0.6873,2.9083,0.9902,14.7048
HDFC Nifty 100 Index Fund,Large Cap Index,HDFC Mutual Fund,42545,https://www.etmoney.com/mutual-funds/hdfc-nifty-100-index-fund/portfolio-details/42545,ACTIVE,NIFTY 100 TRI,424,0.75,2022-02-11,,,,8.84,-2.93,10.83,,,3.0,-1.0,,,,
HDFC Nifty 50 Index Fund,Large Cap Index,HDFC Mutual Fund,1218,https://www.etmoney.com/mutual-funds/hdfc-nifty-50-index-fund/portfolio-details/1218,ACTIVE,Nifty 50 Total Return,23340,0.46,2002-07-03,,,,13.78,-3.95,9.67,10.09,,2.0,-1.0,0.3806,-1.642,0.9462,13.7566
HDFC Nifty Top 20 Equal Weight Index Fund,Large Cap Index,HDFC Mutual Fund,45393,https://www.etmoney.com/mutual-funds/hdfc-nifty-top-20-equal-weight-index-fund/portfolio-details/45393,ACTIVE,Nifty Top 20 Equal Weight TRI,84,0.84,2025-03-07,,,,-2.63,-6.72,,,,0.0,-1.0,,,,
HDFC Nifty100 Quality 30 Index Fund,Large Cap Index,HDFC Mutual Fund,45269,https://www.etmoney.com/mutual-funds/hdfc-nifty100-quality-30-index-fund/portfolio-details/45269,ACTIVE,NIFTY 100 Quality 30 TRI,152,0.84,2025-01-31,,,,4.44,-0.6,,,,0.0,-1.0,0.0,0.0,0.0,0.0
HSBC Nifty 50 Index Fund,Large Cap Index,HSBC Mutual Fund,41441,https://www.etmoney.com/mutual-funds/hsbc-nifty-50-index-fund/portfolio-details/41441,ACTIVE,Nifty 50 Total Return,373,0.62,2020-03-24,,,,17.25,-3.87,9.65,10.02,,2.0,-1.0,,,,
HSBC Nifty Next 50 Index Fund,Large Cap Index,HSBC Mutual Fund,41445,https://www.etmoney.com/mutual-funds/hsbc-nifty-next-50-index-fund/portfolio-details/41445,ACTIVE,NIFTY Next 50 TRI,148,0.71,2020-03-24,,,,19.09,3.53,18.84,13.04,,4.0,-1.0,,,,
ICICI Prudential BSE Sensex Index Fund,Large Cap Index,ICICI Prudential Mutual Fund,35134,https://www.etmoney.com/mutual-funds/icici-prudential-bse-sensex-index-fund/portfolio-details/35134,ACTIVE,BSE Sensex TRI,1834,0.3,2017-09-14,,,,11.17,-6.92,7.63,9.21,,1.0,-1.0,,,,
ICICI Prudential Nifty 50 Index Fund,Large Cap Index,ICICI Prudential Mutual Fund,1088,https://www.etmoney.com/mutual-funds/icici-prudential-nifty-50-index-fund/portfolio-details/1088,ACTIVE,Nifty 50 Total Return,16563,0.41,2002-02-15,,,,14.02,-3.95,9.65,10.08,,2.0,-1.0,,,,
ICICI Prudential Nifty Next 50 Index Fund,Large Cap Index,ICICI Prudential Mutual Fund,10863,https://www.etmoney.com/mutual-funds/icici-prudential-nifty-next-50-index-fund/portfolio-details/10863,ACTIVE,NIFTY Next 50 TRI,8900,0.7,2010-06-10,,,,12.04,3.84,19.18,13.33,,4.0,-1.0,0.7408,5.607,1.3031,20.3567
ICICI Prudential Nifty Top 15 Equal Weight Index Fund,Large Cap Index,ICICI Prudential Mutual Fund,45586,https://www.etmoney.com/mutual-funds/icici-prudential-nifty-top-15-equal-weight-index-fund/portfolio-details/45586,ACTIVE,Nifty Top 15 Equal Weight TRI,26,0.91,2025-06-10,,,,-8.69,,,,,,,,,,
ICICI Prudential Nifty50 Equal Weight Index Fund,Large Cap Index,ICICI Prudential Mutual Fund,42990,https://www.etmoney.com/mutual-funds/icici-prudential-nifty50-equal-weight-index-fund/portfolio-details/42990,ACTIVE,NIFTY 50 Equal Weight TRI,242,1.09,2022-09-14,,,,14.07,3.99,15.11,,,5.0,-1.0,,,,
ICICI Prudential Nifty50 Value 20 Index Fund,Large Cap Index,ICICI Prudential Mutual Fund,44433,https://www.etmoney.com/mutual-funds/icici-prudential-nifty50-value-20-index-fund/portfolio-details/44433,ACTIVE,NIFTY 50 Value 20 TRI,99,0.63,2024-01-15,,,,0.54,-6.1,,,,0.0,-1.0,0.0,0.0,0.0,0.0
Kotak BSE Sensex Index Fund,Large Cap Index,Kotak Mahindra Mutual Fund,45261,https://www.etmoney.com/mutual-funds/kotak-bse-sensex-index-fund/portfolio-details/45261,ACTIVE,BSE Sensex TRI,20,0.54,2025-01-27,,,,0.21,-7.1,,,,0.0,-1.0,,,,
Kotak NIFTY 100 Low Volatility 30 Index Fund,Large Cap Index,Kotak Mahindra Mutual Fund,44709,https://www.etmoney.com/mutual-funds/kotak-nifty-100-low-volatility-30-index-fund/portfolio-details/44709,ACTIVE,NIFTY 100 Low Volatility 30 TRI,121,3.59,2024-05-22,,,,1.82,-0.81,,,,0.0,-1.0,,,,
Kotak Nifty 100 Equal Weight Index Fund,Large Cap Index,Kotak Mahindra Mutual Fund,45153,https://www.etmoney.com/mutual-funds/kotak-nifty-100-equal-weight-index-fund/portfolio-details/45153,ACTIVE,NIFTY 100 Equal Weight TRI,42,0.8,2024-12-02,,,,4.8,4.22,,,,0.0,0.0,0.0,0.0,0.0,0.0
Kotak Nifty 50 Equal Weight Index Fund,Large Cap Index,Kotak Mahindra Mutual Fund,45157,https://www.etmoney.com/mutual-funds/kotak-nifty-50-equal-weight-index-fund/portfolio-details/45157,ACTIVE,NIFTY 50 Equal Weight TRI,59,1.92,2024-12-02,,,,6.63,3.97,,,,0.0,-1.0,,,,
Kotak Nifty 50 Index Fund,Large Cap Index,Kotak Mahindra Mutual Fund,41983,https://www.etmoney.com/mutual-funds/kotak-nifty-50-index-fund/portfolio-details/41983,ACTIVE,Nifty 50 Total Return,1104,0.44,2021-05-31,,,,9.14,-3.96,9.45,,,2.0,-1.0,,,,
Kotak Nifty Next 50 Index Fund,Large Cap Index,Kotak Mahindra Mutual Fund,41793,https://www.etmoney.com/mutual-funds/kotak-nifty-next-50-index-fund/portfolio-details/41793,ACTIVE,NIFTY Next 50 TRI,1067,0.9,2021-02-17,,,,14.72,3.96,19.22,13.49,,4.0,-1.0,0.7442,5.6513,1.2984,20.279
Kotak Nifty Top 10 Equal Weight Index Fund,Large Cap Index,Kotak Mahindra Mutual Fund,45449,https://www.etmoney.com/mutual-funds/kotak-nifty-top-10-equal-weight-index-fund/portfolio-details/45449,ACTIVE,Nifty Top 10 Equal Weight TRI,39,1.0,2025-04-07,,,,-10.41,-11.76,,,,0.0,-1.0,0.0,0.0,0.0,0.0
LIC MF BSE Sensex Index Fund,Large Cap Index,LIC Mutual Fund,1326,https://www.etmoney.com/mutual-funds/lic-mf-bse-sensex-index-fund/portfolio-details/1326,ACTIVE,BSE Sensex TRI,91,1.05,2002-11-14,,,,12.37,-7.58,6.79,8.45,,1.0,-1.0,,,,
LIC MF Nifty 50 Index Fund,Large Cap Index,LIC Mutual Fund,1325,https://www.etmoney.com/mutual-funds/lic-mf-nifty-50-index-fund/portfolio-details/1325,ACTIVE,Nifty 50 Total Return,360,1.06,2002-11-14,,,,12.01,-4.6,8.9,9.37,,2.0,-1.0,,,,
LIC MF Nifty Next 50 Index Fund,Large Cap Index,LIC Mutual Fund,11114,https://www.etmoney.com/mutual-funds/lic-mf-nifty-next-50-index-fund/portfolio-details/11114,ACTIVE,NIFTY Next 50 TRI,103,1.05,2010-09-02,,,,11.0,3.88,18.95,13.22,,4.0,-1.0,0.7332,5.4268,1.2973,20.2638
Mirae Asset Nifty 50 Index Fund,Large Cap Index,Mirae Asset Mutual Fund,44977,https://www.etmoney.com/mutual-funds/mirae-asset-nifty-50-index-fund/portfolio-details/44977,ACTIVE,Nifty 50 Total Return,61,0.72,2024-10-10,,,,-1.28,-4.36,,,,0.0,-1.0,,,,
Motilal Oswal Nifty 50 Index Fund,Large Cap Index,Motilal Oswal Mutual Fund,40943,https://www.etmoney.com/mutual-funds/motilal-oswal-nifty-50-index-fund/portfolio-details/40943,ACTIVE,Nifty 50 Total Return,870,0.66,2019-12-03,,,,11.63,-4.08,9.5,9.9,,2.0,-1.0,,,,
Motilal Oswal Nifty Next 50 Index Fund,Large Cap Index,Motilal Oswal Mutual Fund,40941,https://www.etmoney.com/mutual-funds/motilal-oswal-nifty-next-50-index-fund/portfolio-details/40941,ACTIVE,NIFTY Next 50 TRI,451,1.06,2019-12-03,,,,14.59,3.59,18.91,13.07,,4.0,-1.0,,,,
Navi BSE Sensex Index Fund,Large Cap Index,Navi Mutual Fund,44129,https://www.etmoney.com/mutual-funds/navi-bse-sensex-index-fund/portfolio-details/44129,ACTIVE,BSE Sensex TRI,20,1.05,2023-08-21,,,,5.19,-7.39,,,,0.0,-1.0,,,,
Navi Nifty 50 Index Fund,Large Cap Index,Navi Mutual Fund,42041,https://www.etmoney.com/mutual-funds/navi-nifty-50-index-fund/portfolio-details/42041,ACTIVE,Nifty 50 Total Return,3920,0.32,2021-07-03,,,,9.3,-3.88,9.7,,,2.0,-1.0,,,,
Navi Nifty Next 50 Index Fund,Large Cap Index,Navi Mutual Fund,42401,https://www.etmoney.com/mutual-funds/navi-nifty-next-50-index-fund/portfolio-details/42401,ACTIVE,NIFTY Next 50 TRI,1193,1.07,2022-01-01,,,,11.66,3.48,18.97,,,4.0,-1.0,,,,
Nippon India BSE Sensex Next 30 Index Fund,Large Cap Index,Nippon India Mutual Fund,45545,https://www.etmoney.com/mutual-funds/nippon-india-bse-sensex-next-30-index-fund/portfolio-details/45545,ACTIVE,BSE Sensex Next 30 TRI,79,0.68,2025-05-21,,,,10.7,,,,,,,0.0,0.0,0.0,0.0
Nippon India Index Fund - Nifty 50 Plan,Large Cap Index,Nippon India Mutual Fund,11147,https://www.etmoney.com/mutual-funds/nippon-india-index-fund-nifty-50-plan/portfolio-details/11147,ACTIVE,Nifty 50 Total Return,3663,0.51,2010-09-09,,,,9.29,-4.0,9.52,9.78,,2.0,-1.0,,,,
Nippon India Index Fund BSE Sensex Plan,Large Cap Index,Nippon India Mutual Fund,11152,https://www.etmoney.com/mutual-funds/nippon-india-index-fund-bse-sensex-plan/portfolio-details/11152,ACTIVE,BSE Sensex TRI,916,0.51,2010-09-09,,,,8.97,-7.1,7.37,8.96,,1.0,-1.0,,,,
Nippon India Nifty 50 Value 20 Index Fund,Large Cap Index,Nippon India Mutual Fund,41757,https://www.etmoney.com/mutual-funds/nippon-india-nifty-50-value-20-index-fund/portfolio-details/41757,ACTIVE,NIFTY 50 Value 20 TRI,947,0.79,2021-02-04,,,,11.05,-6.25,9.32,10.61,,3.0,-1.0,0.3721,-2.478,0.8377,14.129
Nippon India Nifty Alpha Low Volatility 30 Index Fund,Large Cap Index,Nippon India Mutual Fund,42855,https://www.etmoney.com/mutual-funds/nippon-india-nifty-alpha-low-volatility-30-index-fund/portfolio-details/42855,ACTIVE,Nifty Alpha Low Volatility 30 TRI,1329,0.87,2022-08-01,,,,11.65,-3.81,12.88,,,3.0,-1.0,,,,
SBI BSE Sensex Index Fund,Large Cap Index,SBI Mutual Fund,43931,https://www.etmoney.com/mutual-funds/sbi-bse-sensex-index-fund/portfolio-details/43931,ACTIVE,BSE Sensex TRI,313,0.4,2023-05-18,,,,7.04,-7.13,,,,0.0,-1.0,,,,
SBI Nifty Index Fund,Large Cap Index,SBI Mutual Fund,1016,https://www.etmoney.com/mutual-funds/sbi-nifty-index-fund/portfolio-details/1016,ACTIVE,Nifty 50 Total Return,13368,0.44,2001-12-18,,,,13.47,-4.03,9.56,9.98,,2.0,-1.0,,,,
SBI Nifty Next 50 Index Fund,Large Cap Index,SBI Mutual Fund,41958,https://www.etmoney.com/mutual-funds/sbi-nifty-next-50-index-fund/portfolio-details/41958,ACTIVE,NIFTY Next 50 TRI,2029,0.71,2021-04-28,,,,13.32,3.89,19.21,,,4.0,-1.0,0.7418,5.6222,1.3027,20.3463
SBI Nifty100 Low Volatility 30 Index Fund,Large Cap Index,SBI Mutual Fund,45694,https://www.etmoney.com/mutual-funds/sbi-nifty100-low-volatility-30-index-fund/portfolio-details/45694,ACTIVE,Nifty 100 Low Volatility 30 Index,61,0.77,2025-07-08,,,,-2.2,,,,,,,,,,
SBI Nifty50 Equal Weight Index Fund,Large Cap Index,SBI Mutual Fund,44438,https://www.etmoney.com/mutual-funds/sbi-nifty50-equal-weight-index-fund/portfolio-details/44438,ACTIVE,NIFTY 50 Equal Weight TRI,1043,0.96,2024-01-16,,,,7.01,4.15,,,,0.0,-1.0,,,,
Sundaram Nifty 100 Equal Weight Fund,Large Cap Index,Sundaram Mutual Fund,32325,https://www.etmoney.com/mutual-funds/sundaram-nifty-100-equal-weight-fund/portfolio-details/32325,ACTIVE,NIFTY 100 Equal Weight TRI,138,1.06,1999-06-16,,,,11.21,4.28,16.89,13.01,,5.0,0.0,0.7148,3.8247,1.1177,16.7178
Tata BSE Sensex Index Fund,Large Cap Index,Tata Mutual Fund,1397,https://www.etmoney.com/mutual-funds/tata-bse-sensex-index-fund/portfolio-details/1397,ACTIVE,BSE Sensex TRI,385,0.6,2003-02-20,,,,14.27,-7.22,7.26,8.83,,1.0,-1.0,,,,
Tata Nifty Next 50 Index Fund,Large Cap Index,Tata Mutual Fund,45823,https://www.etmoney.com/mutual-funds/tata-nifty-next-50-index-fund/portfolio-details/45823,ACTIVE,NIFTY Next 50 TRI,117,1.08,2025-09-12,,,,0.73,,,,,,,,,,
UTI BSE Sensex Index Fund,Large Cap Index,UTI Mutual Fund,42492,https://www.etmoney.com/mutual-funds/uti-bse-sensex-index-fund/portfolio-details/42492,ACTIVE,BSE Sensex TRI,200,0.3,2022-01-19,,,,6.85,-6.91,7.6,,,1.0,-1.0,,,,
UTI NIFTY50 Equal Weight Index Fund,Large Cap Index,UTI Mutual Fund,43929,https://www.etmoney.com/mutual-funds/uti-nifty50-equal-weight-index-fund/portfolio-details/43929,ACTIVE,NIFTY 50 Equal Weight TRI,136,0.9,2023-05-22,,,,14.33,4.26,,,,0.0,0.0,0.0,0.0,0.0,0.0
UTI Nifty 50 Index Fund,Large Cap Index,UTI Mutual Fund,32438,https://www.etmoney.com/mutual-funds/uti-nifty-50-index-fund/portfolio-details/32438,ACTIVE,Nifty 50 Total Return,27849,0.38,2000-02-14,,,,11.52,-3.86,9.75,10.2,,2.0,-1.0,0.386,-1.5687,0.9464,13.7603
UTI Nifty Alpha Low-Volatility 30 Index Fund,Large Cap Index,UTI Mutual Fund,45085,https://www.etmoney.com/mutual-funds/uti-nifty-alpha-low-volatility-30-index-fund/portfolio-details/45085,ACTIVE,Nifty Alpha Low Volatility 30 TRI,75,1.02,2024-11-11,,,,-6.37,-3.69,,,,0.0,-1.0,,,,
UTI Nifty Next 50 Index Fund,Large Cap Index,UTI Mutual Fund,36974,https://www.etmoney.com/mutual-funds/uti-nifty-next-50-index-fund/portfolio-details/36974,ACTIVE,NIFTY Next 50 TRI,6561,0.84,2018-06-08,,,,12.09,3.88,19.24,13.36,,4.0,-1.0,0.7437,5.6597,1.3021,20.3393
Aditya Birla Sun Life Mid Cap Fund,Mid Cap,Aditya Birla Sun Life Mutual Fund,1286,https://www.etmoney.com/mutual-funds/aditya-birla-sun-life-mid-cap-fund/portfolio-details/1286,ACTIVE,NIFTY Midcap 150 TRI,6290,2.04,2002-09-10,18.0,19.0,3.0,,7.11,19.11,17.12,20.36,3.0,-1.0,0.7801,-0.9599,0.9748,18.8266
Axis Midcap Fund,Mid Cap,Axis Mutual Fund,11656,https://www.etmoney.com/mutual-funds/axis-midcap-fund/portfolio-details/11656,ACTIVE,BSE 150 MidCap TRI,32276,1.57,2011-01-31,24.0,20.0,2.0,,6.95,18.04,15.57,17.32,2.0,-1.0,0.8106,-0.2532,0.8506,16.5309
Bandhan Midcap Fund,Mid Cap,Bandhan Mutual Fund,42784,https://www.etmoney.com/mutual-funds/bandhan-midcap-fund/portfolio-details/42784,ACTIVE,BSE 150 MidCap Index,2109,2.18,2022-07-28,16.0,17.0,3.0,,7.7,19.49,,15.99,3.0,-1.0,0.7364,-2.2197,1.0201,19.2191
Bank of India Mid Cap Fund,Mid Cap,Bank Of India Mutual Fund,45717,https://www.etmoney.com/mutual-funds/bank-of-india-mid-cap-fund/portfolio-details/45717,ACTIVE,NIFTY Midcap 150 TRI,720,2.72,2025-07-31,,,,2.0,,,,0.3,,,0.0,0.0,0.0,0.0
Baroda BNP Paribas Midcap Fund,Mid Cap,Baroda BNP Paribas Mutual Fund,3066,https://www.etmoney.com/mutual-funds/baroda-bnp-paribas-midcap-fund/portfolio-details/3066,ACTIVE,NIFTY Midcap 150 TRI,2389,2.03,2006-03-13,13.0,6.0,3.0,,11.08,20.38,17.68,12.32,3.0,10.0,0.9256,1.0213,0.844,15.7397
Canara Robeco Mid Cap Fund,Mid Cap,Canara Robeco Mutual Fund,43147,https://www.etmoney.com/mutual-funds/canara-robeco-mid-cap-fund/portfolio-details/43147,ACTIVE,BSE 150 MidCap TRI,4452,1.9,2022-11-11,20.0,12.0,2.0,,8.94,19.02,,17.03,2.0,-1.0,0.7364,-2.2197,1.0201,19.2191
DSP Midcap Fund,Mid Cap,DSP Mutual Fund,3532,https://www.etmoney.com/mutual-funds/dsp-midcap-fund/portfolio-details/3532,ACTIVE,NIFTY Midcap 150 TRI,19459,1.65,2006-09-29,23.0,22.0,2.0,,6.39,18.55,13.47,14.61,2.0,-1.0,0.7364,-2.2197,1.0201,19.2191
Edelweiss Mid Cap Fund,Mid Cap,Edelweiss Mutual Fund,6034,https://www.etmoney.com/mutual-funds/edelweiss-mid-cap-fund/portfolio-details/6034,ACTIVE,NIFTY Midcap 150 TRI,15911,1.8,2007-11-09,6.0,15.0,4.0,,8.1,23.73,20.69,13.39,4.0,-1.0,1.0051,2.8103,0.9446,17.8812
Franklin India Mid Cap Fund,Mid Cap,Franklin Templeton Mutual Fund,31894,https://www.etmoney.com/mutual-funds/franklin-india-mid-cap-fund/portfolio-details/31894,ACTIVE,NIFTY Midcap 150 TRI,12102,1.8,1993-10-30,21.0,27.0,2.0,,0.28,18.98,16.09,18.62,2.0,-1.0,0.7801,-0.9599,0.9748,18.8266
HDFC Mid Cap Fund,Mid Cap,HDFC Mutual Fund,4874,https://www.etmoney.com/mutual-funds/hdfc-mid-cap-fund/portfolio-details/4874,ACTIVE,NIFTY Midcap 150 TRI,94745,1.37,2007-05-07,11.0,18.0,3.0,,7.63,22.45,21.02,17.01,3.0,2.0,1.0392,3.0013,0.8552,16.098
HSBC Midcap Fund,Mid Cap,HSBC Mutual Fund,2151,https://www.etmoney.com/mutual-funds/hsbc-midcap-fund/portfolio-details/2151,ACTIVE,NIFTY Midcap 150 TRI,13387,3.59,2004-06-25,1.0,2.0,5.0,,16.9,25.98,19.19,18.67,4.0,13.0,1.008,3.6593,1.0243,19.9413
Helios Mid Cap Fund,Mid Cap,Helios Mutual Fund,45340,https://www.etmoney.com/mutual-funds/helios-mid-cap-fund/portfolio-details/45340,ACTIVE,NIFTY Midcap 150 TRI,1382,2.1,2025-02-20,,3.0,4.0,,14.47,,,21.33,0.0,0.0,0.0,0.0,0.0,0.0
ICICI Prudential Midcap Fund,Mid Cap,ICICI Prudential Mutual Fund,2257,https://www.etmoney.com/mutual-funds/icici-prudential-midcap-fund/portfolio-details/2257,ACTIVE,NIFTY Midcap 150 TRI,7557,1.77,2004-09-06,2.0,1.0,5.0,,19.98,25.08,20.33,17.59,4.0,14.0,1.0339,3.5207,0.9833,18.6713
ITI Mid Cap Fund,Mid Cap,ITI Mutual Fund,41785,https://www.etmoney.com/mutual-funds/iti-mid-cap-fund/portfolio-details/41785,ACTIVE,NIFTY Midcap 150 TRI,1358,1.84,2021-02-15,9.0,11.0,4.0,,9.08,22.93,16.78,16.24,4.0,-1.0,0.9035,0.9369,1.0187,19.1347
Invesco India Mid Cap Fund,Mid Cap,Invesco Mutual Fund,4087,https://www.etmoney.com/mutual-funds/invesco-india-mid-cap-fund/portfolio-details/4087,ACTIVE,BSE 150 MidCap TRI,11767,2.17,2007-02-15,4.0,7.0,4.0,,10.46,24.75,21.19,16.31,4.0,-1.0,0.9708,2.7255,1.0134,19.5618
JM Midcap Fund,Mid Cap,JM Financial Mutual Fund,43173,https://www.etmoney.com/mutual-funds/jm-midcap-fund/portfolio-details/43173,ACTIVE,NIFTY Midcap 150 TRI,1162,2.31,2022-10-31,8.0,21.0,4.0,,6.76,22.96,,20.89,3.0,-1.0,0.8739,0.6693,1.0205,19.5107
Kotak Midcap Fund,Mid Cap,Kotak Mahindra Mutual Fund,4077,https://www.etmoney.com/mutual-funds/kotak-midcap-fund/portfolio-details/4077,ACTIVE,NIFTY Midcap 150 TRI,63539,1.45,2007-02-12,12.0,9.0,3.0,,9.86,20.44,18.68,14.65,3.0,-1.0,0.851,0.3155,0.9339,17.9854
LIC MF Midcap Fund,Mid Cap,LIC Mutual Fund,33825,https://www.etmoney.com/mutual-funds/lic-mf-midcap-fund/portfolio-details/33825,ACTIVE,NIFTY Midcap 150 TRI,347,2.44,2017-01-05,22.0,24.0,2.0,,3.91,18.83,15.11,12.05,3.0,-1.0,0.791,-1.0901,0.9738,18.3832
Mahindra Manulife Mid Cap Fund,Mid Cap,Mahindra Manulife Mutual Fund,35440,https://www.etmoney.com/mutual-funds/mahindra-manulife-mid-cap-fund/portfolio-details/35440,ACTIVE,NIFTY Midcap 150 TRI,4688,2.27,2018-01-08,7.0,16.0,4.0,,7.94,23.12,19.51,16.05,5.0,-1.0,0.9907,2.2091,0.9534,17.6758
Mirae Asset Midcap Fund,Mid Cap,Mirae Asset Mutual Fund,40523,https://www.etmoney.com/mutual-funds/mirae-asset-midcap-fund/portfolio-details/40523,ACTIVE,NIFTY Midcap 150 TRI,18388,2.27,2019-07-08,14.0,5.0,3.0,,11.85,19.65,17.18,21.23,3.0,15.0,0.7919,-1.3154,0.999,18.5883
Motilal Oswal Midcap Fund,Mid Cap,Motilal Oswal Mutual Fund,23600,https://www.etmoney.com/mutual-funds/motilal-oswal-midcap-fund/portfolio-details/23600,ACTIVE,NIFTY Midcap 150 TRI,35735,1.61,2014-02-03,17.0,29.0,3.0,,-8.81,19.37,22.68,19.66,3.0,3.0,0.7398,-0.155,0.964,20.7047
Nippon India Growth Mid Cap Fund,Mid Cap,Nippon India Mutual Fund,31962,https://www.etmoney.com/mutual-funds/nippon-india-growth-mid-cap-fund/portfolio-details/31962,ACTIVE,NIFTY Midcap 150 TRI,45820,1.54,1995-09-25,5.0,10.0,4.0,,9.63,23.81,21.87,21.87,5.0,1.0,1.0191,2.9861,0.9747,18.2817
PGIM India Midcap Fund,Mid Cap,PGIM India Mutual Fund,21889,https://www.etmoney.com/mutual-funds/pgim-india-midcap-fund/portfolio-details/21889,ACTIVE,NIFTY Midcap 150 TRI,10738,1.99,2013-11-11,28.0,26.0,1.0,,1.37,12.31,13.51,15.79,1.0,-1.0,0.7364,-2.2197,1.0201,19.2191
Quant Mid Cap Fund,Mid Cap,Quant Mutual Fund,32611,https://www.etmoney.com/mutual-funds/quant-mid-cap-fund/portfolio-details/32611,ACTIVE,NIFTY Midcap 150 TRI,7905,2.87,2001-02-12,25.0,28.0,2.0,,-1.55,16.36,16.7,12.87,2.0,-1.0,0.6012,-3.3997,0.9156,18.7892
SBI Midcap Fund,Mid Cap,SBI Mutual Fund,2477,https://www.etmoney.com/mutual-funds/sbi-midcap-fund/portfolio-details/2477,ACTIVE,NIFTY Midcap 150 TRI,23247,1.62,2005-02-21,27.0,25.0,1.0,,2.13,14.34,16.46,16.05,2.0,-1.0,0.7801,-0.9599,0.9748,18.8266
Sundaram Mid Cap Fund,Mid Cap,Sundaram Mutual Fund,1233,https://www.etmoney.com/mutual-funds/sundaram-mid-cap-fund/portfolio-details/1233,ACTIVE,NIFTY Midcap 150 TRI,11898,2.25,2002-06-24,10.0,14.0,3.0,,8.73,22.84,19.84,23.21,4.0,9.0,0.7801,-0.9599,0.9748,18.8266
Tata Mid Cap Fund,Mid Cap,Tata Mutual Fund,31882,https://www.etmoney.com/mutual-funds/tata-mid-cap-fund/portfolio-details/31882,ACTIVE,NIFTY Midcap 150 TRI,5604,1.87,1994-06-15,15.0,13.0,3.0,,8.77,19.64,17.33,13.03,3.0,-1.0,0.499,-5.4322,0.851,16.4884
UTI Mid Cap Fund,Mid Cap,UTI Mutual Fund,1960,https://www.etmoney.com/mutual-funds/uti-mid-cap-fund/portfolio-details/1960,ACTIVE,NIFTY Midcap 150 TRI,11680,2.09,2005-08-01,26.0,23.0,1.0,,4.22,15.55,14.84,15.14,1.0,-1.0,0.6233,-4.1897,0.9548,17.865
Union Midcap Fund,Mid Cap,Union Mutual Fund,41239,https://www.etmoney.com/mutual-funds/union-midcap-fund/portfolio-details/41239,ACTIVE,BSE 150 MidCap TRI,1705,2.73,2020-03-02,19.0,8.0,2.0,,10.01,19.09,18.15,28.69,3.0,-1.0,0.7364,-2.2197,1.0201,19.2191
WhiteOak Capital Mid Cap Fund,Mid Cap,Whiteoak Capital Mutual Fund,42925,https://www.etmoney.com/mutual-funds/whiteoak-capital-mid-cap-fund/portfolio-details/42925,ACTIVE,BSE 150 MidCap TRI,5293,2.02,2022-08-16,3.0,4.0,4.0,,12.32,24.85,,20.57,5.0,0.0,1.0671,3.8635,0.9188,17.44
Aditya Birla Sun Life Nifty Midcap 150 Index Fund,Mid Cap Index,Aditya Birla Sun Life Mutual Fund,41851,https://www.etmoney.com/mutual-funds/aditya-birla-sun-life-nifty-midcap-150-index-fund/portfolio-details/41851,ACTIVE,NIFTY Midcap 150 TRI,445,0.95,2021-03-15,,,,19.07,7.45,22.0,18.35,,3.0,-1.0,0.8639,-0.1436,1.004,18.4887
Axis Nifty Midcap 50 Index Fund,Mid Cap Index,Axis Mutual Fund,42611,https://www.etmoney.com/mutual-funds/axis-nifty-midcap-50-index-fund/portfolio-details/42611,ACTIVE,NIFTY Midcap 50 TRI,650,1.13,2022-03-10,,,,19.06,9.5,22.9,,,3.0,-1.0,0.8651,0.1075,1.0149,18.9549
Bandhan Nifty Midcap 150 Index Fund,Mid Cap Index,Bandhan Mutual Fund,44890,https://www.etmoney.com/mutual-funds/bandhan-nifty-midcap-150-index-fund/portfolio-details/44890,ACTIVE,NIFTY Midcap 150 TRI,60,4.86,2024-09-03,,,,-0.27,7.31,,,,0.0,-1.0,,,,
Baroda BNP Paribas Nifty Midcap 150 Index Fund,Mid Cap Index,Baroda BNP Paribas Mutual Fund,45009,https://www.etmoney.com/mutual-funds/baroda-bnp-paribas-nifty-midcap-150-index-fund/portfolio-details/45009,ACTIVE,NIFTY Midcap 150 TRI,10,1.06,2024-10-14,,,,2.78,7.06,,,,0.0,-1.0,,,,
DSP Nifty Midcap 150 Index Fund,Mid Cap Index,DSP Mutual Fund,45975,https://www.etmoney.com/mutual-funds/dsp-nifty-midcap-150-index-fund/portfolio-details/45975,ACTIVE,NIFTY Midcap 150 TRI,13,1.44,2025-11-24,,,,0.95,,,,,,,,,,
DSP Nifty Midcap 150 Quality 50 Index Fund,Mid Cap Index,DSP Mutual Fund,42763,https://www.etmoney.com/mutual-funds/dsp-nifty-midcap-150-quality-50-index-fund/portfolio-details/42763,ACTIVE,NIFTY Midcap150 Quality 50 TRI,447,0.93,2022-07-18,,,,9.35,-2.17,12.73,,,2.0,-1.0,,,,
Edelweiss Nifty Midcap150 Momentum 50 Index Fund,Mid Cap Index,Edelweiss Mutual Fund,43254,https://www.etmoney.com/mutual-funds/edelweiss-nifty-midcap150-momentum-50-index-fund/portfolio-details/43254,ACTIVE,NIFTY Midcap 150 Moment 50 TRI,1586,1.1,2022-11-10,,,,18.42,2.96,21.65,,,2.0,-1.0,,,,
HDFC NIFTY Midcap 150 Index Fund,Mid Cap Index,HDFC Mutual Fund,43881,https://www.etmoney.com/mutual-funds/hdfc-nifty-midcap-150-index-fund/portfolio-details/43881,ACTIVE,NIFTY Midcap 150 TRI,584,0.83,2023-04-06,,,,22.81,7.48,21.66,,,2.0,0.0,0.8516,-0.3658,0.9984,18.3879
ICICI Prudential Nifty Midcap 150 Index Fund,Mid Cap Index,ICICI Prudential Mutual Fund,42356,https://www.etmoney.com/mutual-funds/icici-prudential-nifty-midcap-150-index-fund/portfolio-details/42356,ACTIVE,NIFTY Midcap 150 TRI,1036,1.05,2021-12-03,,,,16.08,7.43,21.7,,,3.0,-1.0,0.8529,-0.343,0.9999,18.4159
Kotak Nifty Midcap 150 Index Fund,Mid Cap Index,Kotak Mahindra Mutual Fund,45389,https://www.etmoney.com/mutual-funds/kotak-nifty-midcap-150-index-fund/portfolio-details/45389,ACTIVE,NIFTY Midcap 150 TRI,31,1.38,2025-03-03,,,,13.26,7.34,,,,0.0,-1.0,0.0,0.0,0.0,0.0
Kotak Nifty Midcap 150 Momentum 50 Index Fund,Mid Cap Index,Kotak Mahindra Mutual Fund,44931,https://www.etmoney.com/mutual-funds/kotak-nifty-midcap-150-momentum-50-index-fund/portfolio-details/44931,ACTIVE,NIFTY Midcap 150 Moment 50 TRI,393,1.05,2024-09-19,,,,-4.84,3.2,,,,0.0,-1.0,,,,
Kotak Nifty Midcap 50 Index Fund,Mid Cap Index,Kotak Mahindra Mutual Fund,44804,https://www.etmoney.com/mutual-funds/kotak-nifty-midcap-50-index-fund/portfolio-details/44804,ACTIVE,NIFTY Midcap 50 TRI,75,0.91,2024-07-25,,,,2.85,9.57,,,,0.0,0.0,0.0,0.0,0.0,0.0
Motilal Oswal BSE 1000 Index Fund,Mid Cap Index,Motilal Oswal Mutual Fund,45568,https://www.etmoney.com/mutual-funds/motilal-oswal-bse-1000-index-fund/portfolio-details/45568,ACTIVE,BSE 1000 TRI,60,1.06,2025-06-05,,,,-4.94,,,,,,,,,,
Motilal Oswal Nifty Midcap 150 Index Fund,Mid Cap Index,Motilal Oswal Mutual Fund,40718,https://www.etmoney.com/mutual-funds/motilal-oswal-nifty-midcap-150-index-fund/portfolio-details/40718,ACTIVE,NIFTY Midcap 150 TRI,3408,1.13,2019-08-19,,,,22.11,7.47,21.95,18.28,,4.0,-1.0,0.8625,-0.1673,1.0028,18.4665
Navi Nifty MidSmallcap 400 Index Fund,Mid Cap Index,Navi Mutual Fund,45980,https://www.etmoney.com/mutual-funds/navi-nifty-midsmallcap-400-index-fund/portfolio-details/45980,ACTIVE,NIFTY Mid Small Cap 400 TRI,9,1.06,2025-11-24,,,,2.78,,,,,,,0.0,0.0,0.0,0.0
Navi Nifty Midcap 150 Index Fund,Mid Cap Index,Navi Mutual Fund,42575,https://www.etmoney.com/mutual-funds/navi-nifty-midcap-150-index-fund/portfolio-details/42575,ACTIVE,NIFTY Midcap 150 TRI,368,1.06,2022-02-21,,,,18.69,7.17,21.47,,,3.0,-1.0,,,,
Nippon India Nifty Midcap 150 Index Fund,Mid Cap Index,Nippon India Mutual Fund,41761,https://www.etmoney.com/mutual-funds/nippon-india-nifty-midcap-150-index-fund/portfolio-details/41761,ACTIVE,NIFTY Midcap 150 TRI,2337,0.84,2021-02-04,,,,19.28,7.61,21.96,18.29,,3.0,0.0,0.8647,-0.1282,1.0013,18.4391
SBI Nifty Midcap 150 Index Fund,Mid Cap Index,SBI Mutual Fund,43027,https://www.etmoney.com/mutual-funds/sbi-nifty-midcap-150-index-fund/portfolio-details/43027,ACTIVE,NIFTY Midcap 150 TRI,1042,0.87,2022-09-21,,,,19.57,7.66,21.94,,,3.0,0.0,0.8623,-0.17,1.0019,18.452
Tata Nifty Midcap 150 Index Fund,Mid Cap Index,Tata Mutual Fund,45570,https://www.etmoney.com/mutual-funds/tata-nifty-midcap-150-index-fund/portfolio-details/45570,ACTIVE,NIFTY Midcap 150 TRI,270,1.15,2025-06-02,,,,2.94,,,,,,,,,,
Tata Nifty Midcap 150 Momentum 50 Index Fund,Mid Cap Index,Tata Mutual Fund,43097,https://www.etmoney.com/mutual-funds/tata-nifty-midcap-150-momentum-50-index-fund/portfolio-details/43097,ACTIVE,NIFTY Midcap 150 Moment 50 TRI,1123,1.06,2022-10-04,,,,17.15,3.03,21.31,,,2.0,-1.0,,,,
UTI Nifty Midcap 150 Index Fund,Mid Cap Index,UTI Mutual Fund,45083,https://www.etmoney.com/mutual-funds/uti-nifty-midcap-150-index-fund/portfolio-details/45083,ACTIVE,NIFTY Midcap 150 TRI,66,1.05,2024-11-11,,,,3.18,7.42,,,,0.0,-1.0,,,,
UTI Nifty Midcap 150 Quality 50 Index Fund,Mid Cap Index,UTI Mutual Fund,42707,https://www.etmoney.com/mutual-funds/uti-nifty-midcap-150-quality-50-index-fund/portfolio-details/42707,ACTIVE,NIFTY Midcap150 Quality 50 TRI,238,1.01,2022-03-28,,,,8.38,-2.24,12.74,,,1.0,-1.0,,,,
UTI Nifty Midsmallcap 400 Momentum Quality 100 Index Fund,Mid Cap Index,UTI Mutual Fund,45267,https://www.etmoney.com/mutual-funds/uti-nifty-midsmallcap-400-momentum-quality-100-index-fund/portfolio-details/45267,ACTIVE,Nifty MidSmallcap400 Momentum Quality 100 TRI,110,1.18,2025-01-28,,,,14.47,3.27,,,,0.0,-1.0,0.0,0.0,0.0,0.0
360 ONE Multi Asset Allocation Fund,Multi Asset Allocation,360 One Mutual Fund,45746,https://www.etmoney.com/mutual-funds/360-one-multi-asset-allocation-fund/portfolio-details/45746,ACTIVE,,431,2.13,2025-07-30,,,,20.43,,,,,,,0.0,0.0,0.0,0.0
Aditya Birla Sun Life Multi Asset Allocation Fund,Multi Asset Allocation,Aditya Birla Sun Life Mutual Fund,43473,https://www.etmoney.com/mutual-funds/aditya-birla-sun-life-multi-asset-allocation-fund/portfolio-details/43473,ACTIVE,,6530,1.77,2023-01-11,,,,16.46,13.82,16.58,,,0.0,-1.0,,,,
Axis Multi Asset Allocation Fund,Multi Asset Allocation,Axis Mutual Fund,10970,https://www.etmoney.com/mutual-funds/axis-multi-asset-allocation-fund/portfolio-details/10970,ACTIVE,,2229,2.6,2010-06-30,,,,9.83,12.19,13.95,10.32,,0.0,-1.0,,,,
Bajaj Finserv Multi Asset Allocation Fund,Multi Asset Allocation,Bajaj Finserv Mutual Fund,44688,https://www.etmoney.com/mutual-funds/bajaj-finserv-multi-asset-allocation-fund/portfolio-details/44688,ACTIVE,,1811,3.28,2024-05-13,,,,9.81,12.15,,,,0.0,-1.0,,,,
Bandhan Multi Asset Allocation Fund,Multi Asset Allocation,Bandhan Mutual Fund,44393,https://www.etmoney.com/mutual-funds/bandhan-multi-asset-allocation-fund/portfolio-details/44393,ACTIVE,,3240,1.92,2024-01-10,,,,15.71,17.14,,,,0.0,0.0,0.0,0.0,0.0,0.0
Bank of India Multi Asset Allocation Fund,Multi Asset Allocation,Bank Of India Mutual Fund,44461,https://www.etmoney.com/mutual-funds/bank-of-india-multi-asset-allocation-fund/portfolio-details/44461,ACTIVE,,357,2.05,2024-02-07,,,,9.97,10.61,,,,0.0,-1.0,,,,
Baroda BNP Paribas Multi Asset Fund,Multi Asset Allocation,Baroda BNP Paribas Mutual Fund,43225,https://www.etmoney.com/mutual-funds/baroda-bnp-paribas-multi-asset-fund/portfolio-details/43225,ACTIVE,,1408,2.06,2022-11-28,,,,15.18,9.9,16.34,,,0.0,-1.0,0.9194,0.0,1.03,10.9919
Canara Robeco Multi Asset Allocation Fund,Multi Asset Allocation,Canara Robeco Mutual Fund,45516,https://www.etmoney.com/mutual-funds/canara-robeco-multi-asset-allocation-fund/portfolio-details/45516,ACTIVE,,1271,2.12,2025-05-09,,,,8.82,,,,,,,,,,
DSP Multi Asset Allocation Fund,Multi Asset Allocation,DSP Mutual Fund,44124,https://www.etmoney.com/mutual-funds/dsp-multi-asset-allocation-fund/portfolio-details/44124,ACTIVE,,9241,1.58,2023-09-07,,,,19.71,19.88,,,,0.0,0.0,0.0,0.0,0.0,0.0
Edelweiss Multi Asset Allocation Fund,Multi Asset Allocation,Edelweiss Mutual Fund,43956,https://www.etmoney.com/mutual-funds/edelweiss-multi-asset-allocation-fund/portfolio-details/43956,ACTIVE,,2592,2.11,2023-06-05,,,,7.1,5.01,,,,0.0,-1.0,0.0,0.0,0.0,0.0
Franklin India Multi Asset Allocation Fund,Multi Asset Allocation,Franklin Templeton Mutual Fund,45700,https://www.etmoney.com/mutual-funds/franklin-india-multi-asset-allocation-fund/portfolio-details/45700,ACTIVE,,2765,1.91,2025-07-11,,,,8.01,,,,,,,,,,
HDFC Multi-Asset Allocation Fund,Multi Asset Allocation,HDFC Mutual Fund,2632,https://www.etmoney.com/mutual-funds/hdfc-multi-asset-allocation-fund/portfolio-details/2632,ACTIVE,,5887,2.2,2005-07-11,,,,10.08,4.85,12.79,11.53,,0.0,-1.0,,,,
HSBC Multi Asset Allocation Fund,Multi Asset Allocation,HSBC Mutual Fund,44452,https://www.etmoney.com/mutual-funds/hsbc-multi-asset-allocation-fund/portfolio-details/44452,ACTIVE,,2844,2.53,2024-02-08,,,,14.77,19.56,,,,0.0,-1.0,0.0,0.0,0.0,0.0
ICICI Prudential Multi Asset Fund,Multi Asset Allocation,ICICI Prudential Mutual Fund,1318,https://www.etmoney.com/mutual-funds/icici-prudential-multi-asset-fund/portfolio-details/1318,ACTIVE,,83547,1.69,2002-10-07,,,,20.43,7.02,17.13,17.64,,0.0,-1.0,1.2329,0.0,0.82,8.8233
Invesco India Multi Asset Allocation Fund,Multi Asset Allocation,Invesco Mutual Fund,45095,https://www.etmoney.com/mutual-funds/invesco-india-multi-asset-allocation-fund/portfolio-details/45095,ACTIVE,,1057,1.67,2024-11-27,,,,16.54,16.05,,,,0.0,-1.0,,,,
Kotak Multi Asset Allocation Fund,Multi Asset Allocation,Kotak Mahindra Mutual Fund,44115,https://www.etmoney.com/mutual-funds/kotak-multi-asset-allocation-fund/portfolio-details/44115,ACTIVE,,13447,1.65,2023-08-31,,,,18.83,23.71,,,,0.0,-1.0,0.0,0.0,1.08,0.0
LIC MF Multi Asset Allocation Fund,Multi Asset Allocation,LIC Mutual Fund,45239,https://www.etmoney.com/mutual-funds/lic-mf-multi-asset-allocation-fund/portfolio-details/45239,ACTIVE,,940,3.82,2025-01-24,,,,15.92,9.83,,,,0.0,-1.0,,,,
Mahindra Manulife Multi Asset Allocation Fund,Multi Asset Allocation,Mahindra Manulife Mutual Fund,44493,https://www.etmoney.com/mutual-funds/mahindra-manulife-multi-asset-allocation-fund/portfolio-details/44493,ACTIVE,,1098,1.87,2024-02-20,,,,14.31,14.4,,,,0.0,-1.0,,,,
Mirae Asset Multi Asset Allocation Fund,Multi Asset Allocation,Mirae Asset Mutual Fund,44367,https://www.etmoney.com/mutual-funds/mirae-asset-multi-asset-allocation-fund/portfolio-details/44367,ACTIVE,,3342,1.93,2024-01-10,,,,13.15,12.22,,,,0.0,-1.0,,,,
Nippon India Multi Asset Allocation Fund,Multi Asset Allocation,Nippon India Mutual Fund,41540,https://www.etmoney.com/mutual-funds/nippon-india-multi-asset-allocation-fund/portfolio-details/41540,ACTIVE,,14738,1.55,2020-08-07,,,,17.09,16.41,20.07,15.82,,0.0,-1.0,1.3805,0.0,0.96,9.592
PGIM India Multi Asset Allocation Fund,Multi Asset Allocation,PGIM India Mutual Fund,45947,https://www.etmoney.com/mutual-funds/pgim-india-multi-asset-allocation-fund/portfolio-details/45947,ACTIVE,,266,2.36,2025-11-11,,,,3.9,,,,,,,,,,
Quant Multi Asset Allocation Fund,Multi Asset Allocation,Quant Mutual Fund,32607,https://www.etmoney.com/mutual-funds/quant-multi-asset-allocation-fund/portfolio-details/32607,ACTIVE,,5257,2.57,2001-02-19,,,,11.8,19.71,23.33,19.73,,0.0,-1.0,1.2619,0.0,0.0,12.0218
Quantum Multi Asset Allocation Fund,Multi Asset Allocation,Quantum Mutual Fund,44540,https://www.etmoney.com/mutual-funds/quantum-multi-asset-allocation-fund/portfolio-details/44540,ACTIVE,,57,1.99,2024-02-19,,,,,,,,,,,,,,
SBI Multi Asset Allocation Fund,Multi Asset Allocation,SBI Mutual Fund,2825,https://www.etmoney.com/mutual-funds/sbi-multi-asset-allocation-fund/portfolio-details/2825,ACTIVE,,17666,1.84,2005-11-09,,,,9.71,14.35,17.47,13.81,,0.0,-1.0,1.2951,0.0,0.0,8.4143
Samco Multi Asset Allocation Fund,Multi Asset Allocation,Samco Mutual Fund,45135,https://www.etmoney.com/mutual-funds/samco-multi-asset-allocation-fund/portfolio-details/45135,ACTIVE,,402,4.57,2024-12-04,,,,15.23,6.35,,,,0.0,-1.0,0.0,0.0,0.0,0.0
Sundaram Multi Asset Allocation Fund,Multi Asset Allocation,Sundaram Mutual Fund,44405,https://www.etmoney.com/mutual-funds/sundaram-multi-asset-allocation-fund/portfolio-details/44405,ACTIVE,,3277,2.06,2024-01-05,,,,12.37,8.63,,,,0.0,-1.0,,,,
Tata Multi Asset Allocation Fund,Multi Asset Allocation,Tata Mutual Fund,41156,https://www.etmoney.com/mutual-funds/tata-multi-asset-allocation-fund/portfolio-details/41156,ACTIVE,,5001,1.88,2020-02-14,,,,16.79,8.51,14.39,12.67,,0.0,-1.0,,,,
The Wealth Company Multi Asset Allocation Fund,Multi Asset Allocation,The Wealth Company Mutual Fund,45960,https://www.etmoney.com/mutual-funds/the-wealth-company-multi-asset-allocation-fund/portfolio-details/45960,ACTIVE,,163,2.1,2025-11-19,,,,6.18,,,,,,,0.0,0.0,0.0,0.0
UTI Multi Asset Allocation Fund,Multi Asset Allocation,UTI Mutual Fund,9467,https://www.etmoney.com/mutual-funds/uti-multi-asset-allocation-fund/portfolio-details/9467,ACTIVE,,6865,2.28,2008-10-21,,,,12.43,6.74,17.34,13.84,,0.0,-1.0,1.0325,0.0,0.91,10.6467
Union Multi Asset Allocation Fund,Multi Asset Allocation,Union Mutual Fund,44828,https://www.etmoney.com/mutual-funds/union-multi-asset-allocation-fund/portfolio-details/44828,ACTIVE,,964,2.29,2024-08-20,,,,10.36,13.78,,,,0.0,-1.0,,,,
WhiteOak Capital Multi Asset Allocation Fund,Multi Asset Allocation,Whiteoak Capital Mutual Fund,43907,https://www.etmoney.com/mutual-funds/whiteoak-capital-multi-asset-allocation-fund/portfolio-details/43907,ACTIVE,,7118,1.8,2023-05-03,,,,15.61,11.66,15.61,,,0.0,-1.0,,,,
Aditya Birla Sun Life Multi-Cap Fund,Multi Cap,Aditya Birla Sun Life Mutual Fund,41932,https://www.etmoney.com/mutual-funds/aditya-birla-sun-life-multi-cap-fund/portfolio-details/41932,ACTIVE,Nifty 500 Multicap 50:25:25 TRI,6641,1.79,2021-04-19,13.0,12.0,2.0,,3.92,14.82,14.0,13.79,3.0,-1.0,0.6472,-0.4019,0.926,16.2166
Axis Multicap Fund,Multi Cap,Axis Mutual Fund,42348,https://www.etmoney.com/mutual-funds/axis-multicap-fund/portfolio-details/42348,ACTIVE,Nifty 500 Multicap 50:25:25 TRI,9657,2.29,2021-11-26,4.0,13.0,4.0,,3.86,19.68,,13.57,4.0,0.0,0.925,4.1615,0.9071,16.0392
Bajaj Finserv Multi Cap Fund,Multi Cap,Bajaj Finserv Mutual Fund,45271,https://www.etmoney.com/mutual-funds/bajaj-finserv-multi-cap-fund/portfolio-details/45271,ACTIVE,Nifty 500 Multicap 50:25:25 TRI,1251,2.86,2025-02-06,,15.0,3.0,,3.77,,,10.15,0.0,-1.0,0.0,0.0,0.0,0.0
Bandhan Multi Cap Fund,Multi Cap,Bandhan Mutual Fund,42285,https://www.etmoney.com/mutual-funds/bandhan-multi-cap-fund/portfolio-details/42285,ACTIVE,Nifty 500 Multicap 50:25:25 TRI,2877,3.46,2021-11-12,14.0,21.0,2.0,,2.26,14.64,,12.24,2.0,-1.0,0.5546,-1.9409,0.9887,17.4783
Bank of India Multi Cap Fund,Multi Cap,Bank Of India Mutual Fund,43593,https://www.etmoney.com/mutual-funds/bank-of-india-multi-cap-fund/portfolio-details/43593,ACTIVE,Nifty 500 Multicap 50:25:25 TRI,1074,2.24,2023-02-10,3.0,1.0,4.0,,10.39,19.9,,21.2,4.0,0.0,0.8926,3.6771,0.9408,16.5229
Baroda BNP Paribas Multi Cap Fund,Multi Cap,Baroda BNP Paribas Mutual Fund,1657,https://www.etmoney.com/mutual-funds/baroda-bnp-paribas-multi-cap-fund/portfolio-details/1657,ACTIVE,Nifty 500 Multicap 50:25:25 TRI,3219,1.96,2003-08-14,11.0,19.0,3.0,,2.93,16.41,16.17,15.92,3.0,-1.0,0.7216,0.986,0.8935,15.9353
Canara Robeco Multi Cap Fund,Multi Cap,Canara Robeco Mutual Fund,43976,https://www.etmoney.com/mutual-funds/canara-robeco-multi-cap-fund/portfolio-details/43976,ACTIVE,Nifty 500 Multicap 50:25:25 TRI,5229,1.93,2023-07-07,,22.0,2.0,,2.19,,,12.83,0.0,-1.0,0.0,0.0,0.0,0.0
DSP Multicap Fund,Multi Cap,DSP Mutual Fund,44362,https://www.etmoney.com/mutual-funds/dsp-multicap-fund/portfolio-details/44362,ACTIVE,Nifty 500 Multicap 50:25:25 TRI,2731,2.42,2024-01-08,,20.0,2.0,,2.42,,,6.92,0.0,-1.0,0.5546,-1.9409,0.9887,17.4783
Edelweiss Multi Cap Fund,Multi Cap,Edelweiss Mutual Fund,44161,https://www.etmoney.com/mutual-funds/edelweiss-multi-cap-fund/portfolio-details/44161,ACTIVE,Nifty 500 Multicap 50:25:25 TRI,3200,2.01,2023-10-04,,13.0,3.0,,3.86,,,16.31,0.0,-1.0,0.5546,-1.9409,0.9887,17.4783
Franklin India Multi Cap Fund,Multi Cap,Franklin Templeton Mutual Fund,44768,https://www.etmoney.com/mutual-funds/franklin-india-multi-cap-fund/portfolio-details/44768,ACTIVE,Nifty 500 Multicap 50:25:25 TRI,4826,3.0,2024-07-08,,17.0,3.0,,3.24,,,0.27,0.0,-1.0,0.5546,-1.9409,0.9887,17.4783
HDFC Multi Cap Fund,Multi Cap,HDFC Mutual Fund,42327,https://www.etmoney.com/mutual-funds/hdfc-multi-cap-fund/portfolio-details/42327,ACTIVE,Nifty 500 Multicap 50:25:25 TRI,19558,1.94,2021-11-23,12.0,25.0,3.0,,-0.81,15.75,,14.02,3.0,-1.0,0.5546,-1.9409,0.9887,17.4783
HSBC Multi Cap Fund,Multi Cap,HSBC Mutual Fund,43461,https://www.etmoney.com/mutual-funds/hsbc-multi-cap-fund/portfolio-details/43461,ACTIVE,Nifty 500 Multicap 50:25:25 TRI,5500,2.22,2023-01-10,2.0,8.0,4.0,,6.07,20.77,,20.92,5.0,-1.0,0.8972,4.0695,1.0043,17.7073
ICICI Prudential Multicap Fund,Multi Cap,ICICI Prudential Mutual Fund,31865,https://www.etmoney.com/mutual-funds/icici-prudential-multicap-fund/portfolio-details/31865,ACTIVE,Nifty 500 Multicap 50:25:25 TRI,16997,1.67,1994-08-24,6.0,7.0,4.0,,6.51,18.94,17.41,14.92,3.0,2.0,0.8698,3.3256,0.9058,16.0773
ITI Multi Cap Fund,Multi Cap,ITI Mutual Fund,40307,https://www.etmoney.com/mutual-funds/iti-multi-cap-fund/portfolio-details/40307,ACTIVE,Nifty 500 Multicap 50:25:25 TRI,1365,2.44,2019-04-25,7.0,3.0,3.0,,7.77,18.59,12.52,13.24,4.0,5.0,0.7621,1.6291,1.0008,17.5908
Invesco India Multicap Fund,Multi Cap,Invesco Mutual Fund,6465,https://www.etmoney.com/mutual-funds/invesco-india-multicap-fund/portfolio-details/6465,ACTIVE,Nifty 500 Multicap 50:25:25 TRI,3995,1.9,2008-01-07,17.0,27.0,2.0,,-4.27,14.29,13.66,14.98,2.0,-1.0,0.5546,-1.9409,0.9887,17.4783
Kotak Multicap Fund,Multi Cap,Kotak Mahindra Mutual Fund,42173,https://www.etmoney.com/mutual-funds/kotak-multicap-fund/portfolio-details/42173,ACTIVE,Nifty 500 Multicap 50:25:25 TRI,25769,1.64,2021-09-08,1.0,6.0,5.0,,6.81,20.85,,15.13,5.0,0.0,0.9183,4.4349,1.0167,17.8577
LIC MF Multi Cap Fund,Multi Cap,LIC Mutual Fund,43071,https://www.etmoney.com/mutual-funds/lic-mf-multi-cap-fund/portfolio-details/43071,ACTIVE,Nifty 500 Multicap 50:25:25 TRI,1849,3.13,2022-10-06,9.0,10.0,3.0,,5.34,18.05,,15.91,3.0,-1.0,0.5546,-1.9409,0.9887,17.4783
Mahindra Manulife Multi Cap Fund,Multi Cap,Mahindra Manulife Mutual Fund,34477,https://www.etmoney.com/mutual-funds/mahindra-manulife-multi-cap-fund/portfolio-details/34477,ACTIVE,Nifty 500 Multicap 50:25:25 TRI,6439,2.91,2017-04-20,5.0,4.0,4.0,,7.49,19.32,17.31,15.27,4.0,3.0,0.8406,2.9309,0.9542,16.8434
Mirae Asset Multicap Fund,Multi Cap,Mirae Asset Mutual Fund,43983,https://www.etmoney.com/mutual-funds/mirae-asset-multicap-fund/portfolio-details/43983,ACTIVE,Nifty 500 Multicap 50:25:25 TRI,4954,2.06,2023-07-28,,18.0,3.0,,3.02,,,12.44,0.0,-1.0,0.0,0.0,0.0,0.0
Motilal Oswal Multi Cap Fund,Multi Cap,Motilal Oswal Mutual Fund,44697,https://www.etmoney.com/mutual-funds/motilal-oswal-multi-cap-fund/portfolio-details/44697,ACTIVE,Nifty 500 Multicap 50:25:25 TRI,3994,3.24,2024-05-28,,28.0,1.0,,-5.75,,,10.01,0.0,-1.0,0.0,0.0,0.0,0.0
Nippon India Multi Cap Fund,Multi Cap,Nippon India Mutual Fund,2455,https://www.etmoney.com/mutual-funds/nippon-india-multi-cap-fund/portfolio-details/2455,ACTIVE,Nifty 500 Multicap 50:25:25 TRI,52634,1.62,2005-02-14,8.0,16.0,3.0,,3.56,18.42,20.66,17.33,3.0,1.0,0.8747,3.4463,0.8965,15.9992
PGIM India Multi Cap Fund,Multi Cap,PGIM India Mutual Fund,44863,https://www.etmoney.com/mutual-funds/pgim-india-multi-cap-fund/portfolio-details/44863,ACTIVE,Nifty 500 Multicap 50:25:25 TRI,418,2.47,2024-08-22,,11.0,3.0,,4.52,,,-2.22,0.0,-1.0,0.5546,-1.9409,0.9887,17.4783
Quant Multi Cap Fund,Multi Cap,Quant Mutual Fund,32605,https://www.etmoney.com/mutual-funds/quant-multi-cap-fund/portfolio-details/32605,ACTIVE,Nifty 500 Multicap 50:25:25 TRI,6574,1.87,2001-02-19,19.0,23.0,1.0,,1.82,11.96,12.49,17.79,1.0,-1.0,0.3865,-4.8274,1.0139,18.379
SBI Multicap Fund,Multi Cap,SBI Mutual Fund,42561,https://www.etmoney.com/mutual-funds/sbi-multicap-fund/portfolio-details/42561,ACTIVE,Nifty 500 Multicap 50:25:25 TRI,23119,1.62,2022-02-14,15.0,26.0,2.0,,-1.19,14.57,,11.85,2.0,-1.0,0.5546,-1.9409,0.9887,17.4783
Samco Multi Cap Fund,Multi Cap,Samco Mutual Fund,44886,https://www.etmoney.com/mutual-funds/samco-multi-cap-fund/portfolio-details/44886,ACTIVE,Nifty 500 Multicap 50:25:25 TRI,234,3.0,2024-10-10,,29.0,1.0,,-9.0,,,-11.99,0.0,-1.0,0.5546,-1.9409,0.9887,17.4783
Sundaram Multi Cap Fund,Multi Cap,Sundaram Mutual Fund,32529,https://www.etmoney.com/mutual-funds/sundaram-multi-cap-fund/portfolio-details/32529,ACTIVE,Nifty 500 Multicap 50:25:25 TRI,2525,2.82,2000-10-03,16.0,24.0,2.0,,0.62,14.43,14.07,14.84,2.0,-1.0,0.6388,-0.5454,0.913,15.965
Tata Multicap Fund,Multi Cap,Tata Mutual Fund,43469,https://www.etmoney.com/mutual-funds/tata-multicap-fund/portfolio-details/43469,ACTIVE,Nifty 500 Multicap 50:25:25 TRI,3216,2.03,2023-01-16,18.0,2.0,1.0,,7.79,12.13,,12.06,1.0,0.0,0.4652,-3.2721,0.9055,15.872
UTI Multi Cap Fund,Multi Cap,UTI Mutual Fund,45491,https://www.etmoney.com/mutual-funds/uti-multi-cap-fund/portfolio-details/45491,ACTIVE,Nifty 500 Multicap 50:25:25 TRI,1931,2.1,2025-04-29,,,,0.6,0.43,,,-0.45,0.0,-1.0,0.0,0.0,0.0,0.0
Union Multicap Fund,Multi Cap,Union Mutual Fund,43221,https://www.etmoney.com/mutual-funds/union-multicap-fund/portfolio-details/43221,ACTIVE,Nifty 500 Multicap 50:25:25 TRI,1329,2.75,2022-11-28,10.0,5.0,3.0,,7.37,16.62,,15.93,3.0,0.0,0.7394,1.1251,0.8982,15.815
WhiteOak Capital Multi Cap Fund,Multi Cap,Whiteoak Capital Mutual Fund,44143,https://www.etmoney.com/mutual-funds/whiteoak-capital-multi-cap-fund/portfolio-details/44143,ACTIVE,Nifty 500 Multicap 50:25:25 TRI,3421,2.29,2023-08-31,,9.0,4.0,,5.7,,,16.22,0.0,-1.0,0.5546,-1.9409,0.9887,17.4783
Aditya Birla Sun Life Banking & Financial Services Fund,Sectoral Banking,Aditya Birla Sun Life Mutual Fund,22046,https://www.etmoney.com/mutual-funds/aditya-birla-sun-life-banking-and-financial-services-fund/portfolio-details/22046,ACTIVE,NIFTY Financial Services TRI,3541,1.92,2013-11-25,,,,15.58,0.34,12.22,11.26,,2.0,-1.0,,,,
Bajaj Finserv Banking And Financial Services Fund,Sectoral Banking,Bajaj Finserv Mutual Fund,45891,https://www.etmoney.com/mutual-funds/bajaj-finserv-banking-and-financial-services-fund/portfolio-details/45891,ACTIVE,NIFTY Financial Services TRI,415,3.78,2025-11-10,,,,-5.99,,,,,,,0.0,0.0,0.0,0.0
Bandhan Financial Services Fund,Sectoral Banking,Bandhan Mutual Fund,43972,https://www.etmoney.com/mutual-funds/bandhan-financial-services-fund/portfolio-details/43972,ACTIVE,NIFTY Financial Services TRI,1060,2.4,2023-07-10,,,,12.97,-2.24,,,,0.0,-1.0,,,,
Bank of India Banking & Financial Services Fund,Sectoral Banking,Bank Of India Mutual Fund,46069,https://www.etmoney.com/mutual-funds/bank-of-india-banking-and-financial-services-fund/portfolio-details/46069,ACTIVE,NIFTY Financial Services TRI,275,2.47,2026-01-08,,,,,,,,,,,,,,
Baroda BNP Paribas Banking and Financial Services Fund,Sectoral Banking,Baroda BNP Paribas Mutual Fund,14514,https://www.etmoney.com/mutual-funds/baroda-bnp-paribas-banking-and-financial-services-fund/portfolio-details/14514,ACTIVE,NIFTY Financial Services TRI,389,2.47,2012-06-01,,,,11.67,-1.3,13.18,10.97,,4.0,-1.0,0.5547,5.0782,0.9265,15.8358
DSP Banking & Financial Services Fund,Sectoral Banking,DSP Mutual Fund,44270,https://www.etmoney.com/mutual-funds/dsp-banking-and-financial-services-fund/portfolio-details/44270,ACTIVE,NIFTY Financial Services TRI,1828,3.32,2023-11-20,,,,14.38,7.07,,,,0.0,0.0,0.0,0.0,0.0,0.0
HDFC Banking & Financial Services Fund,Sectoral Banking,HDFC Mutual Fund,41999,https://www.etmoney.com/mutual-funds/hdfc-banking-and-financial-services-fund/portfolio-details/41999,ACTIVE,NIFTY Financial Services TRI,4370,2.39,2021-06-11,,,,11.55,1.81,12.68,,,3.0,-1.0,,,,
HSBC Financial Services Fund,Sectoral Banking,HSBC Mutual Fund,45279,https://www.etmoney.com/mutual-funds/hsbc-financial-services-fund/portfolio-details/45279,ACTIVE,BSE Financial Services TRI,866,2.74,2025-02-06,,,,15.95,7.16,,,,0.0,0.0,0.0,0.0,0.0,0.0
Helios Financial Services Fund,Sectoral Banking,Helios Mutual Fund,44732,https://www.etmoney.com/mutual-funds/helios-financial-services-fund/portfolio-details/44732,ACTIVE,NIFTY Financial Services TRI,191,2.43,2024-05-31,,,,4.44,0.18,,,,0.0,-1.0,0.0,0.0,0.0,0.0
ICICI Prudential Banking and Financial Services Fund,Sectoral Banking,ICICI Prudential Mutual Fund,8044,https://www.etmoney.com/mutual-funds/icici-prudential-banking-and-financial-services-fund/portfolio-details/8044,ACTIVE,NIFTY Financial Services TRI,10589,2.16,2008-07-09,,,,15.33,-3.97,10.49,10.05,,2.0,-1.0,0.4578,3.2819,0.8456,14.5581
ITI Banking and Financial Services Fund,Sectoral Banking,ITI Mutual Fund,42297,https://www.etmoney.com/mutual-funds/iti-banking-and-financial-services-fund/portfolio-details/42297,ACTIVE,NIFTY Financial Services TRI,362,2.41,2021-11-15,,,,9.04,2.77,11.18,,,3.0,0.0,0.4376,3.2674,0.9364,16.0262
Invesco India Financial Services Fund,Sectoral Banking,Invesco Mutual Fund,7599,https://www.etmoney.com/mutual-funds/invesco-india-financial-services-fund/portfolio-details/7599,ACTIVE,NIFTY Financial Services TRI,1673,2.07,2008-05-19,,,,16.29,6.06,18.12,14.43,,4.0,4.0,0.8386,9.5227,0.8401,15.3634
Kotak Banking & Financial Services Fund,Sectoral Banking,Kotak Mahindra Mutual Fund,43559,https://www.etmoney.com/mutual-funds/kotak-banking-and-financial-services-fund/portfolio-details/43559,ACTIVE,NIFTY Financial Services TRI,1447,2.13,2023-02-06,,,,13.94,1.11,11.89,,,4.0,-1.0,,,,
LIC MF Banking & Financial Services Fund,Sectoral Banking,LIC Mutual Fund,29210,https://www.etmoney.com/mutual-funds/lic-mf-banking-and-financial-services-fund/portfolio-details/29210,ACTIVE,NIFTY Financial Services TRI,262,2.41,2015-03-09,,,,6.61,0.0,7.95,9.52,,1.0,-1.0,,,,
Mirae Asset Banking and Financial Services Fund,Sectoral Banking,Mirae Asset Mutual Fund,41656,https://www.etmoney.com/mutual-funds/mirae-asset-banking-and-financial-services-fund/portfolio-details/41656,ACTIVE,NIFTY Financial Services TRI,2174,2.05,2020-11-25,,,,13.97,1.81,13.45,12.2,,4.0,-1.0,0.5978,5.748,0.9153,15.7408
Nippon India Banking & Financial Services Fund,Sectoral Banking,Nippon India Mutual Fund,1546,https://www.etmoney.com/mutual-funds/nippon-india-banking-and-financial-services-fund/portfolio-details/1546,ACTIVE,NIFTY Financial Services TRI,7470,1.97,2003-05-08,,,,19.6,0.23,13.69,14.18,,3.0,-1.0,0.6303,6.1629,0.9001,15.4919
Quant BFSI Fund,Sectoral Banking,Quant Mutual Fund,43960,https://www.etmoney.com/mutual-funds/quant-bfsi-fund/portfolio-details/43960,ACTIVE,NIFTY Financial Services TRI,753,2.51,2023-06-01,,,,24.6,19.05,,,,0.0,0.0,0.0,0.0,0.0,0.0
SBI Banking & Financial Services Fund,Sectoral Banking,SBI Mutual Fund,28968,https://www.etmoney.com/mutual-funds/sbi-banking-and-financial-services-fund/portfolio-details/28968,ACTIVE,NIFTY Financial Services TRI,10375,2.02,2015-02-11,,,,13.46,3.45,16.41,12.51,,5.0,2.0,0.7862,8.0784,0.843,14.5655
Sundaram Financial Services Opportunities Fund,Sectoral Banking,Sundaram Mutual Fund,7386,https://www.etmoney.com/mutual-funds/sundaram-financial-services-opportunities-fund/portfolio-details/7386,ACTIVE,NIFTY Financial Services TRI,1613,2.08,2008-04-17,,,,13.84,-0.13,14.01,13.21,,3.0,-1.0,0.6057,6.2841,0.9582,16.7048
Tata Banking and Financial Services Fund,Sectoral Banking,Tata Mutual Fund,30853,https://www.etmoney.com/mutual-funds/tata-banking-and-financial-services-fund/portfolio-details/30853,ACTIVE,NIFTY Financial Services TRI,3043,2.67,2015-12-04,,,,14.76,0.15,13.05,11.58,,3.0,-1.0,0.5453,5.018,0.9139,15.9077
UTI Banking and Financial Services Fund,Sectoral Banking,UTI Mutual Fund,1963,https://www.etmoney.com/mutual-funds/uti-banking-and-financial-services-fund/portfolio-details/1963,ACTIVE,NIFTY Financial Services TRI,1350,4.4,2005-08-01,,,,12.69,-0.38,12.41,11.23,,2.0,-1.0,,,,
WhiteOak Capital Banking & Financial Services Fund,Sectoral Banking,Whiteoak Capital Mutual Fund,44409,https://www.etmoney.com/mutual-funds/whiteoak-capital-banking-and-financial-services-fund/portfolio-details/44409,ACTIVE,NIFTY Financial Services TRI,592,2.51,2024-01-16,,,,9.39,1.54,,,,0.0,-1.0,0.0,0.0,0.0,0.0
Aditya Birla Sun Life Digital India Fund,Sectoral Technology,Aditya Birla Sun Life Mutual Fund,32410,https://www.etmoney.com/mutual-funds/aditya-birla-sun-life-digital-india-fund/portfolio-details/32410,ACTIVE,BSE Teck TRI,3799,3.11,1999-12-15,,,,10.69,-12.8,6.34,7.51,,1.0,-1.0,0.1762,3.7223,0.867,19.6773
Edelweiss Technology Fund,Sectoral Technology,Edelweiss Mutual Fund,44485,https://www.etmoney.com/mutual-funds/edelweiss-technology-fund/portfolio-details/44485,ACTIVE,BSE Teck TRI,691,2.35,2024-02-14,,,,7.28,5.63,,,,0.0,-1.0,0.0,0.0,0.0,0.0
Franklin India Technology Fund,Sectoral Technology,Franklin Templeton Mutual Fund,32245,https://www.etmoney.com/mutual-funds/franklin-india-technology-fund/portfolio-details/32245,ACTIVE,BSE Teck TRI,1648,2.12,1998-08-10,,,,17.75,-9.09,13.82,10.37,,4.0,-1.0,0.5541,10.4999,0.7544,18.5469
HDFC Technology Fund,Sectoral Technology,HDFC Mutual Fund,44139,https://www.etmoney.com/mutual-funds/hdfc-technology-fund/portfolio-details/44139,ACTIVE,BSE Teck TRI,1328,2.16,2023-08-25,,,,3.54,-18.36,,,,0.0,-1.0,0.0,0.0,0.0,0.0
ICICI Prudential Technology Fund,Sectoral Technology,ICICI Prudential Mutual Fund,32420,https://www.etmoney.com/mutual-funds/icici-prudential-technology-fund/portfolio-details/32420,ACTIVE,BSE Teck TRI,13068,2.1,2000-01-07,,,,11.07,-13.02,8.48,8.47,,3.0,-1.0,0.2719,5.4345,0.8425,19.0714
Invesco India Technology Fund,Sectoral Technology,Invesco Mutual Fund,44901,https://www.etmoney.com/mutual-funds/invesco-india-technology-fund/portfolio-details/44901,ACTIVE,NIFTY IT TRI,291,2.4,2024-09-03,,,,-5.05,0.44,,,,0.0,0.0,0.0,0.0,0.0,0.0
Kotak Technology Fund,Sectoral Technology,Kotak Mahindra Mutual Fund,44527,https://www.etmoney.com/mutual-funds/kotak-technology-fund/portfolio-details/44527,ACTIVE,BSE Teck TRI,526,2.44,2024-02-12,,,,-1.34,-13.73,,,,0.0,-1.0,0.0,0.0,0.0,0.0
Motilal Oswal Digital India Fund,Sectoral Technology,Motilal Oswal Mutual Fund,44999,https://www.etmoney.com/mutual-funds/motilal-oswal-digital-india-fund/portfolio-details/44999,ACTIVE,BSE Teck TRI,754,2.72,2024-10-11,,,,-9.1,-11.83,,,,0.0,0.0,0.0,0.0,0.0,0.0
Quant Teck Fund,Sectoral Technology,Quant Mutual Fund,44145,https://www.etmoney.com/mutual-funds/quant-teck-fund/portfolio-details/44145,ACTIVE,NIFTY IT TRI,235,3.08,2023-08-22,,,,1.4,-16.9,,,,0.0,-1.0,0.0,0.0,0.0,0.0
SBI Technology Opportunities Fund,Sectoral Technology,SBI Mutual Fund,17056,https://www.etmoney.com/mutual-funds/sbi-technology-opportunities-fund/portfolio-details/17056,ACTIVE,BSE Teck TRI,4240,1.89,2013-01-01,,,,17.03,-10.63,9.82,10.74,,2.0,-1.0,,,,
Tata Digital India Fund,Sectoral Technology,Tata Mutual Fund,30865,https://www.etmoney.com/mutual-funds/tata-digital-india-fund/portfolio-details/30865,ACTIVE,NIFTY IT TRI,9697,1.79,2015-12-04,,,,13.98,-16.85,6.65,7.75,,4.0,-1.0,0.2077,4.4308,0.8913,20.0711
WhiteOak Capital Digital Bharat Fund,Sectoral Technology,Whiteoak Capital Mutual Fund,44935,https://www.etmoney.com/mutual-funds/whiteoak-capital-digital-bharat-fund/portfolio-details/44935,ACTIVE,BSE Teck TRI,405,2.63,2024-09-20,,,,-6.08,-7.5,,,,0.0,0.0,0.0,0.0,0.0,0.0
Aditya Birla Sun Life Small Cap Fund,Small Cap,Aditya Birla Sun Life Mutual Fund,4813,https://www.etmoney.com/mutual-funds/aditya-birla-sun-life-small-cap-fund/portfolio-details/4813,ACTIVE,BSE 250 SmallCap TRI,5253,1.85,2007-04-09,13.0,7.0,3.0,,10.67,17.46,14.73,12.2,3.0,-1.0,0.6794,0.4913,0.9007,20.5802
Axis Small Cap Fund,Small Cap,Axis Mutual Fund,21857,https://www.etmoney.com/mutual-funds/axis-small-cap-fund/portfolio-details/21857,ACTIVE,NIFTY Smallcap 250 TRI,27364,1.74,2013-11-11,16.0,19.0,3.0,,6.35,16.94,17.76,20.88,3.0,8.0,0.705,0.8498,0.7463,17.062
Bajaj Finserv Small Cap Fund,Small Cap,Bajaj Finserv Mutual Fund,45619,https://www.etmoney.com/mutual-funds/bajaj-finserv-small-cap-fund/portfolio-details/45619,ACTIVE,BSE 250 SmallCap TRI,1903,3.08,2025-06-27,,,,-1.16,,,,-1.41,,,0.0,0.0,0.0,0.0
Bandhan Small Cap Fund,Small Cap,Bandhan Mutual Fund,41035,https://www.etmoney.com/mutual-funds/bandhan-small-cap-fund/portfolio-details/41035,ACTIVE,BSE 250 SmallCap TRI,25346,2.0,2020-02-03,1.0,6.0,5.0,,10.9,29.1,22.53,28.45,5.0,2.0,1.1024,9.2915,0.9204,20.9341
Bank of India Small Cap Fund,Small Cap,Bank Of India Mutual Fund,38760,https://www.etmoney.com/mutual-funds/bank-of-india-small-cap-fund/portfolio-details/38760,ACTIVE,NIFTY Smallcap 250 TRI,2168,2.65,2018-11-28,5.0,3.0,4.0,,12.44,21.07,19.91,24.06,4.0,11.0,0.7436,2.1902,0.9387,21.8536
Baroda BNP Paribas Small Cap Fund,Small Cap,Baroda BNP Paribas Mutual Fund,44174,https://www.etmoney.com/mutual-funds/baroda-bnp-paribas-small-cap-fund/portfolio-details/44174,ACTIVE,NIFTY Smallcap 250 TRI,1204,2.2,2023-10-06,,14.0,3.0,,8.21,,,11.78,0.0,0.0,0.0,0.0,0.0,0.0
Canara Robeco Small Cap Fund,Small Cap,Canara Robeco Mutual Fund,39294,https://www.etmoney.com/mutual-funds/canara-robeco-small-cap-fund/portfolio-details/39294,ACTIVE,NIFTY Smallcap 250 TRI,13276,1.78,2019-01-25,20.0,23.0,2.0,,5.23,15.1,17.89,20.37,2.0,-1.0,0.7217,1.176,0.8107,18.4547
DSP Small Cap Fund,Small Cap,DSP Mutual Fund,4876,https://www.etmoney.com/mutual-funds/dsp-small-cap-fund/portfolio-details/4876,ACTIVE,BSE 250 SmallCap TRI,17906,1.67,2007-05-04,8.0,2.0,3.0,,13.41,19.64,18.83,17.19,4.0,15.0,0.714,1.5481,0.9273,21.6212
Edelweiss Small Cap Fund,Small Cap,Edelweiss Mutual Fund,39328,https://www.etmoney.com/mutual-funds/edelweiss-small-cap-fund/portfolio-details/39328,ACTIVE,NIFTY Smallcap 250 TRI,5952,2.13,2019-01-18,11.0,16.0,3.0,,7.1,18.12,18.77,22.76,3.0,-1.0,0.7217,1.176,0.8107,18.4547
Franklin India Small Cap Fund,Small Cap,Franklin Templeton Mutual Fund,2829,https://www.etmoney.com/mutual-funds/franklin-india-small-cap-fund/portfolio-details/2829,ACTIVE,NIFTY Smallcap 250 TRI,13850,1.77,2005-11-16,14.0,27.0,3.0,,2.73,17.45,19.41,14.84,3.0,-1.0,0.0,0.0,0.0,0.0
HDFC Small Cap Fund,Small Cap,HDFC Mutual Fund,6558,https://www.etmoney.com/mutual-funds/hdfc-small-cap-fund/portfolio-details/6558,ACTIVE,BSE 250 SmallCap TRI,38168,1.64,2008-02-11,19.0,24.0,2.0,,4.03,15.32,18.5,15.27,2.0,-1.0,0.6024,-0.8692,0.7924,18.2601
HSBC Small Cap Fund,Small Cap,HSBC Mutual Fund,25651,https://www.etmoney.com/mutual-funds/hsbc-small-cap-fund/portfolio-details/25651,ACTIVE,NIFTY Smallcap 250 TRI,16394,1.76,2014-04-22,17.0,22.0,2.0,,6.17,16.54,19.61,18.97,2.0,-1.0,0.5623,-2.1006,0.9633,21.9249
Helios Small Cap Fund,Small Cap,Helios Mutual Fund,45887,https://www.etmoney.com/mutual-funds/helios-small-cap-fund/portfolio-details/45887,ACTIVE,NIFTY Smallcap 250 TRI,932,2.23,2025-11-06,,,,0.1,,,,-1.39,,,0.0,0.0,0.0,0.0
ICICI Prudential Smallcap Fund,Small Cap,ICICI Prudential Mutual Fund,5453,https://www.etmoney.com/mutual-funds/icici-prudential-smallcap-fund/portfolio-details/5453,ACTIVE,NIFTY Smallcap 250 TRI,8741,1.81,2007-08-23,22.0,25.0,1.0,,3.86,14.17,17.33,12.22,2.0,14.0,0.0,0.0,0.0,0.0
ITI Small Cap Fund,Small Cap,ITI Mutual Fund,40997,https://www.etmoney.com/mutual-funds/iti-small-cap-fund/portfolio-details/40997,ACTIVE,NIFTY Smallcap 250 TRI,2937,1.95,2020-01-27,2.0,8.0,5.0,,10.4,24.95,17.08,18.87,5.0,9.0,0.9406,5.7708,0.8616,19.8559
Invesco India Smallcap Fund,Small Cap,Invesco Mutual Fund,38320,https://www.etmoney.com/mutual-funds/invesco-india-smallcap-fund/portfolio-details/38320,ACTIVE,BSE 250 SmallCap TRI,11038,1.93,2018-10-10,3.0,13.0,4.0,,8.79,23.08,21.63,20.88,4.0,3.0,0.9076,5.2286,0.8398,19.6209
JM Small Cap Fund,Small Cap,JM Financial Mutual Fund,44672,https://www.etmoney.com/mutual-funds/jm-small-cap-fund/portfolio-details/44672,ACTIVE,NIFTY Smallcap 250 TRI,677,2.51,2024-05-27,,20.0,2.0,,6.28,,,0.44,0.0,-1.0,0.0,0.0,0.0,0.0
Kotak Small Cap Fund,Small Cap,Kotak Mahindra Mutual Fund,2412,https://www.etmoney.com/mutual-funds/kotak-small-cap-fund/portfolio-details/2412,ACTIVE,NIFTY Smallcap 250 TRI,17416,1.67,2004-12-30,21.0,26.0,2.0,,3.22,14.31,15.19,16.33,2.0,-1.0,0.0,0.0,0.0,0.0
LIC MF Small Cap Fund,Small Cap,LIC Mutual Fund,34761,https://www.etmoney.com/mutual-funds/lic-mf-small-cap-fund/portfolio-details/34761,ACTIVE,NIFTY Smallcap 250 TRI,660,2.81,2017-06-01,12.0,12.0,3.0,,9.3,18.05,18.74,13.6,3.0,-1.0,0.6356,-0.147,0.9294,21.6714
Mahindra Manulife Small Cap Fund,Small Cap,Mahindra Manulife Mutual Fund,43241,https://www.etmoney.com/mutual-funds/mahindra-manulife-small-cap-fund/portfolio-details/43241,ACTIVE,BSE 250 SmallCap TRI,4462,2.96,2022-11-21,4.0,11.0,4.0,,9.36,22.87,,21.84,4.0,-1.0,0.8872,4.6332,0.8808,20.094
Mirae Asset Small Cap Fund,Small Cap,Mirae Asset Mutual Fund,45181,https://www.etmoney.com/mutual-funds/mirae-asset-small-cap-fund/portfolio-details/45181,ACTIVE,NIFTY Smallcap 250 TRI,4123,2.58,2025-01-10,,9.0,4.0,,10.3,,,10.52,0.0,-1.0,0.0,0.0,0.0,0.0
Motilal Oswal Small Cap Fund,Small Cap,Motilal Oswal Mutual Fund,44310,https://www.etmoney.com/mutual-funds/motilal-oswal-small-cap-fund/portfolio-details/44310,ACTIVE,NIFTY Smallcap 250 TRI,6206,2.13,2023-12-05,,4.0,4.0,,11.37,,,16.4,0.0,0.0,0.0,0.0,0.0,0.0
Nippon India Small Cap Fund,Small Cap,Nippon India Mutual Fund,11077,https://www.etmoney.com/mutual-funds/nippon-india-small-cap-fund/portfolio-details/11077,ACTIVE,NIFTY Smallcap 250 TRI,72673,1.35,2010-08-26,7.0,15.0,4.0,,7.49,19.8,21.83,19.86,4.0,1.0,0.7739,2.2154,0.8733,19.7655
PGIM India Small Cap Fund,Small Cap,PGIM India Mutual Fund,42043,https://www.etmoney.com/mutual-funds/pgim-india-small-cap-fund/portfolio-details/42043,ACTIVE,NIFTY Smallcap 250 TRI,1539,2.61,2021-07-09,18.0,10.0,2.0,,9.65,15.52,,10.39,2.0,-1.0,0.0,0.0,0.0,0.0
Quant Small Cap Fund,Small Cap,Quant Mutual Fund,31845,https://www.etmoney.com/mutual-funds/quant-small-cap-fund/portfolio-details/31845,ACTIVE,NIFTY Smallcap 250 TRI,30374,2.02,1996-09-23,8.0,18.0,3.0,,6.46,19.64,20.16,12.51,3.0,5.0,0.7119,1.3399,0.8844,20.4895
Quantum Small Cap Fund,Small Cap,Quantum Mutual Fund,44194,https://www.etmoney.com/mutual-funds/quantum-small-cap-fund/portfolio-details/44194,ACTIVE,BSE 250 SmallCap TRI,209,2.45,2023-10-16,,21.0,2.0,,6.24,,,8.4,0.0,0.0,0.0,0.0,0.0,0.0
SBI Small Cap Fund,Small Cap,SBI Mutual Fund,10265,https://www.etmoney.com/mutual-funds/sbi-small-cap-fund/portfolio-details/10265,ACTIVE,BSE 250 SmallCap TRI,37141,1.64,2009-07-27,23.0,28.0,1.0,,1.69,12.44,14.51,18.29,1.0,-1.0,0.5024,-2.6744,0.7541,17.1617
Samco Small Cap Fund,Small Cap,Samco Mutual Fund,45869,https://www.etmoney.com/mutual-funds/samco-small-cap-fund/portfolio-details/45869,ACTIVE,NIFTY Smallcap 250 TRI,122,3.09,2025-11-14,,,,4.07,,,,3.26,,,0.0,0.0,0.0,0.0
Sundaram Small Cap Fund,Small Cap,Sundaram Mutual Fund,2414,https://www.etmoney.com/mutual-funds/sundaram-small-cap-fund/portfolio-details/2414,ACTIVE,NIFTY Smallcap 250 TRI,2983,1.91,2005-01-03,8.0,5.0,3.0,,11.24,19.64,19.18,16.94,3.0,21.0,0.7464,1.8433,0.8629,19.7878
Tata Small Cap Fund,Small Cap,Tata Mutual Fund,38468,https://www.etmoney.com/mutual-funds/tata-small-cap-fund/portfolio-details/38468,ACTIVE,NIFTY Smallcap 250 TRI,11330,1.77,2018-10-19,24.0,29.0,1.0,,-6.57,11.94,16.39,18.11,1.0,4.0,0.0,0.0,0.0,0.0
UTI Small Cap Fund,Small Cap,UTI Mutual Fund,41699,https://www.etmoney.com/mutual-funds/uti-small-cap-fund/portfolio-details/41699,ACTIVE,NIFTY Smallcap 250 TRI,4872,1.82,2020-12-02,15.0,17.0,3.0,,6.85,17.14,17.23,19.17,3.0,-1.0,0.6502,0.0048,0.8708,20.0672
Union Small Cap Fund,Small Cap,Union Mutual Fund,26378,https://www.etmoney.com/mutual-funds/union-small-cap-fund/portfolio-details/26378,ACTIVE,BSE 250 SmallCap TRI,1980,2.22,2014-05-20,6.0,1.0,4.0,,19.13,20.55,18.99,14.97,4.0,19.0,0.7667,2.6512,0.8441,19.9479
Aditya Birla Sun Life Nifty Smallcap 50 Index Fund,Small Cap Index,Aditya Birla Sun Life Mutual Fund,41855,https://www.etmoney.com/mutual-funds/aditya-birla-sun-life-nifty-smallcap-50-index-fund/portfolio-details/41855,ACTIVE,NIFTY Smallcap 50 TRI,312,1.02,2021-03-15,,,,15.18,4.52,24.19,13.65,,4.0,-1.0,0.8126,3.5599,1.0112,23.0215
Axis Nifty Smallcap 50 Index Fund,Small Cap Index,Axis Mutual Fund,42571,https://www.etmoney.com/mutual-funds/axis-nifty-smallcap-50-index-fund/portfolio-details/42571,ACTIVE,NIFTY Smallcap 50 TRI,615,1.05,2022-02-21,,,,15.44,4.47,24.02,,,5.0,-1.0,0.8108,3.5009,1.0045,22.8754
Bandhan Nifty Smallcap 250 Index Fund,Small Cap Index,Bandhan Mutual Fund,44322,https://www.etmoney.com/mutual-funds/bandhan-nifty-smallcap-250-index-fund/portfolio-details/44322,ACTIVE,NIFTY Smallcap 250 TRI,83,0.91,2023-12-12,,,,7.34,0.94,,,,0.0,-1.0,,,,
DSP Nifty Smallcap 250 Index Fund,Small Cap Index,DSP Mutual Fund,45982,https://www.etmoney.com/mutual-funds/dsp-nifty-smallcap-250-index-fund/portfolio-details/45982,ACTIVE,NIFTY Smallcap 250 TRI,10,1.33,2025-11-24,,,,1.31,,,,,,,,,,
DSP Nifty Smallcap250 Quality 50 Index Fund,Small Cap Index,DSP Mutual Fund,44306,https://www.etmoney.com/mutual-funds/dsp-nifty-smallcap250-quality-50-index-fund/portfolio-details/44306,ACTIVE,Nifty Smallcap250 Quality 50 TRI,311,1.09,2023-12-05,,,,2.98,-6.98,,,,0.0,-1.0,0.0,0.0,0.0,0.0
Edelweiss Nifty Smallcap 250 Index Fund,Small Cap Index,Edelweiss Mutual Fund,43250,https://www.etmoney.com/mutual-funds/edelweiss-nifty-smallcap-250-index-fund/portfolio-details/43250,ACTIVE,NIFTY Smallcap 250 TRI,228,0.94,2022-11-10,,,,16.1,1.19,19.16,,,3.0,-1.0,0.6894,0.4326,0.9977,22.3033
HDFC NIFTY Smallcap 250 Index Fund,Small Cap Index,HDFC Mutual Fund,43890,https://www.etmoney.com/mutual-funds/hdfc-nifty-smallcap-250-index-fund/portfolio-details/43890,ACTIVE,NIFTY Smallcap 250 TRI,644,0.78,2023-04-06,,,,20.72,1.08,18.94,,,2.0,-1.0,,,,
ICICI Prudential Nifty Smallcap 250 Index Fund,Small Cap Index,ICICI Prudential Mutual Fund,42252,https://www.etmoney.com/mutual-funds/icici-prudential-nifty-smallcap-250-index-fund/portfolio-details/42252,ACTIVE,NIFTY Smallcap 250 TRI,677,1.08,2021-10-14,,,,11.83,1.0,18.99,,,2.0,-1.0,,,,
Kotak Nifty Smallcap 250 Index Fund,Small Cap Index,Kotak Mahindra Mutual Fund,45221,https://www.etmoney.com/mutual-funds/kotak-nifty-smallcap-250-index-fund/portfolio-details/45221,ACTIVE,NIFTY Smallcap 250 TRI,54,1.05,2025-01-06,,,,4.9,1.14,,,,0.0,0.0,0.0,0.0,0.0,0.0
Kotak Nifty Smallcap 50 Index Fund,Small Cap Index,Kotak Mahindra Mutual Fund,43762,https://www.etmoney.com/mutual-funds/kotak-nifty-smallcap-50-index-fund/portfolio-details/43762,ACTIVE,NIFTY Smallcap 50 TRI,200,1.52,2023-03-16,,,,24.58,4.26,24.08,,,4.0,0.0,0.8075,3.4513,1.0105,23.0212
Motilal Oswal Nifty Microcap 250 Index Fund,Small Cap Index,Motilal Oswal Mutual Fund,43981,https://www.etmoney.com/mutual-funds/motilal-oswal-nifty-microcap-250-index-fund/portfolio-details/43981,ACTIVE,Nifty Microcap 250 TRI,2345,1.11,2023-06-15,,,,18.52,-1.33,,,,0.0,-1.0,0.0,0.0,0.0,0.0
Motilal Oswal Nifty Smallcap 250 Index Fund,Small Cap Index,Motilal Oswal Mutual Fund,40720,https://www.etmoney.com/mutual-funds/motilal-oswal-nifty-smallcap-250-index-fund/portfolio-details/40720,ACTIVE,NIFTY Smallcap 250 TRI,1117,1.13,2019-08-19,,,,20.52,0.95,19.13,15.66,,3.0,-1.0,0.6852,0.3416,1.0013,22.3878
Navi Nifty Smallcap250 Momentum Quality 100 Index Fund,Small Cap Index,Navi Mutual Fund,45369,https://www.etmoney.com/mutual-funds/navi-nifty-smallcap250-momentum-quality-100-index-fund/portfolio-details/45369,ACTIVE,Nifty Smallcap 250 Momentum Quality 100 TRI,31,1.06,2025-02-25,,,,10.8,-0.92,,,,0.0,-1.0,0.0,0.0,0.0,0.0
Nippon India Nifty 500 Equal Weight Index Fund,Small Cap Index,Nippon India Mutual Fund,44873,https://www.etmoney.com/mutual-funds/nippon-india-nifty-500-equal-weight-index-fund/portfolio-details/44873,ACTIVE,Nifty 500 Equal Weight TRI,435,0.99,2024-08-21,,,,-4.11,1.56,,,,0.0,0.0,0.0,0.0,0.0,0.0
Nippon India Nifty Smallcap 250 Index Fund,Small Cap Index,Nippon India Mutual Fund,41597,https://www.etmoney.com/mutual-funds/nippon-india-nifty-smallcap-250-index-fund/portfolio-details/41597,ACTIVE,NIFTY Smallcap 250 TRI,3032,1.13,2020-09-28,,,,22.96,1.0,18.76,15.47,,1.0,-1.0,0.6732,0.0693,0.9967,22.2799
SBI Nifty Smallcap 250 Index Fund,Small Cap Index,SBI Mutual Fund,43023,https://www.etmoney.com/mutual-funds/sbi-nifty-smallcap-250-index-fund/portfolio-details/43023,ACTIVE,NIFTY Smallcap 250 TRI,1549,0.84,2022-09-21,,,,17.18,1.12,19.11,,,3.0,-1.0,0.685,0.335,1.0006,22.3702
